field,raw,count,auto_matched,score,canonical,review,evidence
Decisão,NEGADA A REVISTA.,17272,0,0.44,Negar provimento,0,rule
Decisão,NEGADA A REVISTA,4925,0,0.44,Negar provimento,0,rule
Decisão,CONCEDIDA A REVISTA.,3219,0,0.47,Conceder provimento,0,rule
Decisão,PROVIDO.,2693,0,0.38,Conceder provimento,0,rule
Decisão,NEGADA,1948,0,0.29,Negar provimento,0,rule
Decisão,CONCEDIDA PARCIALMENTE A REVISTA.,1690,0,0.41,Conceder provimento parcialmente,0,rule
Decisão,CONCEDIDA A REVISTA,1602,0,0.47,Conceder provimento,0,rule
Decisão,PROVIDO PARCIAL.,1482,0,0.44,Conceder provimento parcialmente,0,rule
Decisão,DECIDIDO NÃO TOMAR CONHECIMENTO.,1026,0,0.35,Não conhecer,0,rule
Decisão,REJEITADO O RECURSO.,869,0,0.42,Rejeitar,0,rule
Decisão,PROVIDO PARCIALMENTE,617,0,0.59,Conceder provimento parcialmente,0,rule
Decisão,CONCEDIDA,593,0,0.37,Conceder provimento,0,rule
Decisão,INDEFERIDA A RECLAMAÇÃO,561,0,0.39,Indeferir,0,rule
Decisão,PROVIDO,558,0,0.38,Conceder provimento,0,rule
Decisão,CONCEDIDA PARCIALMENTE A REVISTA,520,0,0.41,Conceder provimento parcialmente,0,rule
Decisão,ORDENADA A BAIXA DO PROCESSO.,505,0,0.57,Ordenar baixa dos autos,0,rule
Decisão,INDEFERIMENTO.,497,0,0.62,Indeferir,0,rule
Decisão,PROVIDO EM PARTE,440,0,0.34,Conceder provimento parcialmente,0,rule
Decisão,CONCEDIDA PARCIALMENTE,415,0,0.63,Conceder provimento parcialmente,0,rule
Decisão,RECLAMAÇÃO INDEFERIDA,367,0,0.41,Indeferir,0,rule
Decisão,REJEITADO O RECURSO,339,0,0.42,Rejeitar,0,rule
Decisão,INDEFERIDA A RECLAMAÇÃO.,312,0,0.39,Deferir,0,rule
Decisão,INDEFERIDO,279,0,0.80,Indeferir,0,rule
Decisão,NEGADA REVISTA,260,0,0.50,Negar provimento,0,rule
Decisão,REJEITADO,258,0,0.78,Rejeitar,0,rule
Decisão,INDEFERIDA,256,0,0.80,Indeferir,0,rule
Decisão,DECLARAÇÃO DE COMPETÊNCIA.,250,0,0.76,Declarar competência,0,rule
Decisão,ANULADA A DECISÃO.,237,0,0.35,Anular,0,rule
Decisão,DECLARAÇÃO DE COMPETENCIA.,224,0,0.76,Declarar competência,0,rule
Decisão,DESATENDIDA A RECLAMAÇÃO.,212,0,0.38,Indeferir,0,rule
Decisão,MANDADA AMPLIAR A MATÉRIA DE FACTO.,207,0,0.29,Ordenar baixa dos autos,0,rule
Decisão,FINDO O RECURSO POR NÃO EXISTIR OPOSIÇÃO.,197,0,0.25,Rejeitar,0,rule
Decisão,REVISTA IMPROCEDENTE,174,0,0.41,Negar provimento,0,rule
Decisão,IMPROCEDÊNCIA / NÃO DECRETAMENTO,173,0,0.34,Negar provimento,0,rule
Decisão,CONCEDIDA EM PARTE,172,0,0.41,Conceder provimento parcialmente,0,rule
Decisão,REVISTA IMPROCEDENTE.,151,0,0.41,Negar provimento,0,rule
Decisão,ALTERADA A DECISÃO.,143,0,0.30,Conceder provimento parcialmente,0,rule
Decisão,UNIFORMIZADA JURISPRUDÊNCIA,138,0,0.67,Fixar jurisprudência,0,rule
Decisão,ANULADO O JULGAMENTO.,131,0,0.40,Anular,0,rule
Decisão,NEGADO PROVIMENTO. PROVIDO PARCIAL.,127,0,0.44,Conceder provimento parcialmente,1,rule:multi-part
Decisão,NEGADA A REVISÃO,123,0,0.44,Negar provimento,0,rule
Decisão,CONFIRMADA A DECISÃO.,117,0,0.40,Confirmar,0,rule
Decisão,IMPROCEDENTE,112,0,0.38,Negar provimento,0,rule
Decisão,TIRADO ASSENTO.,112,0,0.36,Fixar jurisprudência,0,rule
Decisão,Negada a Revista,111,0,0.44,Negar provimento,0,rule
Decisão,PROVIDO. ORDENADA A BAIXA DO PROCESSO.,101,0,0.43,Conceder provimento,1,rule:multi-part
Decisão,IMPROCEDÊNCIA / NÃO DECRETAMENTO.,99,0,0.34,Negar provimento,0,rule
Decisão,Negada a revista,98,0,0.44,Negar provimento,0,rule
Decisão,PROVIDO PARCIALMENTE.,97,0,0.59,Conceder provimento parcialmente,0,rule
Decisão,PROVIDO EM PARTE.,95,0,0.34,Conceder provimento parcialmente,0,rule
Decisão,NÃO SE CONHECE DO OBJECTO DO RECURSO.,94,0,0.33,Não conhecer,0,rule
Decisão,ORDENADO O PROSSEGUIMENTO DO PROCESSO.,90,0,0.35,Prosseguir os autos,0,rule
Decisão,CONCEDIDA EM PARTE A REVISTA,88,0,0.43,Conceder provimento parcialmente,0,rule
Decisão,REVOGADA A DECISÃO.,88,0,0.33,Revogar,0,rule
Decisão,NEGADAS AS REVISTAS,84,0,0.37,Negar provimento,0,rule
Decisão,ACLARAÇÃO INDEFERIDA,81,0,0.41,Indeferir,0,rule
Decisão,NEGADO PROVIMENTO. PROVIDO.,79,0,0.58,Conceder provimento parcialmente,1,rule:multi-part
Decisão,ANULADO O ACÓRDÃO RECORRIDO,77,0,0.33,Anular,0,rule
Decisão,NEGADA A REVISTA. CONCEDIDA A REVISTA.,76,0,0.27,Conceder provimento parcialmente,1,rule:multi-part
Decisão,NEGAR A REVISTA,74,0,0.56,Negar provimento,0,rule
Decisão,NEGADA A REVISTA. CONCEDIDA PARCIALMENTE A REVISTA.,68,0,0.34,Conceder provimento parcialmente,1,rule:multi-part
Decisão,CONCEDIDA PARCIALMENTE A REVISTA. NEGADA A REVISTA.,65,0,0.38,Conceder provimento parcialmente,1,rule:multi-part
Decisão,NÃO ADMITIDA A REVISTA EXCECIONAL.,65,0,0.33,Não admitir,0,rule
Decisão,NEGADO O RECURSO,64,0,0.44,Negar provimento,0,rule
Decisão,RECLAMAÇÃO INDEFERIDA.,63,0,0.41,Indeferir,0,rule
Decisão,ANULADA A DECISÃO. ORDENADA A BAIXA DO PROCESSO.,62,0,0.34,Anular,1,rule:multi-part
Decisão,IMPROCEDÊNCIA/NÃO DECRETAMENTO,62,0,0.37,Negar provimento,0,rule
Decisão,MANDADA AMPLIAR A MATERIA DE FACTO.,62,0,0.29,Ordenar baixa dos autos,0,rule
Decisão,NEGADO PROVIMENTO AO RECURSO,61,0,0.54,Negar provimento,0,rule
Decisão,NEGADO PROVIMENTO. ALTERADA A DECISÃO.,61,0,0.41,Negar provimento,1,rule:multi-part
Decisão,REVISTA PROCEDENTE,61,0,0.45,Conceder provimento,0,rule
Decisão,CONCEDIDA A REVISTA. NEGADA A REVISTA.,57,0,0.38,Conceder provimento parcialmente,1,rule:multi-part
Decisão,ADMITIDA A REVISTA EXCECIONAL,56,0,0.31,Admitir,0,rule
Decisão,DECIDIDO CONHECER DO RECURSO.,56,0,0.36,Sem informação,0,rule
Decisão,REVISTA PROCEDENTE.,55,0,0.45,Conceder provimento,0,rule
Decisão,CONCEDIDA A REVISTA. REVOGADA A DECISÃO.,54,0,0.33,Conceder provimento,1,rule:multi-part
Decisão,CONCEDIDA A REVISTA. ORDENADA A BAIXA DO PROCESSO.,51,0,0.33,Conceder provimento,1,rule:multi-part
Decisão,Indeferida a reclamação,51,0,0.39,Indeferir,0,rule
Decisão,NÃO ADMITIDA A REVISTA EXCECIONAL,50,0,0.33,Não admitir,0,rule
Decisão,NÃO AUTORIZADA A REVISÃO,49,0,0.29,Negar provimento,0,rule
Decisão,INDEFERIMENTO,48,0,0.62,Indeferir,0,rule
Decisão,PROVIDO PARCIAL. NEGADO PROVIMENTO.,47,0,0.44,Conceder provimento parcialmente,1,rule:multi-part
Decisão,ADMITIDA A REVISTA EXCECIONAL.,46,0,0.31,Admitir,0,rule
Decisão,JULGAMENTO ANULADO,45,0,0.46,Anular,0,rule
Decisão,DEFERIMENTO.,44,0,0.55,Deferir,0,rule
Decisão,CONCEDIDA REVISTA,43,0,0.53,Conceder provimento,0,rule
Decisão,IMPROCEDÊNCIA/ NÃO DECRETAMENTO.,43,0,0.35,Negar provimento,0,rule
Decisão,PROVIDO. REVOGADA A DECISÃO.,43,0,0.30,Conceder provimento,1,rule:multi-part
Decisão,DECLARAÇÃO DE INCOMPETÊNCIA,41,0,0.78,Declarar incompetência,0,rule
Decisão,JULGADO O RECURSO IMPROCEDENTE.,41,0,0.33,Negar provimento,0,rule
Decisão,AUTORIZADA A REVISÃO,40,0,0.27,Conceder provimento,0,rule
Decisão,EXTINÇÃO DO PROCESSO.,39,0,0.35,Julgar extinta a instância,0,rule
Decisão,NEGADO PROVIMENTO. NEGADA A REVISTA.,39,0,0.43,Negar provimento,1,rule:multi-part
Decisão,PROVIDO. NEGADO PROVIMENTO.,39,0,0.58,Conceder provimento parcialmente,1,rule:multi-part
Decisão,DEFERIDO,38,0,0.75,Deferir,0,rule
Decisão,NÃO AUTORIZADA A REVISÃO.,38,0,0.29,Negar provimento,0,rule
Decisão,Indeferida a Reclamação,37,0,0.39,Indeferir,0,rule
Decisão,NÃO CONHECIMENTO DO RECURSO,37,0,0.44,Não conhecer,0,rule
Decisão,DESERÇÃO.,36,0,0.50,Julgar extinta a instância,0,rule
Decisão,NEGADA A REVISTA. NEGADO PROVIMENTO.,36,0,0.46,Negar provimento,1,rule:multi-part
Decisão,INDEFERIDO.,35,0,0.80,Indeferir,0,rule
Decisão,NEGADO,35,0,0.31,Negar provimento,0,rule
Decisão,PROVIDO PARCIAL,35,0,0.44,Conceder provimento parcialmente,0,rule
Decisão,VERIFICADA A OPOSIÇÃO DE JULGADOS,35,0,0.30,Sem informação,0,rule
Decisão,INDEFERIR A RECLAMAÇÃO,34,0,0.41,Indeferir,0,rule
Decisão,AUTORIZADA A REVISÃO.,33,0,0.27,Conceder provimento,0,rule
Decisão,JULGADA EXTINTA A RESPONSABILIDADE CRIMINAL.,33,0,0.51,Julgar extinta a instância,0,rule
Decisão,ORDENADA A BAIXA DO PROCESSO. MANDADA AMPLIAR A MATÉRIA DE FACTO.,31,0,0.30,Ordenar baixa dos autos,1,rule:multi-part
Decisão,ALTERADO O EFEITO DO RECURSO.,30,0,0.29,Sem informação,0,rule
Decisão,ANULADA A DECISÃO,30,0,0.35,Anular,0,rule
Decisão,DEFERIDA A RECLAMAÇÃO,30,0,0.38,Deferir,0,rule
Decisão,JULGADO O RECURSO PARCIALMENTE PROCEDENTE.,30,0,0.37,Conceder provimento parcialmente,0,rule
Decisão,DESATENDIDA A QUESTÃO PRÉVIA.,28,0,0.43,Sem informação,0,rule
Decisão,NEGADA A REVISÃO.,28,0,0.44,Negar provimento,0,rule
Decisão,PROVIDO O RECURSO,28,0,0.29,Conceder provimento,0,rule
Decisão,UNIFORMIZAÇÃO DE JURISPRUDÊNCIA,28,0,0.58,Fixar jurisprudência,0,rule
Decisão,Concedida a revista,27,0,0.47,Conceder provimento,0,rule
Decisão,PARCIALMENTE PROVIDO,27,0,0.30,Conceder provimento parcialmente,0,rule
Decisão,ANULADO O ACÓRDÃO,26,0,0.35,Anular,0,rule
Decisão,NEGADO PROVIMENTO AO RECURSO.,26,0,0.54,Negar provimento,0,rule
Decisão,NÃO CONHECIMENTO DO OBJECTO DO RECURSO.,26,0,0.32,Não conhecer,0,rule
Decisão,INCOMPETÊNCIA.,25,0,0.59,Declarar incompetência,0,rule
Decisão,NEGADO PROVIMENTO À REVISTA,25,0,0.56,Negar provimento,0,rule
Decisão,ADMITIDA A REVISTA EXCEPCIONAL,24,0,0.30,Admitir,0,rule
Decisão,CONCEDIDA PARCIALMENTE.,24,0,0.63,Conceder provimento parcialmente,0,rule
Decisão,PROCEDÊNCIA / DECRETAMENTO TOTAL,24,0,0.34,Conceder provimento,0,rule
Decisão,ATENDIDA A QUESTÃO PRÉVIA.,23,0,0.36,Sem informação,0,rule
Decisão,CONCEDIDO PROVIMENTO PARCIAL À REVISTA,23,0,0.71,Conceder provimento parcialmente,0,rule
Decisão,Concedida a Revista,23,0,0.47,Conceder provimento,0,rule
Decisão,RESOLVIDO,23,0,0.33,Sem informação,0,rule
Decisão,CONCEDIDA A REVISTA E ANULADO O ACÓRDÃO RECORRIDO,22,0,0.35,Anular,0,rule
Decisão,INDEFERIDA A PETIÇÃO,22,0,0.40,Indeferir,0,rule
Decisão,JULGAMENTO ANULADO.,22,0,0.46,Anular,0,rule
Decisão,NÃO ADMITIDA A REVISTA EXCEPCIONAL,22,0,0.32,Não admitir,0,rule
Decisão,NÃO ADMITIDO O RECURSO,22,0,0.50,Não admitir,0,rule
Decisão,NEGADA A REVISTA. DECIDIDO NÃO TOMAR CONHECIMENTO.,21,0,0.29,Negar provimento,1,rule:multi-part
Decisão,NEGADO PROVIMENTO. DECIDIDO NÃO TOMAR CONHECIMENTO.,21,0,0.36,Negar provimento,1,rule:multi-part
Decisão,PROCEDENTE,21,0,0.38,Conceder provimento,0,rule
Decisão,PROCEDÊNCIA / DECRETAMENTO TOTAL.,21,0,0.34,Conceder provimento,0,rule
Decisão,REVISTA PARCIALMENTE PROCEDENTE,21,0,0.39,Conceder provimento parcialmente,0,rule
Decisão,INDEFERIDO O PEDIDO DE HABEAS CORPUS.,20,0,0.28,Indeferir,0,rule
Decisão,REJEITADO RECURSO,20,0,0.47,Rejeitar,0,rule
Decisão,ATENDIDA A RECLAMAÇÃO.,19,0,0.38,Deferir,0,rule
Decisão,DESISTÊNCIA.,19,0,0.43,Julgar extinta a instância,0,rule
Decisão,MANDADA AMPLIAR A MATERIA DE FACTO. ORDENADA A BAIXA DO PROCESSO.,19,0,0.25,Ordenar baixa dos autos,1,rule:multi-part
Decisão,VERIFICADA A OPOSIÇÃO.,19,0,0.36,Sem informação,0,rule
Decisão,ACLARAÇÃO INDEFERIDA.,18,0,0.41,Indeferir,0,rule
Decisão,INDEFERIDA A PROVIDÊNCIA DE HABEAS CORPUS,18,0,0.32,Indeferir,0,rule
Decisão,NEGADAS,18,0,0.29,Negar provimento,0,rule
Decisão,INDEFERIDO O PEDIDO,17,0,0.42,Indeferir,0,rule
Decisão,NEGA-SE A REVISTA,17,0,0.41,Negar provimento,0,rule
Decisão,NEGADA  A REVISTA,17,0,0.44,Negar provimento,0,rule
Decisão,ALTERADO O REGIME DE SUBIDA DO RECURSO.,16,0,0.26,Sem informação,0,rule
Decisão,DEFERIDA,16,0,0.75,Deferir,0,rule
Decisão,IMPROCEDÊNCIA,16,0,0.40,Negar provimento,0,rule
Decisão,IMPROCEDÊNCIA/ NÃO DECRETAMENTO,16,0,0.35,Negar provimento,0,rule
Decisão,INDEFERIDA A PROVIDÊNCIA,16,0,0.46,Indeferir,0,rule
Decisão,NEGADAS AMBAS AS REVISTAS,16,0,0.28,Negar provimento,0,rule
Decisão,NÃO CONHECIMENTO DO OBJECTO DO RECURSO,16,0,0.32,Não conhecer,0,rule
Decisão,ORDENADA A BAIXA DO PROCESSO,16,0,0.57,Ordenar baixa dos autos,0,rule
Decisão,PROCEDÊNCIA/DECRETAMENTO TOTAL,16,0,0.33,Conceder provimento,0,rule
Decisão,PROVIDO. PROVIDO PARCIAL.,16,0,0.50,Conceder provimento parcialmente,1,rule:multi-part
Decisão,ANULADO O ACORDÃO RECORRIDO,15,0,0.33,Anular,0,rule
Decisão,DENEGADA A REVISÃO,15,0,0.39,Negar provimento,0,rule
Decisão,FIXAÇÃO DE JURISPRUDÊNCIA,15,0,0.76,Fixar jurisprudência,0,rule
Decisão,NEGADA REVISTA.,15,0,0.50,Negar provimento,0,rule
Decisão,Provido parcialmente,15,0,0.59,Conceder provimento parcialmente,0,rule
Decisão,ALTERADA A ESPÉCIE DE RECURSO.,14,0,0.21,Sem informação,0,rule
Decisão,CONFIRMADO,14,0,0.80,Confirmar,0,rule
Decisão,DESATENDIDA A RECLAMAÇÃO,14,0,0.38,Sem informação,0,rule
Decisão,INDEFERIDO A RECLAMAÇÃO,14,0,0.39,Indeferir,0,rule
Decisão,NEGADAS AS REVISTAS.,14,0,0.37,Negar provimento,0,rule
Decisão,NÃO ADMITIDA A REVISTA.,14,0,0.50,Não admitir,0,rule
Decisão,NÃO PROVIDO,14,0,0.56,Negar provimento,0,rule
Decisão,ANULADO O ACORDÃO,13,0,0.35,Anular,0,rule
Decisão,ANULADO O JULGAMENTO. ORDENADA A BAIXA DO PROCESSO.,13,0,0.32,Anular,1,rule:multi-part
Decisão,NÃO ADMITIDA A REVISTA,13,0,0.50,Não admitir,0,rule
Decisão,ORDENADA A BAIXA DO PROCESSO. ANULADA A DECISÃO.,13,0,0.43,Anular,1,rule:multi-part
Decisão,REVISTA PARCIALMENTE PROCEDENTE.,13,0,0.39,Conceder provimento parcialmente,0,rule
Decisão,Rejeitado o recurso,13,0,0.42,Rejeitar,0,rule
Decisão,SUSPENSÃO DA INSTÂNCIA.,13,0,0.82,Suspender a instância,0,rule
Decisão,ALTERADA A ESPÉCIE DE RECURSO. NEGADO PROVIMENTO.,12,0,0.33,Negar provimento,1,rule:multi-part
Decisão,CONCEDIDA A REVISTA. DECIDIDO NÃO TOMAR CONHECIMENTO.,12,0,0.40,Conceder provimento,1,rule:multi-part
Decisão,CONCEDIDAS AS REVISTAS,12,0,0.41,Conceder provimento,0,rule
Decisão,Concedida parcialmente a Revista,12,0,0.41,Conceder provimento parcialmente,0,rule
Decisão,DEFERIDA PARCIALMENTE A RECLAMAÇÃO,12,0,0.35,Deferir,0,rule
Decisão,IMPROCEDENTE O RECURSO,12,0,0.32,Negar provimento,0,rule
Decisão,IMPROCEDENTE.,12,0,0.38,Negar provimento,0,rule
Decisão,INDEFERIDA A PETIÇÃO DE HABEAS CORPUS,12,0,0.30,Indeferir,0,rule
Decisão,Indeferido o pedido de Habeas Corpus,12,0,0.28,Indeferir,0,rule
Decisão,JULGADA IMPROCEDENTE A ACÇÃO.,12,0,0.36,Negar provimento,0,rule
Decisão,Não se toma conhecimento do objecto do Recurso,12,0,0.26,Não conhecer,0,rule
Decisão,PROVIDO PARCIAL. ALTERADA A DECISÃO.,12,0,0.26,Conceder provimento parcialmente,1,rule:multi-part
Decisão,PROVIDO PARCIAL. ORDENADA A BAIXA DO PROCESSO.,12,0,0.36,Conceder provimento parcialmente,1,rule:multi-part
Decisão,REFORMADO O ACORDÃO.,12,0,0.32,Sem informação,0,rule
Decisão,Rejeitado,12,0,0.78,Rejeitar,0,rule
Decisão,ANULADO O JULGAMENTO,11,0,0.40,Anular,0,rule
Decisão,BAIXA DOS AUTOS À RELAÇÃO,11,0,0.32,Ordenar baixa dos autos,0,rule
Decisão,CONCEDIDO PARCIALMENTE,11,0,0.66,Conceder provimento parcialmente,0,rule
Decisão,Concedida parcialmente a revista,11,0,0.41,Conceder provimento parcialmente,0,rule
Decisão,DECIDIDO NÃO TOMAR CONHECIMENTO,11,0,0.35,Não conhecer,0,rule
Decisão,DEFERIDA A RECLAMAÇÃO.,11,0,0.38,Deferir,0,rule
Decisão,INDEFERIDO O PEDIDO DE HABEAS CORPUS,11,0,0.28,Indeferir,0,rule
Decisão,NEGADO PROVIMENTO AO AGRAVO.,11,0,0.56,Negar provimento,0,rule
Decisão,Negada a revisão,11,0,0.44,Negar provimento,0,rule
Decisão,PROVIDO PARCIALMENTE O RECURSO,11,0,0.30,Conceder provimento parcialmente,0,rule
Decisão,REVOGADA A DECISÃO. ORDENADA A BAIXA DO PROCESSO.,11,0,0.33,Revogar,1,rule:multi-part
Decisão,ADMITIDA A REVISTA,10,0,0.41,Admitir,0,rule
Decisão,ANULADA A DECISÃO RECORRIDA,10,0,0.33,Anular,0,rule
Decisão,ANULADA A DECISÃO. MANDADA AMPLIAR A MATÉRIA DE FACTO.,10,0,0.25,Anular,1,rule:multi-part
Decisão,CONCEDIDA PARCIALMENTE A REVISTA. ORDENADA A BAIXA DO PROCESSO.,10,0,0.32,Conceder provimento parcialmente,1,rule:multi-part
Decisão,DECIDIDO NÃO TOMAR CONHECIMENTO. ORDENADA A BAIXA DO PROCESSO.,10,0,0.26,Não conhecer,1,rule:multi-part
Decisão,DECLARAÇÃO DE INCOMPETÊNCIA.,10,0,0.78,Declarar incompetência,0,rule
Decisão,NEGADO PROVIMENTO. DECLARAÇÃO DE COMPETÊNCIA.,10,0,0.43,Negar provimento,1,rule:multi-part
Decisão,Negada,10,0,0.29,Negar provimento,0,rule
Decisão,PROVIDO. DECIDIDO NÃO TOMAR CONHECIMENTO.,10,0,0.32,Conceder provimento,1,rule:multi-part
Decisão,VERIFICADA A OPOSIÇÃO DE JULGADOS.,10,0,0.30,Sem informação,0,rule
Decisão,CONCEDIDA A REVISTA. ORDENADO O PROSSEGUIMENTO DO PROCESSO.,9,0,0.34,Conceder provimento,1,rule:multi-part
Decisão,CONCEDIDAS PARCIALMENTE AS REVISTAS,9,0,0.40,Conceder provimento parcialmente,0,rule
Decisão,CONCEDIDO PROVIMENTO À REVISTA,9,0,0.59,Conceder provimento,0,rule
Decisão,DESISTENCIA.,9,0,0.43,Julgar extinta a instância,0,rule
Decisão,FINDO O RECURSO POR NÃO HAVER OPOSIÇÃO.,9,0,0.26,Sem informação,0,rule
Decisão,Indeferido,9,0,0.80,Indeferir,0,rule
Decisão,JULGADO IMPROCEDENTE O RECURSO,9,0,0.33,Negar provimento,0,rule
Decisão,MANDADA AMPLIAR A MATÉRIA DE FACTO. ORDENADA A BAIXA DO PROCESSO.,9,0,0.25,Ordenar baixa dos autos,1,rule:multi-part
Decisão,ORDENADA DILIGÊNCIA.,9,0,0.40,Ordenar baixa dos autos,0,rule
Decisão,ORDENADO O REENVIO DO PROCESSO,9,0,0.37,Ordenar baixa dos autos,0,rule
Decisão,REFORMADO O ACÓRDÃO.,9,0,0.32,Sem informação,0,rule
Decisão,Rejeitada a admissão,9,0,0.36,Rejeitar,0,rule
Decisão,ARQUIVADOS OS AUTOS.,8,0,0.53,Julgar extinta a instância,0,rule
Decisão,"INDEFERIDA A RECLAMAÇÃO, MANTENDO-SE O DESPACHO DO RELATOR",8,0,0.26,Indeferir,0,rule
Decisão,JULGADO O RECURSO PROCEDENTE.,8,0,0.36,Conceder provimento,0,rule
Decisão,Julgado improcedente,8,0,0.45,Negar provimento,0,rule
Decisão,NAGADA A REVISTA,8,0,0.38,Negar provimento,0,rule
Decisão,Negada a providência,8,0,0.60,Negar provimento,0,rule
Decisão,NÃO CONHECIMENTO DO OBJETO DO RECURSO,8,0,0.32,Não conhecer,0,rule
Decisão,ORDENADA A BAIXA DO PROCESSO. MANDADA AMPLIAR A MATERIA DE FACTO.,8,0,0.30,Ordenar baixa dos autos,1,rule:multi-part
Decisão,Provido,8,0,0.38,Conceder provimento,0,rule
Decisão,REJEITADOS OS RECURSOS,8,0,0.50,Rejeitar,0,rule
Decisão,REVOGADO O ACÓRDÃO RECORRIDO,8,0,0.29,Revogar,0,rule
Decisão,UNANIMIDADE,8,0,0.27,Sem informação,0,rule
Decisão,ACLARADO O ACÓRDÃO.,7,0,0.30,Sem informação,0,rule
Decisão,ADMITIDA A REVISTA.,7,0,0.41,Admitir,0,rule
Decisão,ALTERADA A ESPECIE DE RECURSO.,7,0,0.21,Sem informação,0,rule
Decisão,CONCEDIDA PARCIALMENTE REVISTA,7,0,0.43,Conceder provimento parcialmente,0,rule
Decisão,CONCEDIDA.,7,0,0.37,Conceder provimento,0,rule
Decisão,CONCEDIDO PROVIMENTO PARCIAL AO RECURSO,7,0,0.67,Conceder provimento parcialmente,0,rule
Decisão,CONFIRMADA,7,0,0.80,Confirmar,0,rule
Decisão,CONFIRMADA A DECISÃO,7,0,0.40,Confirmar,0,rule
Decisão,DECIDIDO NÃO TOMAR CONHECIMENTO. NEGADA A REVISTA.,7,0,0.33,Não conhecer,1,rule:multi-part
Decisão,DECIDIDO NÃO TOMAR CONHECIMENTO. PROVIDO PARCIAL.,7,0,0.31,Conceder provimento parcialmente,1,rule:multi-part
Decisão,Desatendida a reclamação,7,0,0.38,Indeferir,0,rule
Decisão,INDEFERIDO O PEDIDO DE REFORMA,7,0,0.30,Indeferir,0,rule
Decisão,INDEFERIDO O REQUERIDO,7,0,0.41,Indeferir,0,rule
Decisão,JULGADO IMPROCEDENTE,7,0,0.45,Negar provimento,0,rule
Decisão,Julgado o Recurso improcedente,7,0,0.33,Negar provimento,0,rule
Decisão,NAGADA A REVISTA.,7,0,0.38,Negar provimento,0,rule
Decisão,NEGADO O PROVIMENTO.,7,0,0.79,Negar provimento,0,rule
Decisão,NEGADO PROVIMENTO AO AGRAVO,7,0,0.56,Negar provimento,0,rule
Decisão,NEGADO PROVIMENTO. ALTERADA A QUALIFICAÇÃO JURÍDICA.,7,0,0.29,Negar provimento,1,rule:multi-part
Decisão,NEGADO PROVIMENTO. REVOGADA A DECISÃO.,7,0,0.41,Negar provimento,1,rule:multi-part
Decisão,Negada a Revisão,7,0,0.44,Negar provimento,0,rule
Decisão,Negado provimento à revista,7,0,0.56,Negar provimento,0,rule
Decisão,NÃO SE CONHECE DO OBJECTO DO RECURSO,7,0,0.33,Não conhecer,0,rule
Decisão,NÃO SE TOMA CONHECIMENTO DO OBJECTO DO RECURSO.,7,0,0.26,Não conhecer,0,rule
Decisão,PROCEDÊNCIA/ DECRETAMENTO TOTAL.,7,0,0.35,Conceder provimento,0,rule
Decisão,PROVIDO O AGRAVO,7,0,0.32,Conceder provimento,0,rule
Decisão,PROVIDO. ALTERADA A DECISÃO.,7,0,0.26,Conceder provimento,1,rule:multi-part
Decisão,REJEITADA A RECLAMAÇÃO,7,0,0.41,Rejeitar,0,rule
Decisão,REJEITADO O RECURSO. NEGADO PROVIMENTO.,7,0,0.39,Rejeitar,1,rule:multi-part
Decisão,REJEITADO.,7,0,0.78,Rejeitar,0,rule
Decisão,Rejeitado o Recurso,7,0,0.42,Rejeitar,0,rule
Decisão,SUSPENSÃO DA INSTANCIA.,7,0,0.82,Suspender a instância,0,rule
Decisão,UNIFORMIZADA A JURISPRUDÊNCIA,7,0,0.62,Fixar jurisprudência,0,rule
Decisão,ALTERADA A INDEMNIZAÇÃO.,6,0,0.35,Sem informação,0,rule
Decisão,ANULADO O ACÓRDÃO RECORRIDO.,6,0,0.33,Anular,0,rule
Decisão,ATENDIDA A QUESTÃO PRÉVIA. DECIDIDO NÃO TOMAR CONHECIMENTO.,6,0,0.33,Não conhecer,1,rule:multi-part
Decisão,CONCEDIDA A REVISTA. ANULADA A DECISÃO.,6,0,0.34,Conceder provimento,1,rule:multi-part
Decisão,CONCEDIDA A REVISTA. CONCEDIDA PARCIALMENTE A REVISTA.,6,0,0.45,Conceder provimento parcialmente,1,rule:multi-part
Decisão,CONCEDIDA A REVISÃO,6,0,0.47,Conceder provimento,0,rule
Decisão,CONCEDIDO PROVIMENTO AO RECURSO,6,0,0.56,Conceder provimento,0,rule
Decisão,CONCEDIDO PROVIMENTO AO RECURSO.,6,0,0.56,Conceder provimento,0,rule
Decisão,DECIDIDO NÃO TOMAR CONHECIMENTO DO RECURSO.,6,0,0.31,Não conhecer,0,rule
Decisão,DEFERIDO O PEDIDO DE ESCUSA.,6,0,0.30,Deferir,0,rule
Decisão,INDEFERIDA A PROVIDÊNCIA.,6,0,0.46,Indeferir,0,rule
Decisão,INDEFERIDO O PEDIDO DE ACLARAÇÃO,6,0,0.28,Indeferir,0,rule
Decisão,INDEFERIR A PROVIDÊNCIA DE HABEAS CORPUS,6,0,0.32,Indeferir,0,rule
Decisão,JULGADO IMPROCEDENTE.,6,0,0.45,Negar provimento,0,rule
Decisão,JULGADO PARCIALMENTE PROCEDENTE O RECURSO,6,0,0.29,Conceder provimento parcialmente,0,rule
Decisão,Julgado improcedente o Recurso,6,0,0.33,Negar provimento,0,rule
Decisão,NEGADA A REVISTA DA RÉ,6,0,0.36,Negar provimento,0,rule
Decisão,NEGADA A REVISTA. DESERÇÃO.,6,0,0.38,Negar provimento,1,rule:multi-part
Decisão,NEGADO O PROVIMENTO,6,0,0.79,Negar provimento,0,rule
Decisão,NEGADO PROVIMENTO. CONCEDIDA A REVISTA.,6,0,0.42,Conceder provimento parcialmente,1,rule:multi-part
Decisão,ORDENADO O PROSSEGUIMENTO DO RECURSO.,6,0,0.33,Prosseguir os autos,0,rule
Decisão,PROVIDA,6,0,0.31,Conceder provimento,0,rule
Decisão,RECLAMAÇÃO DEFERIDA,6,0,0.45,Deferir,0,rule
Decisão,REJEITADA,6,0,0.78,Rejeitar,0,rule
Decisão,REJEITADA A ADMISSÃO DA REVISTA,6,0,0.29,Rejeitar,0,rule
Decisão,REJEITADA A REVISTA EXCEPCIONAL,6,0,0.35,Rejeitar,0,rule
Decisão,REJEIÇÃO DE RECURSO.,6,0,0.37,Rejeitar,0,rule
Decisão,UNIFORMIZADA JURISPRUDÊNCIA.,6,0,0.67,Fixar jurisprudência,0,rule
Decisão,ANULADA A DELIBERAÇÃO IMPUGNADA,5,0,0.35,Anular,0,rule
Decisão,ANULADA A DELIBERAÇÃO RECORRIDA,5,0,0.32,Anular,0,rule
Decisão,CONCEDIDA A REVISTA E BAIXA DO PROCESSO,5,0,0.36,Ordenar baixa dos autos,0,rule
Decisão,"CONCEDIDA A REVISTA, REPRISTINANDO A DECISÃO DA 1ª INSTÂNCIA",5,0,0.33,Conceder provimento,0,rule
Decisão,CONCEDIDA A REVISTA. MANDADA AMPLIAR A MATÉRIA DE FACTO.,5,0,0.36,Conceder provimento,1,rule:multi-part
Decisão,CONCEDIDA EM PARTE.,5,0,0.41,Conceder provimento parcialmente,0,rule
Decisão,CONCEDIDA PARCIALMENTE A REVISTA. CONCEDIDA A REVISTA.,5,0,0.38,Conceder provimento parcialmente,1,rule:multi-part
Decisão,CONCEDIDO PARCIAL PROVIMENTO.,5,0,0.64,Conceder provimento parcialmente,0,rule
Decisão,CONCEDIDO PROVIMENTO AO AGRAVO,5,0,0.59,Conceder provimento,0,rule
Decisão,CONCEDIDO PROVIMENTO PARCIAL,5,0,0.75,Conceder provimento parcialmente,0,rule
Decisão,CONCEDIDO PROVIMENTO PARCIAL AO RECURSO.,5,0,0.67,Conceder provimento parcialmente,0,rule
Decisão,Concedida,5,0,0.37,Conceder provimento,0,rule
Decisão,Concedido provimento parcial à revista,5,0,0.71,Conceder provimento parcialmente,0,rule
Decisão,DECIDIDO NÃO TOMAR CONHECIMENTO. NEGADO PROVIMENTO.,5,0,0.34,Não conhecer,1,rule:multi-part
Decisão,DEFERIDO O PEDIDO DE HABEAS CORPUS,5,0,0.24,Deferir,0,rule
Decisão,DESERÇÃO. NEGADA A REVISTA.,5,0,0.31,Julgar extinta a instância,1,rule:multi-part
Decisão,IMPROCEDÊNCIA.,5,0,0.40,Negar provimento,0,rule
Decisão,INDEFERIDA A ARGUIÇÃO DE NULIDADE,5,0,0.30,Indeferir,0,rule
Decisão,INDEFERIDA RECLAMAÇÃO,5,0,0.43,Indeferir,0,rule
Decisão,INDEFERIDA.,5,0,0.80,Indeferir,0,rule
Decisão,INDEFERIDO A PROVIDÊNCIA,5,0,0.46,Indeferir,0,rule
Decisão,INDEFERIDO O PEDIDO DE ESCUSA,5,0,0.28,Indeferir,0,rule
Decisão,Indeferida a providência,5,0,0.46,Indeferir,0,rule
Decisão,Indeferido o Habeas Corpus,5,0,0.35,Indeferir,0,rule
Decisão,JULGADO IMPROCEDENTE O RECURSO.,5,0,0.33,Negar provimento,0,rule
Decisão,JULGADO O RECURSO IMPROCEDENTE,5,0,0.33,Negar provimento,0,rule
Decisão,Julgado parcialmente procedente,5,0,0.41,Conceder provimento parcialmente,0,rule
Decisão,MANDADA AMPLIAR A MATÉRIA DE FACTO,5,0,0.29,Ordenar baixa dos autos,0,rule
Decisão,NEGADO PROVIMENTO.  PROVIDO PARCIAL.,5,0,0.44,Conceder provimento parcialmente,1,rule:multi-part
Decisão,NEGADO PROVIMENTO. ALTERADA A INCRIMINAÇÃO.,5,0,0.36,Negar provimento,1,rule:multi-part
Decisão,NEGADO PROVIMENTO. ORDENADA A BAIXA DO PROCESSO.,5,0,0.34,Negar provimento,1,rule:multi-part
Decisão,Negadas as revistas,5,0,0.37,Negar provimento,0,rule
Decisão,NÃO CONHECER DO OBJECTO DO RECURSO,5,0,0.35,Não conhecer,0,rule
Decisão,NÃO CONHECIDO O OBJECTO DO RECURSO,5,0,0.35,Não conhecer,0,rule
Decisão,NÃO SE TOMA CONHECIMENTO DO RECURSO,5,0,0.34,Não conhecer,0,rule
Decisão,NÃO SE TOMOU CONHECIMENTO DO RECURSO,5,0,0.33,Não conhecer,0,rule
Decisão,NÃO TOMAR CONHECIMENTO DO RECURSO,5,0,0.36,Não conhecer,0,rule
Decisão,PARCIALMENTE CONCEDIDA A REVISTA,5,0,0.28,Conceder provimento parcialmente,0,rule
Decisão,PARCIALMENTE PROCEDENTE,5,0,0.39,Conceder provimento parcialmente,0,rule
Decisão,PROCEDÊNCIA PARCIAL,5,0,0.41,Conceder provimento parcialmente,0,rule
Decisão,PROVIDO PARCIAL. PROVIDO.,5,0,0.31,Conceder provimento parcialmente,1,rule:multi-part
Decisão,PROVIDO. DECLARAÇÃO DE COMPETENCIA.,5,0,0.56,Conceder provimento,1,rule:multi-part
Decisão,PROVIMENTO PARCIAL.,5,0,0.56,Conceder provimento parcialmente,0,rule
Decisão,RECLAMAÇÃO IMPROCEDENTE,5,0,0.39,Negar provimento,0,rule
Decisão,RECURSO IMPROCEDENTE.,5,0,0.45,Negar provimento,0,rule
Decisão,REJEITADA A REVISTA,5,0,0.45,Rejeitar,0,rule
Decisão,REJEITADO POR INADMISSIBILIDADE,5,0,0.29,Rejeitar,0,rule
Decisão,REVISTA PARCIALMENTE CONCEDIDA,5,0,0.47,Conceder provimento parcialmente,0,rule
Decisão,ACLARADO O ACORDÃO.,4,0,0.30,Sem informação,0,rule
Decisão,ALTERADA A DECISÃO,4,0,0.30,Sem informação,0,rule
Decisão,ALTERADA A INCRIMINAÇÃO.,4,0,0.39,Sem informação,0,rule
Decisão,ANULADA A DECISÃO RECORRIDA.,4,0,0.33,Anular,0,rule
Decisão,ANULADA A DECISÃO. DECIDIDO NÃO TOMAR CONHECIMENTO.,4,0,0.28,Anular,1,rule:multi-part
Decisão,ANULADO PARCIALMENTE O ACÓRDÃO RECORRIDO,4,0,0.28,Anular,0,rule
Decisão,Anulada a decisão,4,0,0.35,Anular,0,rule
Decisão,Anulada a decisão recorrida,4,0,0.33,Anular,0,rule
Decisão,CONCEDER EM PARTE A REVISTA,4,0,0.48,Conceder provimento parcialmente,0,rule
Decisão,CONCEDIA A REVISTA.,4,0,0.53,Conceder provimento,0,rule
Decisão,CONCEDIDA A REVISTA E REVOGADO O ACÓRDÃO RECORRIDO,4,0,0.32,Revogar,0,rule
Decisão,CONCEDIDA A REVISTA.  ORDENADA A BAIXA DO PROCESSO.,4,0,0.33,Conceder provimento,1,rule:multi-part
Decisão,CONCEDIDA PARCIALMENTE A REVISTA DO AUTOR,4,0,0.44,Conceder provimento parcialmente,0,rule
Decisão,CONCEDIDA PARCIALMENTE A REVISTA. NEGADO PROVIMENTO.,4,0,0.41,Conceder provimento parcialmente,1,rule:multi-part
Decisão,CONFIRMADA A DECISÃO DO RELATOR,4,0,0.35,Confirmar,0,rule
Decisão,DECIDIDO NÃO CONHECER DO RECURSO.,4,0,0.38,Não conhecer,0,rule
Decisão,DECLARADO NULO O ACÓRDÃO RECORRIDO,4,0,0.35,Anular,0,rule
Decisão,DECLARADO PRESCRITO O PROCEDIMENTO CRIMINAL.,4,0,0.40,Julgar extinta a instância,0,rule
Decisão,DECLARAÇÃO DE COMPETÊNCIA,4,0,0.76,Declarar competência,0,rule
Decisão,DEFERIDO O PEDIDO DE ESCUSA,4,0,0.30,Deferir,0,rule
Decisão,DESANTENDIDA A RECLAMAÇÃO.,4,0,0.36,Indeferir,0,rule
Decisão,DETERMINADA A BAIXA DO PROCESSO À RELAÇÃO,4,0,0.37,Ordenar baixa dos autos,0,rule
Decisão,DISTRIBUIÇÃO COMO REVISTA NORMAL,4,0,0.31,Sem informação,0,rule
Decisão,FINDO POR OUTROS MOTIVOS,4,0,0.33,Sem informação,0,rule
Decisão,INCOMPETENCIA.,4,0,0.59,Declarar incompetência,0,rule
Decisão,INDEFERIDA A ARGUIÇÃO DE NULIDADES,4,0,0.32,Indeferir,0,rule
Decisão,INDEFERIDO O REQUERIMENTO DE HABEAS CORPUS,4,0,0.31,Indeferir,0,rule
Decisão,Improcedente o Recurso,4,0,0.32,Negar provimento,0,rule
Decisão,JULGADA IMPROCEDENTE A AÇÃO,4,0,0.37,Negar provimento,0,rule
Decisão,JULGADA IMPROCEDENTE.,4,0,0.45,Negar provimento,0,rule
Decisão,JULGADO O RECURSO PARCIALMENTE PROCEDENTE,4,0,0.37,Conceder provimento parcialmente,0,rule
Decisão,Julgada improcedente,4,0,0.45,Negar provimento,0,rule
Decisão,Julgado o Recurso procedente,4,0,0.36,Conceder provimento,0,rule
Decisão,NEGADA A PROVIDÊNCIA,4,0,0.60,Negar provimento,0,rule
Decisão,NEGADA A REVIATA,4,0,0.44,Negar provimento,0,rule
Decisão,NEGADA AREVISTA.,4,0,0.50,Negar provimento,0,rule
Decisão,NEGADA PARCIALMENTE A REVISTA.,4,0,0.38,Negar provimento,0,rule
Decisão,NEGADO PROVIMENTO AOS RECURSOS,4,0,0.50,Negar provimento,0,rule
Decisão,NEGADO PROVIMENTO. REJEITADO O RECURSO.,4,0,0.39,Negar provimento,1,rule:multi-part
Decisão,NEGADO.,4,0,0.31,Negar provimento,0,rule
Decisão,NÃO ADMITIDA.,4,0,0.83,Não admitir,0,rule
Decisão,NÃO ADMITIDO O RECURSO.,4,0,0.50,Não admitir,0,rule
Decisão,NÃO CONHECIDO O RECURSO,4,0,0.52,Não conhecer,0,rule
Decisão,NÃO SE CONHECE DO RECURSO,4,0,0.48,Não conhecer,0,rule
Decisão,NÃO TOMAR CONHECIMENTO.,4,0,0.50,Não conhecer,0,rule
Decisão,Não admitida,4,0,0.83,Não admitir,0,rule
Decisão,Não admitido o recurso,4,0,0.50,Não admitir,0,rule
Decisão,ORDENADA DILIGENCIA.,4,0,0.40,Ordenar baixa dos autos,0,rule
Decisão,PROCEDENTE EM PARTE,4,0,0.37,Conceder provimento parcialmente,0,rule
Decisão,PROCEDÊNCIA / DECRETAMENTO,4,0,0.42,Conceder provimento,0,rule
Decisão,PROVIDO PARCIAL. REVOGADA A DECISÃO.,4,0,0.26,Conceder provimento parcialmente,1,rule:multi-part
Decisão,PROVIMENTO,4,0,0.63,Conceder provimento,0,rule
Decisão,PROVIMENTO PARCIAL,4,0,0.56,Conceder provimento parcialmente,0,rule
Decisão,RECLAMÇÃO INDEFERIDA,4,0,0.45,Indeferir,0,rule
Decisão,RECURSO IMPROCEDENTE,4,0,0.45,Negar provimento,0,rule
Decisão,RECURSO PARCIALMENTE PROCEDENTE.,4,0,0.41,Conceder provimento parcialmente,0,rule
Decisão,RECUSADA A REVISÃO,4,0,0.36,Negar provimento,0,rule
Decisão,REGEITADO O RECURSO,4,0,0.37,Rejeitar,0,rule
Decisão,REJEIÇÃO DO RECURSO.,4,0,0.37,Rejeitar,0,rule
Decisão,RELATOR,4,0,0.50,Sem informação,0,rule
Decisão,REVOGADA A DECISÃO RECORRIDA,4,0,0.32,Revogar,0,rule
Decisão,ABSOLVIÇÃO DA INSTÂNCIA,3,0,0.57,Julgar extinta a instância,0,rule
Decisão,ABSOLVIÇÃO DO RÉU DA INSTÂNCIA.,3,0,0.50,Julgar extinta a instância,0,rule
Decisão,ADMITIDA PARCIALMENTE A REVISTA EXCECIONAL,3,0,0.31,Admitir,0,rule
Decisão,ALTERADA A DECISÃO. PROVIDO PARCIAL.,3,0,0.29,Conceder provimento parcialmente,1,rule:multi-part
Decisão,ALTERADA A ESPÉCIE DE RECURSO. DECIDIDO NÃO TOMAR CONHECIMENTO.,3,0,0.29,Não conhecer,1,rule:multi-part
Decisão,ALTERADO O REGIME DE SUBIDA DO RECURSO. ALTERADO EFEITO DO RECURSO.,3,0,0.23,Sem informação,1,rule:multi-part
Decisão,ANULADA A DECISãO.,3,0,0.35,Anular,0,rule
Decisão,ANULADA A DELIBERAÇÃO,3,0,0.33,Anular,0,rule
Decisão,ANULADA A SENTENÇA PROFERIDA NA 1ª INSTÂNCIA,3,0,0.45,Anular,0,rule
Decisão,ANULADO JULGAMENTO.,3,0,0.44,Anular,0,rule
Decisão,ANULADO O ACÓRDÃO.,3,0,0.35,Anular,0,rule
Decisão,ANULADO O PROCESSADO.,3,0,0.35,Anular,0,rule
Decisão,Atendida a reclamação,3,0,0.38,Deferir,0,rule
Decisão,CONCEDER A REVISTA,3,0,0.63,Conceder provimento,0,rule
Decisão,CONCEDER PROVIMENTO AO RECURSO,3,0,0.66,Conceder provimento,0,rule
Decisão,CONCEDIDA  A REVISTA,3,0,0.47,Conceder provimento,0,rule
Decisão,CONCEDIDA A ESCUSA,3,0,0.32,Conceder provimento,0,rule
Decisão,CONCEDIDA A REVISTA DOS RÉUS,3,0,0.39,Conceder provimento,0,rule
Decisão,CONCEDIDA A REVISTA PARCIAL,3,0,0.53,Conceder provimento parcialmente,0,rule
Decisão,"CONCEDIDA A REVISTA, ANULADO O JULGAMENTO.",3,0,0.41,Anular,0,rule
Decisão,CONCEDIDA A REVISTA. MANDADA AMPLIAR A MATERIA DE FACTO.,3,0,0.36,Conceder provimento,1,rule:multi-part
Decisão,CONCEDIDA A REVISTA; ANULADO O ACÓRDÃO DA RELAÇÃO.,3,0,0.35,Anular,0,rule
Decisão,CONCEDIDA EM PARTE A REVISTA.,3,0,0.43,Conceder provimento parcialmente,0,rule
Decisão,CONCEDIDA PARCIALMENTE A REVISTA DA RÉ,3,0,0.47,Conceder provimento parcialmente,0,rule
Decisão,CONCEDIDO,3,0,0.42,Conceder provimento,0,rule
Decisão,CONCEDIDO PARCIALMENTE PROVIMENTO,3,0,0.55,Conceder provimento parcialmente,0,rule
Decisão,CONCEDIDO PROVIMENTO AO AGRAVO.,3,0,0.59,Conceder provimento,0,rule
Decisão,CONFIRMADO O DESPACHO,3,0,0.38,Confirmar,0,rule
Decisão,Concedida parcialmente,3,0,0.63,Conceder provimento parcialmente,0,rule
Decisão,DECIDIDO NÂO TOMAR CONHECIMENTO.,3,0,0.35,Não conhecer,0,rule
Decisão,DECIDIO NÃO TOMAR CONHECIMENTO.,3,0,0.37,Não conhecer,0,rule
Decisão,DECLARAÇÃO DE COMPETENCIA,3,0,0.76,Declarar competência,0,rule
Decisão,DEFERIDA A PETIÇÃO DE HABEAS CORPUS,3,0,0.29,Deferir,0,rule
Decisão,DEFERIDA A PROVIDÊNCIA DE HABEAS CORPUS,3,0,0.28,Deferir,0,rule
Decisão,DEFERIDA PARCIALMENTE A RECLAMAÇÃO.,3,0,0.35,Deferir,0,rule
Decisão,FIXADA A JURISPRUDÊNCIA,3,0,0.83,Fixar jurisprudência,0,rule
Decisão,FIXADA DE JURISPRUDÊNCIA,3,0,0.79,Fixar jurisprudência,0,rule
Decisão,IMPROCEDENTE O RECURSO INTERPOSTO,3,0,0.33,Negar provimento,0,rule
Decisão,IMPROCEDENTES OS RECURSOS.,3,0,0.48,Negar provimento,0,rule
Decisão,IMPROCEDÊNCIA / DECRETAMENTO,3,0,0.39,Negar provimento,0,rule
Decisão,"INDEFERIDA A RECLAMAÇÃO, MANTENDO-SE O DESPACHO RECLAMADO",3,0,0.26,Indeferir,0,rule
Decisão,INDEFERIDA A REVISTA,3,0,0.45,Indeferir,0,rule
Decisão,INDEFERIDA A REVISTA.,3,0,0.45,Indeferir,0,rule
Decisão,INDEFERIDO O PEDIDO DE RECUSA,3,0,0.31,Indeferir,0,rule
Decisão,INDEFERIDO O PEDIDO.,3,0,0.42,Indeferir,0,rule
Decisão,INDEFERIDO O REQUERIMENTO,3,0,0.44,Indeferir,0,rule
Decisão,INDEFERIDO O REQUERIMENTO DE RECUSA,3,0,0.31,Indeferir,0,rule
Decisão,INDEFERIDO POR FALTA DE FUNDAMENTO BASTANTE,3,0,0.30,Indeferir,0,rule
Decisão,INUTILIDADE / IMPOSSIBILIDADE DA LIDE,3,0,0.22,Julgar extinta a instância,0,rule
Decisão,JULGADA PROCEDENTE A HABILITAÇÃO.,3,0,0.44,Conceder provimento,0,rule
Decisão,JULGADO DESERTO O RECURSO,3,0,0.31,Julgar extinta a instância,0,rule
Decisão,JULGADO PARCIALMENTE PROCEDENTE,3,0,0.41,Conceder provimento parcialmente,0,rule
Decisão,JULGADO PARCIALMENTE PROCEDENTE O RECURSO.,3,0,0.29,Conceder provimento parcialmente,0,rule
Decisão,JULGADO PROCEDENTE O RECURSO INTERPOSTO,3,0,0.33,Conceder provimento,0,rule
Decisão,Julgado procedente o Recurso,3,0,0.36,Conceder provimento,0,rule
Decisão,NAGADO PROVIMENTO,3,0,0.82,Negar provimento,0,rule
Decisão,NEGA-SE PROVIMENTO AO RECURSO.,3,0,0.52,Negar provimento,0,rule
Decisão,NEGADA A REVISTA E CONFIRMADO O ACÓRDÃO RECORRIDO,3,0,0.22,Confirmar,0,rule
Decisão,NEGADA A REVISTA GERAL E REMESSA À FORMAÇÃO,3,0,0.28,Remeter os autos,0,rule
Decisão,NEGADA A REVISTA.  CONCEDIDA PARCIALMENTE A REVISTA.,3,0,0.34,Conceder provimento parcialmente,1,rule:multi-part
Decisão,NEGADA A REVISTA. ALTERADA A DECISÃO.,3,0,0.31,Negar provimento,1,rule:multi-part
Decisão,NEGADA A REVISTA. PROVIDO.,3,0,0.36,Conceder provimento parcialmente,1,rule:multi-part
Decisão,NEGADA E REVISTA,3,0,0.44,Negar provimento,0,rule
Decisão,NEGADAO PROVIMENTO,3,0,0.83,Negar provimento,0,rule
Decisão,NEGADO PROVIMENTO AO RECURSO INTERPOSTO,3,0,0.41,Negar provimento,0,rule
Decisão,NEGADO PROVIMENTO.  ALTERADA A DECISÃO.,3,0,0.41,Negar provimento,1,rule:multi-part
Decisão,NEGADO PROVIMENTO. ANULADA A DECISÃO.,3,0,0.42,Negar provimento,1,rule:multi-part
Decisão,NEGADOS OS RECURSOS,3,0,0.42,Negar provimento,0,rule
Decisão,NEGAR PROVIMENTO AO RECURSO,3,0,0.59,Negar provimento,0,rule
Decisão,NEGDA A REVISTA,3,0,0.44,Negar provimento,0,rule
Decisão,NÃO ADMISSÃO DO RECURSO,3,0,0.39,Não admitir,0,rule
Decisão,NÃO ADMITIDO,3,0,0.83,Não admitir,0,rule
Decisão,NÃO AUTORIZADA A REVISTA.,3,0,0.29,Negar provimento,0,rule
Decisão,NÃO CONCEDIDA A REVISTA,3,0,0.39,Conceder provimento,0,rule
Decisão,NÃO CONHECER DO RECURSO.,3,0,0.52,Não conhecer,0,rule
Decisão,ORDENADA A BAIXA DO PROCESSO À RELAÇÃO.,3,0,0.47,Ordenar baixa dos autos,0,rule
Decisão,ORDENADA A BAIXA DO PROCESSO. ANULADO O JULGAMENTO.,3,0,0.40,Anular,1,rule:multi-part
Decisão,ORDENADA A BAIXA DO PROCESSO. NEGADO PROVIMENTO.,3,0,0.40,Negar provimento,1,rule:multi-part
Decisão,ORDENADA BAIXA DO PROCESSO,3,0,0.62,Ordenar baixa dos autos,0,rule
Decisão,ORDENADO O REENVIO,3,0,0.35,Ordenar baixa dos autos,0,rule
Decisão,ORDENADO O REENVIO DO PROCESSO PARA NOVO JULGAMENTO.,3,0,0.31,Ordenar baixa dos autos,0,rule
Decisão,PARCIALMENTE CONCEDIDA A REVISTA.,3,0,0.28,Conceder provimento parcialmente,0,rule
Decisão,PROCEDÊNCIA / DECRETAMENTO PARCIAL,3,0,0.41,Conceder provimento parcialmente,0,rule
Decisão,PROCEDÊNCIA PARCIAL DO RECURSO,3,0,0.37,Conceder provimento parcialmente,0,rule
Decisão,PROVIDA PARCIALMENTE,3,0,0.56,Conceder provimento parcialmente,0,rule
Decisão,PROVIDO. ANULADA A DECISÃO.,3,0,0.27,Conceder provimento,1,rule:multi-part
Decisão,PROVIDO. ANULADO O JULGAMENTO.,3,0,0.31,Conceder provimento,1,rule:multi-part
Decisão,PROVIDO. DECLARAÇÃO DE COMPETÊNCIA.,3,0,0.56,Conceder provimento,1,rule:multi-part
Decisão,PROVIMENTO PARCIAL DO RECURSO,3,0,0.41,Conceder provimento parcialmente,0,rule
Decisão,Parcialmente procedente,3,0,0.39,Conceder provimento parcialmente,0,rule
Decisão,RECALAMAÇÃO INDEFERIDA,3,0,0.36,Indeferir,0,rule
Decisão,RECLAMAÇÃO DEFERIDA PARCIALMENTE,3,0,0.44,Deferir,0,rule
Decisão,REENVIADO PARA NOVO JULGAMENTO,3,0,0.40,Ordenar baixa dos autos,0,rule
Decisão,REGEITADO O RECURSO.,3,0,0.37,Rejeitar,0,rule
Decisão,REJEITADA A ADMISSÃO,3,0,0.36,Rejeitar,0,rule
Decisão,REJEITADO O RECURSO EXTRAORDINÁRIO PARA FIXAÇÃO DE JURISPRUDÊNCIA,3,0,0.29,Fixar jurisprudência,0,rule
Decisão,REJEITADO O RECURSO. PROVIDO PARCIAL.,3,0,0.31,Conceder provimento parcialmente,1,rule:multi-part
Decisão,REJEITADO RECURSO.,3,0,0.47,Rejeitar,0,rule
Decisão,REMESSA DOS AUTOS AO TRIBUNAL RECORRIDO,3,0,0.33,Remeter os autos,0,rule
Decisão,REMETIDO O PROCESSO À RELAÇÃO DE COIMBRA.,3,0,0.28,Remeter os autos,0,rule
Decisão,REVISÃO AUTORIZADA,3,0,0.36,Conceder provimento,0,rule
Decisão,REVOGADO O ACÓRDÃO.,3,0,0.39,Revogar,0,rule
Decisão,UNIFORMIZAÇÃO  DE JURISPRUDÊNCIA,3,0,0.58,Fixar jurisprudência,0,rule
Decisão,,2,0,0.00,Sem informação,1,fallback:unparsed
Decisão,- NEGADA A REVISTA,2,0,0.44,Negar provimento,0,rule
Decisão,- NEGADA A REVISTA SUBORDINADA,2,0,0.32,Negar provimento,0,rule
Decisão,- REMESSA À FORMAÇÃO,2,0,0.61,Remeter os autos,0,rule
Decisão,- DEFERIDA A RECLAMAÇÃO,2,0,0.38,Deferir,0,rule
Decisão,- NÃO CONHECIMENTO PARCIAL DO OBJETO DO RECURSO;,2,0,0.31,Não conhecer,0,rule
Decisão,-CONCEDIDA A REVISTA;,2,0,0.47,Conceder provimento,0,rule
Decisão,-CONCEDIDA PARCIALMENTE A REVISTA;,2,0,0.41,Conceder provimento parcialmente,0,rule
Decisão,-NEGADA A REVISTA DA RÉ,2,0,0.36,Negar provimento,0,rule
Decisão,ACALARAÇÃO INDEFERIDA,2,0,0.38,Indeferir,0,rule
Decisão,ACLARAÇÃO DEFERIDA,2,0,0.45,Deferir,0,rule
Decisão,ACÇÃO IMPROCEDENTE.,2,0,0.44,Negar provimento,0,rule
Decisão,ADMITIDA A REVISTA EXCEXIONAL.,2,0,0.31,Admitir,0,rule
Decisão,ALTERADA A DECISÃO. NEGADA A REVISTA.,2,0,0.25,Negar provimento,1,rule:multi-part
Decisão,ALTERADA A ESPECIE DE RECURSO. NEGADO PROVIMENTO.,2,0,0.33,Negar provimento,1,rule:multi-part
Decisão,ALTERADA A ESPECIE DO RECURSO.,2,0,0.24,Sem informação,0,rule
Decisão,ALTERADA A ESPÉCIE DE RECURSO. ALTERADO O EFEITO DO RECURSO.,2,0,0.20,Sem informação,1,rule:multi-part
Decisão,ALTERADA A ESPÉCIE DO RECURSO.,2,0,0.24,Sem informação,0,rule
Decisão,ALTERADA A ESPÉCIE DO RECURSO. NEGADO PROVIMENTO.,2,0,0.33,Negar provimento,1,rule:multi-part
Decisão,ALTERADA A INDEMNIZAÇÃO. NEGADA A REVISTA.,2,0,0.24,Negar provimento,1,rule:multi-part
Decisão,ALTERADA A QUALIFICAÇÃO JURÍDICA. NEGADO PROVIMENTO.,2,0,0.29,Negar provimento,1,rule:multi-part
Decisão,ALTERADO O REGIME DO RECURSO.,2,0,0.29,Sem informação,0,rule
Decisão,ANULADA A DECISÃO.  ORDENADA A BAIXA DO PROCESSO.,2,0,0.34,Anular,1,rule:multi-part
Decisão,ANULADA A DECISÃO. NEGADO PROVIMENTO.,2,0,0.42,Anular,1,rule:multi-part
Decisão,ANULADA A REVISTA.,2,0,0.35,Anular,0,rule
Decisão,ANULADA PARCIALMENTE A DECISÃO RECORRIDA,2,0,0.32,Anular,0,rule
Decisão,ANULADO O ACORDÃO DA RELAÇÃO,2,0,0.29,Anular,0,rule
Decisão,ANULADO O ACÓRDÃO DA RELAÇÃO,2,0,0.29,Anular,0,rule
Decisão,ANULADO PARCIALMENTE O ACÓRDÃO.,2,0,0.33,Anular,0,rule
Decisão,AUTORIZADA A REVISTA.,2,0,0.32,Conceder provimento,0,rule
Decisão,AUTORIZADA A REVISÃO DE SENTENÇA,2,0,0.44,Conceder provimento,0,rule
Decisão,Anulado o Acórdão,2,0,0.35,Anular,0,rule
Decisão,Autorizada a revisão,2,0,0.27,Conceder provimento,0,rule
Decisão,BAIXA DOS AUTOS PARA AMPLIAÇÃO DA MATÉRIA DE FACTO,2,0,0.24,Ordenar baixa dos autos,0,rule
Decisão,BAIXA À RELAÇÃO PARA AMPLIAÇÃO DA MATÉRIA DE FACTO,2,0,0.24,Ordenar baixa dos autos,0,rule
Decisão,CONCECIDA A REVISTA,2,0,0.42,Conceder provimento,0,rule
Decisão,CONCEDE-SE A REVISTA,2,0,0.50,Conceder provimento,0,rule
Decisão,CONCEDE-SE PROVIMENTO AO RECURSO.,2,0,0.56,Conceder provimento,0,rule
Decisão,CONCEDE-SE PROVIMENTO PARCIAL AO RECURSO,2,0,0.68,Conceder provimento parcialmente,0,rule
Decisão,CONCEDER PARCIALMENTE A REVISTA,2,0,0.50,Conceder provimento parcialmente,0,rule
Decisão,CONCEDIA A REVISTA,2,0,0.53,Conceder provimento,0,rule
Decisão,CONCEDIA PARCIALMENTE A REVISTA.,2,0,0.44,Conceder provimento parcialmente,0,rule
Decisão,CONCEDIDA A REFORMA,2,0,0.32,Conceder provimento,0,rule
Decisão,CONCEDIDA A REVISTA E BAIXA DOS AUTOS À RELAÇÃO,2,0,0.43,Ordenar baixa dos autos,0,rule
Decisão,CONCEDIDA A REVISTA E DETERMINADO O ENVIO À RELAÇÃO,2,0,0.33,Conceder provimento,0,rule
Decisão,CONCEDIDA A REVISTA E ORDENADO O PROSSEGUIMENTO DOS AUTOS,2,0,0.33,Prosseguir os autos,0,rule
Decisão,CONCEDIDA A REVISTA E REVOGADO O ACÓRDÃO,2,0,0.32,Revogar,0,rule
Decisão,CONCEDIDA A REVISTA EM PARTE,2,0,0.43,Conceder provimento parcialmente,0,rule
Decisão,CONCEDIDA A REVISTA REVOGADO ACORDO RECORRIDO,2,0,0.31,Revogar,0,rule
Decisão,"CONCEDIDA A REVISTA, ANULANDO-SE A DECISÃO",2,0,0.31,Conceder provimento,0,rule
Decisão,"CONCEDIDA A REVISTA, DETERMINADO-SE A BAIXA DO PROCESSO",2,0,0.31,Ordenar baixa dos autos,0,rule
Decisão,"CONCEDIDA A REVISTA, REPRISTINANDO-SE A DECISÃO DA 1ª INSTÂNCIA",2,0,0.32,Conceder provimento,0,rule
Decisão,CONCEDIDA A REVISTA.  NEGADA A REVISTA.,2,0,0.38,Conceder provimento parcialmente,1,rule:multi-part
Decisão,CONCEDIDA A REVISTA. NEGADO PROVIMENTO.,2,0,0.47,Conceder provimento parcialmente,1,rule:multi-part
Decisão,CONCEDIDA A REVISTA. PROVIDO.,2,0,0.39,Conceder provimento,1,rule:multi-part
Decisão,CONCEDIDA A REVISTA; ANULADO O JULGAMENTO.,2,0,0.41,Anular,0,rule
Decisão,CONCEDIDA EM PARTE AS REVISTAS,2,0,0.40,Conceder provimento parcialmente,0,rule
Decisão,CONCEDIDA PARCIALMENTE A REVISTA DO AUTOR E NEGADA A REVISTA DA RÉ,2,0,0.32,Negar provimento,0,rule
Decisão,CONCEDIDA PARCIALMENTE A REVISTA DOS AUTORES,2,0,0.43,Conceder provimento parcialmente,0,rule
Decisão,CONCEDIDA PARCIALMENTE A REVISTA PRINCIPAL E NEGADA A SUBORDINADA,2,0,0.34,Negar provimento,0,rule
Decisão,CONCEDIDA PARCIALMENTE A REVISTA. DECIDIDO NÃO TOMAR CONHECIMENTO.,2,0,0.34,Conceder provimento parcialmente,1,rule:multi-part
Decisão,CONCEDIDA PARCIALMENTE A REVISTA. REVOGADA A DECISÃO.,2,0,0.37,Conceder provimento parcialmente,1,rule:multi-part
Decisão,CONCEDIDA PARCIALMENTE AS REVISTAS,2,0,0.41,Conceder provimento parcialmente,0,rule
Decisão,CONCEDIDA PARCIALMENTE REVISTA.,2,0,0.43,Conceder provimento parcialmente,0,rule
Decisão,CONCEDIDA REVISTA PARCIAL,2,0,0.56,Conceder provimento parcialmente,0,rule
Decisão,CONCEDIDA REVISTA.,2,0,0.53,Conceder provimento,0,rule
Decisão,"CONCEDIDA, EM PARTE, A REVISTA",2,0,0.40,Conceder provimento parcialmente,0,rule
Decisão,CONCEDIDADA A REVISTA,2,0,0.43,Conceder provimento,0,rule
Decisão,CONCEDIDAS AMBAS AS REVISTAS,2,0,0.32,Conceder provimento,0,rule
Decisão,CONCEDIDO PARCIAL PROVIMENTO,2,0,0.64,Conceder provimento parcialmente,0,rule
Decisão,CONCEDIDO PARCIAL PROVIMENTO AO RECURSO,2,0,0.46,Conceder provimento parcialmente,0,rule
Decisão,CONCEDIDO PROVIMENTO PARCIAL.,2,0,0.75,Conceder provimento parcialmente,0,rule
Decisão,CONCEDIDO.,2,0,0.42,Conceder provimento,0,rule
Decisão,CONDEDIDA A REVISTA,2,0,0.42,Conceder provimento,0,rule
Decisão,CONFIRMADA A DECISÃO RECORRIDA,2,0,0.30,Confirmar,0,rule
Decisão,CONFIRMADA A DECISÃO. NEGADA A REVISTA.,2,0,0.26,Confirmar,1,rule:multi-part
Decisão,CONFIRMADO O ACÓRDÃO RECORRIDO,2,0,0.30,Confirmar,0,rule
Decisão,Conceder a revista,2,0,0.63,Conceder provimento,0,rule
Decisão,Concedida a Revista e anulado o acórdão,2,0,0.33,Anular,0,rule
Decisão,Concedida a revista e repristinada a decisão de 1ª instância,2,0,0.33,Conceder provimento,0,rule
Decisão,Confirmada a decisão do relator,2,0,0.35,Confirmar,0,rule
Decisão,DECIDIDO CONHECER DO RECURSO. ALTERADO O EFEITO DO RECURSO.,2,0,0.24,Sem informação,1,rule:multi-part
Decisão,DECIDIDO NÃO CONHECER DO RECURSO,2,0,0.38,Não conhecer,0,rule
Decisão,DECIDIDO NÃO TOMAR CONHECIMENTO. ALTERADA A ESPÉCIE DE RECURSO.,2,0,0.27,Não conhecer,1,rule:multi-part
Decisão,DECIDIDO NÃO TOMAR CONHECIMENTO. PROVIDO.,2,0,0.32,Não conhecer,1,rule:multi-part
Decisão,DECIDIDO NÃO TOMAR CONHECIMENTO. REJEITADO O RECURSO.,2,0,0.29,Não conhecer,1,rule:multi-part
Decisão,DECIDIDO NãO TOMAR CONHECIMENTO.,2,0,0.35,Não conhecer,0,rule
Decisão,DECISÃO INTERLOCUTÓRIA,2,0,0.36,Sem informação,0,rule
Decisão,DECLARADA A NULIDADE DO ACÓRDÃO RECORRIDO.,2,0,0.32,Anular,0,rule
Decisão,DECLARADA EXTINTA A RESPONSABILIDADE CRIMINAL.,2,0,0.42,Julgar extinta a instância,0,rule
Decisão,DEFERIDA A ESCUSA,2,0,0.36,Deferir,0,rule
Decisão,DEFERIDA A PETIÇÃO,2,0,0.41,Deferir,0,rule
Decisão,DEFERIDA PARCIALMENTE,2,0,0.53,Deferir,0,rule
Decisão,DEFERIDO O REQUERIMENTO,2,0,0.43,Deferir,0,rule
Decisão,DEFERIR A PROVIDÊNCIA DE HABEAS CORPUS,2,0,0.29,Deferir,0,rule
Decisão,DESATENDIDA A ACLARAÇÃO,2,0,0.35,Sem informação,0,rule
Decisão,DESATENDIDA A QUESTÃO PREVIA.,2,0,0.43,Sem informação,0,rule
Decisão,DESATENDIDA QUESTÃO PREVIA.,2,0,0.38,Sem informação,0,rule
Decisão,DESENTENDIDA A RECLAMAÇÃO.,2,0,0.36,Indeferir,0,rule
Decisão,DESISTÊNCIA. EXTINÇÃO DO PROCESSO.,2,0,0.30,Julgar extinta a instância,1,rule:multi-part
Decisão,DESPACHO RECLAMADO MANTIDO,2,0,0.31,Indeferir,0,rule
Decisão,DICIDIDO NÃO TOMAR CONHECIMENTO.,2,0,0.35,Não conhecer,0,rule
Decisão,DISTRIBUIR COMO REVISTA NORMAL,2,0,0.33,Sem informação,0,rule
Decisão,EXTINÇÃO DA INSTANCIA.,2,0,0.62,Julgar extinta a instância,0,rule
Decisão,EXTINÇÃO DO RECURSO.,2,0,0.42,Julgar extinta a instância,0,rule
Decisão,Fixada a Jurisprudência,2,0,0.83,Fixar jurisprudência,0,rule
Decisão,IMPROCEDENTE / NÃO DECRETAMENTO,2,0,0.35,Negar provimento,0,rule
Decisão,IMPROCEDENTE O RECURSO.,2,0,0.32,Negar provimento,0,rule
Decisão,IMPROCEDENTE. NEGADO PROVIMENTO AO RECURSO.,2,0,0.36,Negar provimento,1,rule:multi-part
Decisão,IMPROCEDÊNCIA  / NÃO DECRETAMENTO,2,0,0.34,Negar provimento,0,rule
Decisão,IMPROCEDÊNCIA /  NÃO DECRETAMENTO,2,0,0.34,Negar provimento,0,rule
Decisão,IMPROCEDÊNCIA / NÃO DESCRETAMENTO,2,0,0.33,Negar provimento,0,rule
Decisão,IMPROCEDÊNCIA DA AÇÃO,2,0,0.38,Negar provimento,0,rule
Decisão,IMPROCEDÊNCIA NÃO DECRETAMENTO,2,0,0.37,Negar provimento,0,rule
Decisão,IMPROCEDÊNCIA. NÃO DECRETAMENTO,2,0,0.35,Negar provimento,1,rule:multi-part
Decisão,INDEFEIDA A RECLAMAÇÃO,2,0,0.36,Indeferir,0,rule
Decisão,INDEFERIDA A ARGUIÇÃO DE NULIDADES.,2,0,0.32,Indeferir,0,rule
Decisão,INDEFERIDA A PETIÇÃO.,2,0,0.40,Indeferir,0,rule
Decisão,INDEFERIDA A PROVIDÊNCIA REQUERIDA,2,0,0.32,Indeferir,0,rule
Decisão,INDEFERIDA A RECLAMAÇÃO E NEGADA A REVISTA,2,0,0.29,Indeferir,0,rule
Decisão,INDEFERIDA A RECLAMAÇÃO E O PEDIDO DE REFORMA,2,0,0.27,Indeferir,0,rule
Decisão,"INDEFERIDA A RECLAMAÇÃO, CONFIRMANDO-SE O DESPACHO DO RELATOR",2,0,0.25,Indeferir,0,rule
Decisão,"INDEFERIDA A RECLAMAÇÃO, MANTENDO-SE A DECISÃO DA RELATORA",2,0,0.28,Indeferir,0,rule
Decisão,"INDEFERIDA A RECLAMAÇÃO, MANTENDO-SE A DECISÃO DO RELATOR",2,0,0.28,Indeferir,0,rule
Decisão,"INDEFERIDA A RECLAMAÇÃO, MANTENDO-SE O DESPACHO DO",2,0,0.26,Indeferir,0,rule
Decisão,INDEFERIDA A RECLAMÇÃO,2,0,0.41,Indeferir,0,rule
Decisão,INDEFERIDA A RECLAÇÃO,2,0,0.43,Indeferir,0,rule
Decisão,INDEFERIDA A RECLMAÇÃO,2,0,0.41,Indeferir,0,rule
Decisão,INDEFERIDA A REFORMA,2,0,0.45,Indeferir,0,rule
Decisão,INDEFERIDA A SUSPENSÃO DE EFICÁCIA,2,0,0.32,Indeferir,0,rule
Decisão,INDEFERIDA E RECLAMAÇÃO,2,0,0.39,Indeferir,0,rule
Decisão,INDEFERIDA PARCIALMENTE,2,0,0.56,Indeferir,0,rule
Decisão,INDEFERIDAS AS RECLAMAÇÕES,2,0,0.35,Indeferir,0,rule
Decisão,INDEFERIDO A RECLAMAÇÃO PARA A CONFERÊNCIA,2,0,0.38,Indeferir,0,rule
Decisão,INDEFERIDO O HABEAS CORPUS,2,0,0.35,Indeferir,0,rule
Decisão,INDEFERIDO O PEDIDO DE REFORMA.,2,0,0.30,Indeferir,0,rule
Decisão,INDEFERIDO O REQUERIMENTO DE RECUSA.,2,0,0.31,Indeferir,0,rule
Decisão,INDEFERIDO O REQUERIMENTO DE SUSPENSÃO DA EFICÁCIA,2,0,0.30,Indeferir,0,rule
Decisão,INDEFERIDO POR FALTA DE FUNDAMENTO,2,0,0.32,Indeferir,0,rule
Decisão,INDEFERIMENTO. DECIDIDO NÃO TOMAR CONHECIMENTO.,2,0,0.33,Indeferir,1,rule:multi-part
Decisão,INDEFERIR O PEDIDO DE HABEAS CORPUS,2,0,0.29,Indeferir,0,rule
Decisão,INUTILIDADE/ IMPOSSIBILIDADE DA LIDE,2,0,0.19,Julgar extinta a instância,0,rule
Decisão,INUTILIDADE/IMPOSSIBILIDADE DA LIDE,2,0,0.17,Julgar extinta a instância,0,rule
Decisão,Indeferido o pedido,2,0,0.42,Indeferir,0,rule
Decisão,JULGADA EXTINTA A OPOSIÇÃO.,2,0,0.62,Julgar extinta a instância,0,rule
Decisão,JULGADA IMPROCEDENTE,2,0,0.45,Negar provimento,0,rule
Decisão,JULGADA PARCIALMENTE PROCEDENTE A REVISTA,2,0,0.34,Conceder provimento parcialmente,0,rule
Decisão,JULGADA PROCEDENTE,2,0,0.50,Conceder provimento,0,rule
Decisão,JULGADA PROCEDENTE A ACÇÃO,2,0,0.38,Conceder provimento,0,rule
Decisão,JULGADA PROCEDENTE A ACÇÃO.,2,0,0.38,Conceder provimento,0,rule
Decisão,JULGADO IMPROCEDENTE A ACÇÃO.,2,0,0.36,Negar provimento,0,rule
Decisão,JULGADO IMPROCEDENTE A AÇÃO.,2,0,0.37,Negar provimento,0,rule
Decisão,JULGADO PARCIALMENTE,2,0,0.47,Conceder provimento parcialmente,0,rule
Decisão,JULGADO PARCIALMENTE PROCEDENTE.,2,0,0.41,Conceder provimento parcialmente,0,rule
Decisão,JULGADO PARCIALMENTE PROCEDENTES OS RECURSOS.,2,0,0.30,Conceder provimento parcialmente,0,rule
Decisão,JULGADOS IMPROCEDENTES OS RECURSOS,2,0,0.35,Negar provimento,0,rule
Decisão,JULGADOS OS RECURSOS IMPROCEDENTES.,2,0,0.29,Negar provimento,0,rule
Decisão,JULGADOS PARCIALMENTE PROCEDENTES OS RECURSOS.,2,0,0.29,Conceder provimento parcialmente,0,rule
Decisão,JULGAR IMPROCEDENTE O RECURSO,2,0,0.38,Negar provimento,0,rule
Decisão,JULGAR PROCEDENTE O RECURSO,2,0,0.41,Conceder provimento,0,rule
Decisão,Julgado improcedente o recurso,2,0,0.33,Negar provimento,0,rule
Decisão,Julgado o Recurso parcialmente procedente,2,0,0.37,Conceder provimento parcialmente,0,rule
Decisão,Julgado o recurso improcedente,2,0,0.33,Negar provimento,0,rule
Decisão,Julgado o recurso parcialmente procedente,2,0,0.37,Conceder provimento parcialmente,0,rule
Decisão,MANDADA AMPLIAR A MATERIA DE FACTO. CONCEDIDA A REVISTA.,2,0,0.25,Conceder provimento,1,rule:multi-part
Decisão,MANDADA AMPLIAR A MATÉRIA DE FACTO. ANULADA A DECISÃO.,2,0,0.26,Anular,1,rule:multi-part
Decisão,MANTIDA A DECISÃO RECLAMADA,2,0,0.26,Indeferir,0,rule
Decisão,NEGA-SE A REVISTA.,2,0,0.41,Negar provimento,0,rule
Decisão,NEGA-SE PROVIMENTO AO RECURSO,2,0,0.52,Negar provimento,0,rule
Decisão,NEGA-SE PROVIMENTO.,2,0,0.83,Negar provimento,0,rule
Decisão,NEGADA A  REVISTA,2,0,0.44,Negar provimento,0,rule
Decisão,NEGADA A APELAÇÃO.,2,0,0.35,Negar provimento,0,rule
Decisão,NEGADA A AREVISTA,2,0,0.41,Negar provimento,0,rule
Decisão,NEGADA A DECISÃO.,2,0,0.38,Negar provimento,0,rule
Decisão,NEGADA A REVISTA .,2,0,0.44,Negar provimento,0,rule
Decisão,NEGADA A REVISTA / CONFIRMADO O ACÓRDÃO RECORRIDO,2,0,0.22,Confirmar,0,rule
Decisão,NEGADA A REVISTA / UNIFORMIZADA JURISPRUDÊNCIA,2,0,0.39,Fixar jurisprudência,0,rule
Decisão,NEGADA A REVISTA COM FUNDAMENTAÇÃO DIVERSA.,2,0,0.31,Negar provimento,0,rule
Decisão,NEGADA A REVISTA DO RÉU,2,0,0.39,Negar provimento,0,rule
Decisão,NEGADA A REVISTA E NÃO  ADMITIDO O RECURSO SUBORDINADO,2,0,0.23,Não admitir,0,rule
Decisão,NEGADA A REVISTA NORMAL. REMESSA À FORMAÇÃO,2,0,0.28,Negar provimento,1,rule:multi-part
Decisão,NEGADA A REVISTA PARCIALMENTE,2,0,0.56,Negar provimento,0,rule
Decisão,NEGADA A REVISTA. CONFIRMADA A DECISÃO.,2,0,0.29,Negar provimento,1,rule:multi-part
Decisão,NEGADA A REVISTA. MANDADA AMPLIAR A MATERIA DE FACTO.,2,0,0.27,Negar provimento,1,rule:multi-part
Decisão,NEGADA A REVISTA. ORDENADA A BAIXA DO PROCESSO.,2,0,0.35,Negar provimento,1,rule:multi-part
Decisão,NEGADA AMBAS AS REVISTAS,2,0,0.29,Negar provimento,0,rule
Decisão,NEGADA AREVISTA,2,0,0.50,Negar provimento,0,rule
Decisão,NEGADA PARCIALMENTE,2,0,0.58,Negar provimento,0,rule
Decisão,NEGADA REVISÃO,2,0,0.50,Negar provimento,0,rule
Decisão,NEGADA.,2,0,0.29,Negar provimento,0,rule
Decisão,NEGADAS AMBAS AS REVISTAS.,2,0,0.28,Negar provimento,0,rule
Decisão,NEGADO A REVISTA.,2,0,0.44,Negar provimento,0,rule
Decisão,NEGADO PROVIDO,2,0,0.63,Negar provimento,0,rule
Decisão,NEGADO PROVIMENO.,2,0,0.81,Negar provimento,0,rule
Decisão,NEGADO PROVIMENTO A AMBAS AS REVISTAS,2,0,0.41,Negar provimento,0,rule
Decisão,NEGADO PROVIMENTO AO RECURSO DE REVISTA,2,0,0.38,Negar provimento,0,rule
Decisão,NEGADO PROVIMENTO.  PROVIDO.,2,0,0.58,Conceder provimento parcialmente,1,rule:multi-part
Decisão,NEGADO PROVIMENTO. ALTERADA A PENA.,2,0,0.44,Negar provimento,1,rule:multi-part
Decisão,NEGADO PROVIMENTO. ALTERADO O EFEITO DO RECURSO.,2,0,0.32,Negar provimento,1,rule:multi-part
Decisão,NEGADO PROVIMENTO. ANULADO O JULGAMENTO.,2,0,0.44,Negar provimento,1,rule:multi-part
Decisão,NEGADO PROVIMENTO. CONCEDIDA PARCIALMENTE A REVISTA.,2,0,0.45,Conceder provimento parcialmente,1,rule:multi-part
Decisão,NEGADO PROVIMENTO. CONFIRMADA A DECISÃO.,2,0,0.38,Negar provimento,1,rule:multi-part
Decisão,NEGADO PROVIMENTO. DESERÇÃO.,2,0,0.56,Negar provimento,1,rule:multi-part
Decisão,NEGADO PROVIMENTO. ORDENADO O PROSSEGUIMENTO DO PROCESSO.,2,0,0.32,Negar provimento,1,rule:multi-part
Decisão,NEGADO PROVIMENTO. TIRADO ASSENTO.,2,0,0.48,Negar provimento,1,rule:multi-part
Decisão,NEGADO PROVIMETO.,2,0,0.81,Negar provimento,0,rule
Decisão,NEGAGA A REVISTA.,2,0,0.44,Negar provimento,0,rule
Decisão,NEGAÇÃO DA REVISTA,2,0,0.39,Negar provimento,0,rule
Decisão,Negar a revista,2,0,0.56,Negar provimento,0,rule
Decisão,NÃO ADMITIDA,2,0,0.83,Não admitir,0,rule
Decisão,NÃO ADMITIDA A RECLAMAÇÃO,2,0,0.44,Não admitir,0,rule
Decisão,NÃO ADMITIDO O RECURSO PARA UNIFORMIZAÇÃO DE JURISPRUDÊNCIA,2,0,0.31,Fixar jurisprudência,0,rule
Decisão,NÃO ADMITIR A REVISTA EXCEPCIONAL,2,0,0.33,Não admitir,0,rule
Decisão,NÃO ADMITIR O RECURSO,2,0,0.52,Não admitir,0,rule
Decisão,NÃO CONHECER DO PEDIDO DE HABEAS CORPUS,2,0,0.31,Não conhecer,0,rule
Decisão,NÃO CONHECEU DO OBJECTO DO RECURSO,2,0,0.35,Não conhecer,0,rule
Decisão,NÃO CONHECIDA A REVISTA,2,0,0.48,Não conhecer,0,rule
Decisão,NÃO CONHECIDO O OBJECTO DE RECURSO,2,0,0.35,Não conhecer,0,rule
Decisão,NÃO CONHECIMENTO DO OBJECTO DE RECURSO.,2,0,0.32,Não conhecer,0,rule
Decisão,NÃO CONHECIMENTO DO OBJECTO DO RECURSO DA AUTORA REFERENTE A UM SEGMENTO DECISÓRIO,2,0,0.24,Não conhecer,0,rule
Decisão,NÃO CONHECIMENTO DO OBJETO DE RECURSO,2,0,0.32,Não conhecer,0,rule
Decisão,NÃO CONHECIMENTO DO OBJETO DO RECURSO.,2,0,0.32,Não conhecer,0,rule
Decisão,NÃO RECEBIDO O RECURSO.,2,0,0.41,Não admitir,0,rule
Decisão,NÃO SE ADMITE O RECURSO,2,0,0.43,Não admitir,0,rule
Decisão,NÃO SE CONHECE O OBJECTO DO RECURSO.,2,0,0.34,Não conhecer,0,rule
Decisão,NÃO SE TOMA CONHECIMENTO DO OBJECTO DO RECURSO,2,0,0.26,Não conhecer,0,rule
Decisão,NÃO TOMAR CONHECIMENTO DO OBJECTO DO RECURSO POR ESTE SER INADMISSÍVEL,2,0,0.26,Não conhecer,0,rule
Decisão,NÃO TOMAR CONHECIMENTO DO OBJECTO DO RECURSO.,2,0,0.27,Não conhecer,0,rule
Decisão,NÃO TOMAR CONHECIMENTO DO RECURSO.,2,0,0.36,Não conhecer,0,rule
Decisão,NÃO VERIFICADA A OPOSIÇÃO DE JULGADOS,2,0,0.30,Sem informação,0,rule
Decisão,Não admitido o recurso de revista,2,0,0.33,Não admitir,0,rule
Decisão,Não conhecer o objecto do recurso,2,0,0.36,Não conhecer,0,rule
Decisão,Não tomar conhecimento do objecto do recurso,2,0,0.27,Não conhecer,0,rule
Decisão,ORDENADA A BAIXA DO PROCESSO. CONCEDIDA A REVISTA.,2,0,0.39,Conceder provimento,1,rule:multi-part
Decisão,ORDENADA A BAIXA DO PROCESSO. PROVIDO PARCIAL.,2,0,0.40,Conceder provimento parcialmente,1,rule:multi-part
Decisão,ORDENADA A BAIXA DO PROCESSO. PROVIDO.,2,0,0.46,Conceder provimento,1,rule:multi-part
Decisão,ORDENADA A BAIXA DOS AUTOS,2,0,0.85,Ordenar baixa dos autos,0,rule
Decisão,ORDENADA A BAIXA DOS AUTOS AO TRIBUNAL DA RELAÇÃO PARA AMPLIAR A MATÉRIA DE FACTO,2,0,0.27,Ordenar baixa dos autos,0,rule
Decisão,ORDENADA A BAIXA À RELAÇÃO.,2,0,0.54,Ordenar baixa dos autos,0,rule
Decisão,ORDENADA A REMESSA AO TRIBUNAL DA RELAÇÃO DE LISBOA,2,0,0.29,Remeter os autos,0,rule
Decisão,ORDENADO O PROSSEGUIMENTO DO PROCESSO,2,0,0.35,Prosseguir os autos,0,rule
Decisão,ORDENADO O PROSSEGUIMENTO DO PROCESSO. VERIFICADA A OPOSIÇÃO.,2,0,0.28,Prosseguir os autos,1,rule:multi-part
Decisão,ORDENADO O REENVIO DO PROCESSO.,2,0,0.37,Ordenar baixa dos autos,0,rule
Decisão,ORDENADO O REENVIO.,2,0,0.35,Ordenar baixa dos autos,0,rule
Decisão,PARCIALMENTE CONCEDIDA,2,0,0.27,Conceder provimento parcialmente,0,rule
Decisão,PARCIALMENTE PROVIDA,2,0,0.25,Conceder provimento parcialmente,0,rule
Decisão,PROCEDENTE O RECURSO,2,0,0.35,Conceder provimento,0,rule
Decisão,PROCEDENTE.,2,0,0.38,Conceder provimento,0,rule
Decisão,PROCEDÊNCIA,2,0,0.40,Conceder provimento,0,rule
Decisão,PROCEDÊNCIA / DECRATAMENTO TOTAL.,2,0,0.34,Conceder provimento,0,rule
Decisão,PROCEDÊNCIA / DECRETAMENTO PARCIAL.,2,0,0.41,Conceder provimento parcialmente,0,rule
Decisão,PROCEDÊNCIA PARCIAL DA AÇÃO,2,0,0.37,Conceder provimento parcialmente,0,rule
Decisão,PROCEDÊNCIA/DECRETAMENTO PARCIAL,2,0,0.41,Conceder provimento parcialmente,0,rule
Decisão,PROCEDÊNCIA/DECRETAMENTO TOTAL.,2,0,0.33,Conceder provimento,0,rule
Decisão,PRONÚNCIA,2,0,0.33,Sem informação,0,rule
Decisão,PROVIDO O RECURSO E ANULADO O ACÓRDÃO RECORRIDO,2,0,0.23,Anular,0,rule
Decisão,PROVIDO PARCIAL. DECIDIDO NÃO TOMAR CONHECIMENTO.,2,0,0.29,Conceder provimento parcialmente,1,rule:multi-part
Decisão,PROVIDO PARCIAL. MANDADA AMPLIAR A MATÉRIA DE FACTO.,2,0,0.25,Conceder provimento parcialmente,1,rule:multi-part
Decisão,PROVIDO PARCIAL. ORDENADO O PROSSEGUIMENTO DO PROCESSO.,2,0,0.28,Conceder provimento parcialmente,1,rule:multi-part
Decisão,PROVIDO. MANDADA AMPLIAR A MATÉRIA DE FACTO.,2,0,0.28,Conceder provimento,1,rule:multi-part
Decisão,PROVIDO. NEGADA A REVISTA.,2,0,0.28,Conceder provimento parcialmente,1,rule:multi-part
Decisão,Parcialmente procedente o Recurso,2,0,0.30,Conceder provimento parcialmente,0,rule
Decisão,"QUALIFICADO COMO MANIFESTAMENTE INFUNDADO O INCIDENTE SUSCITADO PELA RECLAMANTE E ORDENADO A EXTRACÇÃO DO TRASLADO, ARTIGO 670º DO C.P.CIVIL.",2,0,0.15,Rejeitar,1,rule:multi-part
Decisão,RECLAMAÇÃO,2,0,0.43,Sem informação,1,fallback:unparsed
Decisão,RECLAMAÇÃO DEFERIDA.,2,0,0.45,Deferir,0,rule
Decisão,RECURSO PENAL,2,0,0.35,Sem informação,0,rule
Decisão,RECURSO REJEITADO,2,0,0.41,Rejeitar,0,rule
Decisão,RECUSA INDEFERIDA,2,0,0.47,Indeferir,0,rule
Decisão,RECUSADO O PEDIDO,2,0,0.30,Rejeitar,0,rule
Decisão,REENVIO DO PROCESSO PARA NOVO JULGAMENTO,2,0,0.35,Ordenar baixa dos autos,0,rule
Decisão,REENVIO.,2,0,0.38,Ordenar baixa dos autos,0,rule
Decisão,REGEITADO.,2,0,0.67,Rejeitar,0,rule
Decisão,REJEITADO O PEDIDO DE RECUSA,2,0,0.29,Rejeitar,0,rule
Decisão,REJEITADO O RECURSO DE REVISTA,2,0,0.30,Rejeitar,0,rule
Decisão,REJEITADO O RECURSO INTERPOSTO,2,0,0.37,Rejeitar,0,rule
Decisão,REJEITADO O RECURSO POR FALTA DE OPOSIÇÃO,2,0,0.32,Rejeitar,0,rule
Decisão,REJEITADO O RECURSO. DECIDIDO NÃO TOMAR CONHECIMENTO.,2,0,0.29,Rejeitar,1,rule:multi-part
Decisão,REMESSA AO TRIBUNAL DE 1ª INSTÂNCIA,2,0,0.43,Remeter os autos,0,rule
Decisão,"REMESSA DOS AUTOS AO TRIBUNAL ""A QUO""",2,0,0.36,Remeter os autos,0,rule
Decisão,REMESSA À FORMAÇÃO,2,0,0.61,Remeter os autos,0,rule
Decisão,REMETIDO AO TRIBUNAL DA RELAÇÃO,2,0,0.35,Remeter os autos,0,rule
Decisão,REMETIDO O PROCESSO AO TRIBUNAL DA RELAÇÃO DE COIMBRA.,2,0,0.30,Remeter os autos,0,rule
Decisão,REMETIDO À RELAÇÃO PARA AMPLIAÇÃO DA MATÉRIA DE FACTO,2,0,0.25,Remeter os autos,0,rule
Decisão,REVISTA,2,0,0.50,Sem informação,0,rule
Decisão,REVISTA CONCEDIDA/PROCEDENTE,2,0,0.43,Conceder provimento,0,rule
Decisão,REVISTA DA AUTORA IMPROCEDENTE,2,0,0.33,Negar provimento,0,rule
Decisão,REVISTA DA RÉ IMPROCEDENTE.,2,0,0.38,Negar provimento,0,rule
Decisão,REVISTA DA RÉ PARCIALMENTE PROCEDENTE.,2,0,0.38,Conceder provimento parcialmente,0,rule
Decisão,REVISTA DO AUTOR IMPROCEDENTE.,2,0,0.34,Negar provimento,0,rule
Decisão,REVISTA DO RÉU PARCIALMENTE PROCEDENTE,2,0,0.37,Conceder provimento parcialmente,0,rule
Decisão,REVISTA PROCEDENTE BAIXANDO OS AUTOS AO TRIBUNAL DA RELAÇÃO,2,0,0.32,Ordenar baixa dos autos,0,rule
Decisão,REVISTAS IMPROCEDENTES.,2,0,0.41,Negar provimento,0,rule
Decisão,REVOGADA A DECISÃO. ORDENADO O PROSSEGUIMENTO DO PROCESSO.,2,0,0.26,Revogar,1,rule:multi-part
Decisão,REVOGADA A REVISTA.,2,0,0.39,Revogar,0,rule
Decisão,Rejeitada a reclamação,2,0,0.41,Rejeitar,0,rule
Decisão,Rejeitado o recurso de revista,2,0,0.30,Rejeitar,0,rule
Decisão,"   CONCEDIDA, EM PARTE, A REVISTA DO AUTOR.",1,0,0.38,Conceder provimento parcialmente,0,rule
Decisão,NEGADA A REVISTA DA RÉ.,1,0,0.36,Negar provimento,0,rule
Decisão,NEGADO PROVIMENTO NA MATÉRIA CÍVEL,1,0,0.44,Negar provimento,0,rule
Decisão,ORDENADO O REENVIO QUANTO AO ....,1,0,0.39,Ordenar baixa dos autos,0,rule
Decisão,- REVISTA IMPROCEDENTE NA PARTE CONHECIDA,1,0,0.36,Negar provimento,0,rule
Decisão,-  NEGADA A REVISTA,1,0,0.44,Negar provimento,0,rule
Decisão,- BAIXA DOS AUTOS,1,0,0.65,Ordenar baixa dos autos,0,rule
Decisão,- CONCEDIDA A PRETENSÃO DA AUTORA,1,0,0.39,Conceder provimento,0,rule
Decisão,- CONCEDIDA PARCIALMENTE A REVISTA DA RÉ,1,0,0.47,Conceder provimento parcialmente,0,rule
Decisão,- CONCEDIDA PARCIALMENTE A REVISTA DAS RÉS,1,0,0.45,Conceder provimento parcialmente,0,rule
Decisão,- CONCEDIDA PARCIALMENTE A REVISTA INTERPOSTA POR BB,1,0,0.38,Conceder provimento parcialmente,0,rule
Decisão,- CONCEDIDO PROVIMENTO PARCIAL AO RECURSO DA RÉ,1,0,0.60,Conceder provimento parcialmente,0,rule
Decisão,- DEFERIDO PARCIALMENTE O PEDIDO DE DISPENSA,1,0,0.29,Deferir,0,rule
Decisão,- DEFERIDO PARCIALMENTE O PEDIDO DE DISPENSA DO REMANESCENTE DA TAXA DE JUSTIÇA,1,0,0.22,Deferir,0,rule
Decisão,- DETERMINADO O ENVIO À RELAÇÃO,1,0,0.34,Sem informação,1,fallback:unparsed
Decisão,- INDEFERIDA,1,0,0.80,Indeferir,0,rule
Decisão,- JULGADO IMPROCEDENTE A RECONVENÇÃO,1,0,0.38,Negar provimento,0,rule
Decisão,- NEGADA A REVISTA DA 1.ª RÉ,1,0,0.31,Negar provimento,1,rule:multi-part
Decisão,- NEGADA A REVISTA DO R.,1,0,0.43,Negar provimento,0,rule
Decisão,- NEGADA A REVISTA DO RÉU,1,0,0.39,Negar provimento,0,rule
Decisão," - RECURSO DO AA, CONCEDIDO PARCIALMENTE",1,0,0.46,Conceder provimento parcialmente,0,rule
Decisão,- REMETIDO O PROCESSO À RELAÇÃO,1,0,0.34,Remeter os autos,0,rule
Decisão,-ANULADO O ACÓRDÃO RECORRIDO,1,0,0.33,Anular,0,rule
Decisão,CONCEDIDA PARCIALMENTE A REVISTA DO AUTOR,1,0,0.44,Conceder provimento parcialmente,0,rule
Decisão,CONCEDIDA PARCIALMENTE A REVISTA DO AUTOR.,1,0,0.44,Conceder provimento parcialmente,0,rule
Decisão,NEGADA A REVISTA DA RÉ,1,0,0.36,Negar provimento,0,rule
Decisão,NEGADA A REVISTA.,1,0,0.44,Negar provimento,0,rule
Decisão,RECURSO SUBORDINADO - NEGADA A REVISTA,1,0,0.32,Negar provimento,0,rule
Decisão,REJEITADO O RECURSO INTERPOSTO PELOS RECORRENTES,1,0,0.31,Rejeitar,0,rule
Decisão,"- AO JUÍZO DE EXECUÇÃO DE PENAS DO PORTO, NO PROCESSO SUPLETIVO 281/24.4...",1,0,0.20,Sem informação,1,fallback:unparsed
Decisão,- CONCEDIDA,1,0,0.37,Conceder provimento,0,rule
Decisão,- CONCEDIDA A REVISTA,1,0,0.47,Conceder provimento,0,rule
Decisão,- CONCEDIDA A REVISTA DA RÉ;,1,0,0.40,Conceder provimento,0,rule
Decisão,- CONCEDIDA A REVISTA DO A.,1,0,0.46,Conceder provimento,0,rule
Decisão,- CONCEDIDA A REVISTA DO AUTOR.,1,0,0.46,Conceder provimento,0,rule
Decisão,"- CONCEDIDA A REVISTA INTERPOSTA POR M...REPRESENTAÇÕES, LDA",1,0,0.34,Conceder provimento,1,rule:multi-part
Decisão,- CONCEDIDA A REVISTA QUANTO À NULIDADE DE OMISSÃO DE,1,0,0.35,Conceder provimento,0,rule
Decisão,- CONCEDIDA A REVISTA.,1,0,0.47,Conceder provimento,0,rule
Decisão,- CONCEDIDA A REVISTA;,1,0,0.47,Conceder provimento,0,rule
Decisão,- CONCEDIDA PARCIALMENTE A REVISTA DA AUTORA.,1,0,0.43,Conceder provimento parcialmente,0,rule
Decisão,- CONCEDIDA PARCIALMENTE A REVISTA DO AUTOR,1,0,0.44,Conceder provimento parcialmente,0,rule
Decisão,- CONCEDIDA PARCIALMENTE A REVISTA DOS AA.,1,0,0.44,Conceder provimento parcialmente,0,rule
Decisão,- DECLARA-SE O SUPREMO TRIBUNAL DE JUSTIÇA INCOMPETENTE PARA O CONHECIMENTO DO RECURSO INTERPOSTO NOS AUTOS;,1,0,0.21,Sem informação,1,fallback:unparsed
Decisão,"- MOSTRA-SE PREJUDICADO, ANTE O DECIDIDO, O PRONUNCIAMENTO SOBRE AS DEMAIS QUESTÕES REFERIDAS E SUSCITADAS",1,0,0.22,Sem informação,0,rule
Decisão,- MUDANÇA DE RELATOR;,1,0,0.30,Sem informação,1,fallback:unparsed
Decisão,- NEGADA A REVISTA,1,0,0.44,Negar provimento,0,rule
Decisão,- NEGADA A REVISTA DA AUTORA,1,0,0.38,Negar provimento,0,rule
Decisão,- NEGADA A REVISTA DA RÉ,1,0,0.36,Negar provimento,0,rule
Decisão,- NEGADA A REVISTA DOS AUTORES;,1,0,0.50,Negar provimento,0,rule
Decisão,- NEGADA A REVISTA NA PARTE RESTANTE,1,0,0.35,Negar provimento,0,rule
Decisão,- NEGADA A REVISTA NORMAL,1,0,0.39,Negar provimento,0,rule
Decisão,- NEGADA A REVISTA QUANTO AO RECURSO SOBRE A MATÉRIA DE FACTO;,1,0,0.24,Negar provimento,0,rule
Decisão,- NEGADO PROVIMENTO AO RECURSO DO AUTOR.,1,0,0.41,Negar provimento,0,rule
Decisão,- NEGAR A REVISTA,1,0,0.56,Negar provimento,0,rule
Decisão,- NEGAR A REVISTA NORMAL,1,0,0.45,Negar provimento,0,rule
Decisão,- NEGAR A REVISTA QUANTO À MATÉRIA DE FACTO;,1,0,0.32,Negar provimento,0,rule
Decisão,"- NO MAIS, NEGA-SE A REVISTA",1,0,0.31,Negar provimento,0,rule
Decisão,- NÃO ADMITIDA A REVISTA DA 2.ª RÉ.,1,0,0.34,Não admitir,1,rule:multi-part
Decisão,- NÃO CONHECER DAS QUESTÕES SUSCITADAS PELA RÉ,1,0,0.36,Não conhecer,0,rule
Decisão,- NÃO SE ADMITE O RECURSO SOBRE A QUESTÃO DA IMPUGNAÇÃO PAULIANA.,1,0,0.24,Não admitir,0,rule
Decisão,- NÃO SE CONHECE DO RECURSO SUBORDINADO,1,0,0.32,Não conhecer,0,rule
Decisão,"- NÃO TOMAR CONHECIMENTO DO RECURSO, NA PARTE RESPEITANTE À PRETENSÃO DO TRIBUNAL ARBITRAL",1,0,0.24,Não conhecer,0,rule
Decisão,"- ORDENA-SE, APÓS O TRÂNSITO EM JULGADO, A REMESSA DOS AUTOS AO VENERANDO TRIBUNAL DA RELAÇÃO DE COIMBRA;",1,0,0.20,Remeter os autos,0,rule
Decisão,- QUANTO À MATÉRIA DE DIREITO: REMETER OS AUTOS À FORMAÇÃO DE JUÍZES A QUE ALUDE O Nº. 3 DO ARTº. 672º DO CPCIVIL,1,0,0.17,Remeter os autos,1,rule:multi-part
Decisão,- RECURSO DE MONOPOLY CONCEDIDO,1,0,0.28,Conceder provimento,0,rule
Decisão,- REPRISTINANDO A SENTENÇA DA 1ª. INSTÂMCIA,1,0,0.51,Sem informação,1,fallback:unparsed
Decisão,- REVISTA IMPROCEDENTE NA PARTE CONHECIDA,1,0,0.36,Negar provimento,0,rule
Decisão,-CONCEDER A REVISTA (RECURSO SUBORDINADO,1,0,0.38,Conceder provimento,0,rule
Decisão,-CONCEDER A REVISTA DO AUTOR,1,0,0.52,Conceder provimento,0,rule
Decisão,-CONCEDER PARCIALMENTE A REVISTA QUANTO AO RECURSO INDEPENDENTE DA RÉ,1,0,0.35,Conceder provimento parcialmente,0,rule
Decisão,-CONCEDER PARCIALMENTE O RECURSO,1,0,0.52,Conceder provimento parcialmente,0,rule
Decisão,-CONCEDIDA A REVISTA,1,0,0.47,Conceder provimento,0,rule
Decisão,-CONCEDIDA A REVISTA DA RÉ.,1,0,0.40,Conceder provimento,0,rule
Decisão,"-CONCEDIDA A REVISTA DO AUTOR,",1,0,0.46,Conceder provimento,0,rule
Decisão,"-CONCEDIDA A REVISTA, NA PARTE EM QUE SE CONSIDERA O TÍTULO DE EXECUÇÃO LÍQUIDO.",1,0,0.26,Conceder provimento,0,rule
Decisão,-CONCEDIDA PARCIALMENTE A REVISTA DA AUTORA,1,0,0.43,Conceder provimento parcialmente,0,rule
Decisão,-CONCEDIDA PARCIALMENTE A REVISTA DA AUTORA.,1,0,0.43,Conceder provimento parcialmente,0,rule
Decisão,-CONCEDIDA PARCIALMENTE A REVISTA DOS AUTORES,1,0,0.43,Conceder provimento parcialmente,0,rule
Decisão,-CONCEDIDA PARCIALMENTE A REVISTA INTERPOSTA PELAS AUTORAS,1,0,0.35,Conceder provimento parcialmente,0,rule
Decisão,-Concedida a Revista; -Julgado improcedente o recurso subordinado,1,0,0.28,Negar provimento,0,rule
Decisão,-DECIDIR PELA INADMISSIBILIDADE DO RECURSO DA AUTORA;,1,0,0.31,Sem informação,1,fallback:unparsed
Decisão,-DEFERIDA A DISPENSA DE TAXA DE JUSTIÇA,1,0,0.32,Deferir,0,rule
Decisão,-DEFERIDA A RECLAMAÇÃO QUANTO A CUSTAS,1,0,0.32,Deferir,0,rule
Decisão,-DEFERIDA PARCIALMENTE A REFORMA QUANTO A CUSTAS,1,0,0.28,Deferir,0,rule
Decisão,"-Deferida a Reclamação da Recorrente Seguradoras Unidas, S.A.; -Indeferida a Reclamação da Recorrente ...",1,0,0.19,Deferir,1,rule:multi-part
Decisão,-INDEFERIDA A NULIDADE INVOCADA.,1,0,0.30,Indeferir,0,rule
Decisão,-INDEFERIDA A RECLAMAÇÃO,1,0,0.39,Indeferir,0,rule
Decisão,-INDEFERIDA A RECLAMAÇÃO QUANTO ÀS OUTRAS QUESTÕES,1,0,0.31,Indeferir,0,rule
Decisão,-JULGADO IMPROCEDENTE O RECURSO SUBORDINADO,1,0,0.31,Negar provimento,0,rule
Decisão,-JULGAR PREJUDICADO O RECURSO SUBORDINADO;,1,0,0.35,Sem informação,1,fallback:unparsed
Decisão,-NEGADA A REVISTA,1,0,0.44,Negar provimento,0,rule
Decisão,-NEGADA A REVISTA DO RECURSO SUBORDINADO,1,0,0.28,Negar provimento,0,rule
Decisão,-NEGADA A REVISTA DOS RÉUS,1,0,0.36,Negar provimento,0,rule
Decisão,-NEGADA A REVISTA DOS RÉUS;,1,0,0.36,Negar provimento,0,rule
Decisão,-NEGADA A REVISTA INTERPOSTA PELA AUTORA,1,0,0.31,Negar provimento,0,rule
Decisão,-NEGADA A REVISTA INTERPOSTA PELA RÉ;,1,0,0.31,Negar provimento,0,rule
Decisão,-NEGADA A REVISTA NO SEGMENTO EM QUE FOI ADMITIDA,1,0,0.27,Negar provimento,0,rule
Decisão,-NEGADA A REVISTA NORMAL,1,0,0.39,Negar provimento,0,rule
Decisão,-NEGADA A REVISTA NORMAL QUANTO À IMPUGNAÇÃO DA MATÉRIA DE FACTO;,1,0,0.22,Negar provimento,0,rule
Decisão,-NEGADA A REVISTA NORMAL.,1,0,0.39,Negar provimento,0,rule
Decisão,-NEGADA A REVISTA RELATIVAMENTE À MATÉRIA DE FACTO.,1,0,0.27,Negar provimento,0,rule
Decisão,-NEGADAS AS REVISTAS,1,0,0.37,Negar provimento,0,rule
Decisão,-NEGAR A REVISTA (RECURSO INDEPENDENTE),1,0,0.32,Negar provimento,0,rule
Decisão,-NEGAR A REVISTA DO RECURSO DA RÉ,1,0,0.34,Negar provimento,0,rule
Decisão,-Negada a Revista dos Réus; -Concedida parcialmente a Revista dos Autores,1,0,0.26,Negar provimento,0,rule
Decisão,-NÃO ADMITIR O RECURSO DE REVISTA DA RÉ,1,0,0.29,Não admitir,0,rule
Decisão,-NÃO SE ADMITE O RECURSO,1,0,0.43,Não admitir,0,rule
Decisão,-NÃO SE TOMA CONHECIMENTO DO OBJECTO DO RECURSO,1,0,0.26,Não conhecer,0,rule
Decisão,-NÃO SE TOMANDO CONHECIMENTO DO OBJECTO DO RECURSO,1,0,0.24,Sem informação,1,fallback:unparsed
Decisão,-NÃO SE TOMAR CONHECIMENTO DO RECURSO.,1,0,0.33,Não conhecer,0,rule
Decisão,-ORDENANDO-SE A BAIXA DOS AUTOS AO TRIBUNAL DA RELAÇÃO,1,0,0.42,Ordenar baixa dos autos,0,rule
Decisão,-ORDENAR A BAIXA DO PROCESSO AO TRIBUNAL DA RELAÇÃO PARA APRECIAR AS QUESTÕES SUSCITADAS PELO RECORRIDO.,1,0,0.23,Ordenar baixa dos autos,0,rule
Decisão,-ORDENAR A BAIXA DOS AUTOS AO TRIBUNAL DA RELAÇÃO PARA CONHECER DAS QUESTÕES SUSCITADAS PELA REQUERIDA NO SEU RECURSO DE APELAÇÃO,1,0,0.18,Ordenar baixa dos autos,0,rule
Decisão,-REJEITAR PARCIALMENTE O RECURSO,1,0,0.35,Rejeitar,0,rule
Decisão,"-REMETER OS AUTOS AÀ FORMAÇÃO DE JUÍZES A QUE ALUDE O Nº. 3 DO ARTIGO 672º, DO CÓDIGO DE PROCESSO CIVIL",1,0,0.16,Remeter os autos,1,rule:multi-part
Decisão,-REMETER OS AUTOS À FORMAÇÃO DE JUÍZES A QUE ALUDE O Nº. 3 DO ARTIGO 672º DO C.P.CIVIL,1,0,0.19,Remeter os autos,1,rule:multi-part
Decisão,-REMETER OS AUTOS À FORMAÇÃO DE JUÍZES A QUE ALUDE O Nº. 3 DO ARTIGO 672º DO CÓDIGO DE PROCESSO CIVIL,1,0,0.16,Remeter os autos,1,rule:multi-part
Decisão,"1- POR MANIFESTO LAPSO, O ACÓRDÃO PROFERIDO NOS AUTOS NÃO SE PRONUNCIA SOBRE A RESPONSABILIDADE DAS PARTES EM MATÉRIA DE CISTAS, PELO QUE, PROCEDENDO À SUA RETIFICAÇÃO, CONDENA-SE OS RÉUS (VENCIDOS NA AÇÃO) EM CUSTAS.",1,0,0.12,Sem informação,0,rule
Decisão,1.ABOLVIÇÃO DA INSTÂNCIA QUANTO AOS PEDIDOS INCIDENTAIS.,1,0,0.29,Sem informação,1,fallback:unparsed
Decisão,13-04-2010,1,0,0.00,Sem informação,1,fallback:unparsed
Decisão,"2 - A DENÚNCIA SÓ PRODUZIRÁ EFEITOS PARA O FUTURO, OU SEJA, A DESVINCULAÇÃO SÓ SERÁ EFICAZ EM RELAÇÃO A MONTANTES QUE VENHAM A SER SOLICITADOS APÓS A DENÚNCIA PRODUZIR OS SEUS EFEITOS.",1,0,0.13,Sem informação,1,fallback:unparsed
Decisão,"2- JULGA-SE TOTALMENTE IMPROCEDENTE O REQUERIDO PELO RÉU R. BANCO SANTANDER TOTTA, S.A., NO TOCANTE À ARGUIÇÃO DE NULIDADE E REFORMA DA DECISÃO.",1,0,0.16,Negar provimento,1,rule:multi-part
Decisão,2-IMPROCEDE A ACÇÃO QUANTO AO MAIS.,1,0,0.26,Negar provimento,0,rule
Decisão,26-11-2009,1,0,0.00,Sem informação,1,fallback:unparsed
Decisão,A COMPETÊNCIA MATERIAL DOS JULGADOS DE PAZ É ALTERNATIVA AOS TRIBUNAIS JUDICIAIS DE COMPETÊNCIA TERRITORIAL CONCORRENTE,1,0,0.19,Sem informação,1,fallback:unparsed
Decisão,"A OMISSÃO DA REDUÇÃO A ESCRITO DO DESPACHO QUE APLICA MEDIDAS DE COAÇÃO, PROFERIDO ORALMENTE APÓS 1.º INTERROGATÓRIO JUDICIAL DE ARGUIDO DETIDO, DESDE QUE DOCUMENTADO POR REGISTO ÁUDIO OU AUDIOVISUAL, CONSTITUI IRREGULARIDADE PROCESSUAL, SUJEITA AO REGIME DO ART. 123.º, N.º 1 DO CPP.",1,0,0.10,Sem informação,1,fallback:unparsed
Decisão,A REIS IN CPC ANOTADO VOLVI PAG82.,1,0,0.24,Sem informação,1,fallback:unparsed
Decisão,A) CONFIRMAR O ACÓRDÃO RECORRIDO;,1,0,0.28,Sem informação,1,fallback:unparsed
Decisão,"A) JULGAR PROCEDENTE A REVISTA, E, CONSEQUENTEMENTE, EM REVOGAR ACÓRDÃO RECORRIDO E REPRISTINAR A DECISÃO DO PRIMEIRO GRAU. B) FIXAR A UNIFORMIZAÇÃO DE JURISPRUDÊNCIA DA SEGUINTE FORMA: UM CONSÓMINO PODE ADQUIRIR, POR USUCAPIÃO, UM ESPAÇO DE ARRUMOS DE UM PRÉDIO, JÁ CONSTTITUÍDO EM PROPRIEDADE HORIZONTAL, DESDE QUE A POSSE PREENCHA OS REQUISITOS EXIGÍVEIS PARA A USUCAPIÃO E OS ARRUMOS TENHAM AS CARACTERÍSTICAS, FÍSICAS E ESTRUTURAIS, PREVISTAS NO ARTIGO 1414.º E 1415.º DO CÓDIGO CIVIL.",1,0,0.06,Conceder provimento,1,rule:multi-part
Decisão,"AA PROVIDO PARCIALMENTE, BB NEGADO PROVIMENTO",1,0,0.33,Negar provimento,0,rule
Decisão,ABSOLVIDA A RÉ DA INSTÂNCIA,1,0,0.56,Sem informação,1,fallback:unparsed
Decisão,ABSOLVIDA A RÉ DA INSTÂNCIA.,1,0,0.56,Sem informação,1,fallback:unparsed
Decisão,ABSOLVIDAS AS ARGUIDAS DA INSTÂNCIA CÍVEL,1,0,0.39,Sem informação,1,fallback:unparsed
Decisão,ABSOLVIDO,1,0,0.25,Sem informação,1,fallback:unparsed
Decisão,ABSOLVIDO DA INSTÂNCIA,1,0,0.59,Sem informação,1,fallback:unparsed
Decisão,ABSOLVIDO DA INSTÂNCIA O RÉU ESTADO PORTUGUÊS,1,0,0.29,Sem informação,1,fallback:unparsed
Decisão,ABSOLVIDO O ARGUIDO,1,0,0.26,Sem informação,1,fallback:unparsed
Decisão,ABSOLVISÃO DA INSTÂNCIA (IMPROCEDÊNCIA DA AÇÃO),1,0,0.30,Negar provimento,0,rule
Decisão,ABSOLVIÇÃO DA ENTIDADE DEMANDADA DA INSTÂNCIA.,1,0,0.44,Sem informação,1,fallback:unparsed
Decisão,ABSOLVIÇÃO DA INSTÂNCIA - IMPROCEDÊNCIA,1,0,0.36,Julgar extinta a instância,0,rule
Decisão,ABSOLVIÇÃO DA INSTÂNCIA.,1,0,0.57,Julgar extinta a instância,0,rule
Decisão,ABSOLVIÇÃO DA INSTÂNCIA. REMESSA AO TRIBUNAL DOS CONFLITOS.,1,0,0.28,Julgar extinta a instância,1,rule:multi-part
Decisão,ABSOLVIÇÃO.,1,0,0.30,Sem informação,1,fallback:unparsed
Decisão,ACIONAMENTO DO MECANISMO PREVISTO NO ARTº 670º DO CÓDIGO DE PROCESSO CIVIL,1,0,0.24,Sem informação,1,fallback:unparsed
Decisão,ACLARADA A DECISÃO,1,0,0.35,Sem informação,0,rule
Decisão,ACLARAÇÃO DEFERIDA.,1,0,0.45,Deferir,0,rule
Decisão,ACLARAÇÃO.,1,0,0.36,Sem informação,0,rule
Decisão,"ACORDA-SE EM DECLARAR A NULIDADE DA CLÁUSULA 115.ª DO ACORDO COLETIVO DE TRABALHO PARA O SECTOR BANCÁRIO, PUBLICADO NO BTE N.º 29, DE 08.08.2016, NA PARTE EM QUEDISPÕE NO SENTIDO DE DEIXAR DE SER APLICÁVEL AOS TRABALHADORES DO BANCO SANTANDER TOTTA ORIUNDOS DO BANIF A CLÁUSULA 23.ª DO ACORDO DE EMPRESA CELEBRADO ENTRE OS SINDICATOS SUBSCRITORES DAQUELE ACT E O BANIF - BANCO INTERNACIONAL DO FUNCHAL, SA, PUBLICADO NO BOLETIM DO TRABALHO E EMPREGO, N.º 33, DE 08.09.2008.",1,0,0.07,Sem informação,1,fallback:unparsed
Decisão,ACORDA-SE EM INDEFERIR O REQUERIMENTO EM CAUSA.,1,0,0.30,Indeferir,0,rule
Decisão,ACORDE-SE EM INDEFERIR O PEDIDO DE REFORMA E A RECLAMAÇÃO .,1,0,0.26,Indeferir,0,rule
Decisão,ACÁCIO DAS NEVES,1,0,0.31,Sem informação,1,fallback:unparsed
Decisão,ACÇÃO JULGADA IMPROCEDENTE.,1,0,0.35,Negar provimento,0,rule
Decisão,ACÇÃO JULGADA PROCEDENTE.,1,0,0.38,Conceder provimento,0,rule
Decisão,ACÓRDÃO ANULADO PARCIALMENTE,1,0,0.53,Anular,0,rule
Decisão,ACÓRDÃO REVOGADO APÓS SER DADO SEM EFEITO,1,0,0.29,Revogar,0,rule
Decisão,ADIADO PARA A PRÓXIMA SESSÃO,1,0,0.36,Sem informação,1,fallback:unparsed
Decisão,ADIADO SINE DIE,1,0,0.27,Sem informação,1,fallback:unparsed
Decisão,ADITIDA A REVISTA EXCEPCIONAL,1,0,0.31,Sem informação,1,fallback:unparsed
Decisão,ADMITE-SE O RECURSO.,1,0,0.32,Sem informação,1,fallback:unparsed
Decisão,ADMITEM A REVISTA EXCEPCIONAL,1,0,0.31,Sem informação,1,fallback:unparsed
Decisão,ADMITIDA,1,0,0.75,Admitir,0,rule
Decisão,ADMITIDA A DESISTÊNCIA DO RECURSO DECLARANDO-SE EXTINTA A INSTÂNCIA,1,0,0.34,Julgar extinta a instância,0,rule
Decisão,ADMITIDA A REVISTA EXECIONAL.,1,0,0.32,Admitir,0,rule
Decisão,ADMITIDA PARCIALMENTE A REVISTA,1,0,0.29,Admitir,0,rule
Decisão,ADMITIDAS AS REVISTAS EXCEPCIONAIS,1,0,0.29,Admitir,0,rule
Decisão,ADMITIDO A REVISTA EXCECIONAL,1,0,0.31,Admitir,0,rule
Decisão,ADMITIDO O RECURSO,1,0,0.39,Sem informação,1,fallback:unparsed
Decisão,ADMITIDO O RECURSO DE FIXAÇÃO DE JURISPRUDÊNCIA.,1,0,0.40,Fixar jurisprudência,0,rule
Decisão,ADMITIDO O RECURSO DE REVISTA,1,0,0.28,Sem informação,1,fallback:unparsed
Decisão,ADMITIDO O RECURSO INTERPOSTO NA 2ª INSTÂNCIA,1,0,0.38,Sem informação,1,fallback:unparsed
Decisão,ADMITIDO O RECURSO.,1,0,0.39,Sem informação,1,fallback:unparsed
Decisão,ALETRADA A ESPÉCIE DE RECURSO. DECIDIDO NÃO TOMAR CONHECIMENTO.,1,0,0.29,Não conhecer,1,rule:multi-part
Decisão,ALTERADA,1,0,0.25,Sem informação,1,fallback:unparsed
Decisão,ALTERADA A DECISÃO DO ACÓRDÃO RECORRIDO,1,0,0.26,Sem informação,0,rule
Decisão,ALTERADA A DECISÃO QUANTO A CUSTAS,1,0,0.32,Sem informação,0,rule
Decisão,ALTERADA A DECISÃO. ALTERADA A INDEMNIZAÇÃO.,1,0,0.28,Sem informação,1,rule:multi-part
Decisão,ALTERADA A DECISÃO. CONCEDIDA A REVISTA.,1,0,0.26,Conceder provimento,1,rule:multi-part
Decisão,ALTERADA A DECISÃO. INDEFERIMENTO.,1,0,0.30,Indeferir,1,rule:multi-part
Decisão,ALTERADA A DECISÃO. NEGADO PROVIMENTO.,1,0,0.41,Negar provimento,1,rule:multi-part
Decisão,ALTERADA A DECISÃO. REJEITADO O RECURSO. PROVIDO.,1,0,0.23,Rejeitar,1,rule:multi-part
Decisão,ALTERADA A ESPECIE DE RECURSO. ALTERADO REGIME DE SUBIDA DO RECURSO.,1,0,0.21,Sem informação,1,rule:multi-part
Decisão,ALTERADA A ESPECIE DE RECURSO. DESERÇÃO.,1,0,0.23,Julgar extinta a instância,1,rule:multi-part
Decisão,ALTERADA A ESPECIE DE RECURSO. NEGADA A REVISTA.,1,0,0.23,Negar provimento,1,rule:multi-part
Decisão,ALTERADA A ESPÉCIE DE RECURSO. DESERÇÃO.,1,0,0.23,Julgar extinta a instância,1,rule:multi-part
Decisão,ALTERADA A ESPÉCIE DE RECURSO. DESERÇÃO. NEGADA A REVISTA.,1,0,0.25,Julgar extinta a instância,1,rule:multi-part
Decisão,ALTERADA A ESPÉCIE POR RECURSO.,1,0,0.23,Sem informação,0,rule
Decisão,ALTERADA A INCRIMINAÇÃO. ALTERADA A DECISÃO.,1,0,0.30,Sem informação,1,rule:multi-part
Decisão,ALTERADA A QUALIFICAÇÃO JURIDICA.,1,0,0.25,Sem informação,0,rule
Decisão,ALTERADA A QUALIFICAÇÃO JURIDICA. DECIDIDO NÃO TOMAR CONHECIMENTO.,1,0,0.23,Não conhecer,1,rule:multi-part
Decisão,ALTERADA A QUALIFICAÇÃO JURIDICA. NEGADO PROVIMENTO.,1,0,0.29,Negar provimento,1,rule:multi-part
Decisão,ALTERADA A QUALIFICAÇÃO JURÍDICA.,1,0,0.25,Sem informação,0,rule
Decisão,ALTERADA A QUALIFICAÇÃO JURÍDICA. PROVIDO PARCIAL.,1,0,0.29,Conceder provimento parcialmente,1,rule:multi-part
Decisão,ALTERADA OFICIOSAMENTE A DECISÃO NO QUE TOCA À INSERÇÃO DA PENA DE MULTA. IMPROCEDENTE NO RESTANTE,1,0,0.20,Negar provimento,1,rule:multi-part
Decisão,ALTERADA QUANTO À QUALIFICAÇÃO JURIDICA E ANULADA A DECISÃO,1,0,0.22,Anular,0,rule
Decisão,ALTERADO O REGIME DE SUBIDA DO RECURSO. ALTERADO O EFEITO DO RECURSO,1,0,0.22,Sem informação,1,rule:multi-part
Decisão,ALTERADO O REGIME DE SUBIDA DO RECURSO. NEGADO PROVIMENTO.,1,0,0.28,Negar provimento,1,rule:multi-part
Decisão,AMPLIADA A MATÉRIA DE FACTO,1,0,0.30,Sem informação,1,fallback:unparsed
Decisão,AMPLIAÇÃO DA MATÉRIA DE FACTO.,1,0,0.28,Sem informação,1,fallback:unparsed
Decisão,ANTÓNIO LATAS,1,0,0.31,Sem informação,1,fallback:unparsed
Decisão,ANULA-SE O ACÓRDÃO DA RELAÇÃO E DETERMINA-SE A AMPLIAÇÃO DA MATÉRIA DE FACTO,1,0,0.21,Sem informação,1,fallback:unparsed
Decisão,ANULA-SE O ACÓRDÃO RECORRIDO E ORDENA-SE QUE OS AUTOS BAIXEM AO TRIBUNAL DA RELAÇÃO,1,0,0.20,Sem informação,1,fallback:unparsed
Decisão,"ANULA-SE O ACÓRDÃO RECORRIDO, ORDENANDO-SE A REMESSA DOS AUTOS AO TRIBUNAL DA RELAÇÃO",1,0,0.21,Remeter os autos,0,rule
Decisão,ANULA-SE O JULGAMENTO PARA AMPLIAÇÃO DA MATÉRIA DE FACTO,1,0,0.29,Sem informação,1,fallback:unparsed
Decisão,ANULA-SE O JULGAMENTO.,1,0,0.38,Sem informação,1,fallback:unparsed
Decisão,ANULADA,1,0,0.71,Anular,0,rule
Decisão,ANULADA A DECISÃO - BAIXA À RELAÇÃO.,1,0,0.31,Anular,0,rule
Decisão,ANULADA A DECISÃO COM REMESSA À 2ª INSTÂNCIA,1,0,0.41,Remeter os autos,0,rule
Decisão,ANULADA A DECISÃO E ORDENADA A BAIXA DO PROCESSO À RELAÇÃO,1,0,0.31,Anular,0,rule
Decisão,ANULADA A DECISÃO PARA AMPLIAÇÃO,1,0,0.28,Anular,0,rule
Decisão,ANULADA A DECISÃO PARA AMPLIAÇÃO DA MATÉRIA DE FACTO,1,0,0.27,Anular,0,rule
Decisão,ANULADA A DECISÃO PARA AMPLIAÇÃO MAT. FACTO,1,0,0.28,Anular,1,rule:multi-part
Decisão,ANULADA A DECISÃO RECORRIDA E BAIXA DOS AUTOS À RELAÇÃO,1,0,0.36,Anular,0,rule
Decisão,"ANULADA A DECISÃO, BAIXA AO TRIBUNAL DA RELAÇÃO DO PORTO",1,0,0.25,Anular,0,rule
Decisão,"ANULADA A DECISÃO, ORDENADA A BAIXA DO PROCESSO",1,0,0.34,Anular,0,rule
Decisão,ANULADA A DECISÃO. AMPLIAÇÃO DA MATÉRIA DE FACTO.,1,0,0.25,Anular,1,rule:multi-part
Decisão,ANULADA A DECISÃO. CONCEDIDA A REVISTA.,1,0,0.26,Anular,1,rule:multi-part
Decisão,ANULADA A DECISÃO. MANDADA AMPLIAR A MATERIA DE FACTO.,1,0,0.25,Anular,1,rule:multi-part
Decisão,ANULADA A DECISÃO. ORDENADA A AMPLIAÇÃO DA MATÉRIA DE FACTO.,1,0,0.25,Anular,1,rule:multi-part
Decisão,ANULADA A DELIBERAÇÃO DO CSM,1,0,0.25,Anular,0,rule
Decisão,ANULADA A PRONÚNCIA,1,0,0.40,Sem informação,0,rule
Decisão,ANULADA DECISÃO,1,0,0.33,Anular,0,rule
Decisão,ANULADA DO ACÓRDÃO RECORRIDO E BAIXA DO PROCESSO,1,0,0.31,Anular,0,rule
Decisão,ANULADA EM PARTE E CONCEDIDA EM PARTE,1,0,0.27,Anular,0,rule
Decisão,ANULADA PARCIALMENTE A DECISÃO RECORRIDA E REMETIDO O PROCESSO AO TRIBUNAL DA RELAÇÃO,1,0,0.21,Remeter os autos,0,rule
Decisão,ANULADO,1,0,0.71,Anular,0,rule
Decisão,ANULADO 0 ACÓRDÃO RECORRIDO,1,0,0.33,Anular,0,rule
Decisão,ANULADO ACORDÃO,1,0,0.40,Anular,0,rule
Decisão,ANULADO ACORDÃO E REMESSA AO TRIBUNAL DA RELAÇÃO,1,0,0.29,Remeter os autos,0,rule
Decisão,ANULADO ACORDÃO E SETENÇA E ORDENADA BAIXA Á 1ª INSTÂNCIA,1,0,0.37,Anular,0,rule
Decisão,"ANULADO ACORDÃO RECORRIDO, DETERMINANDO-SE A REMESSA DOS AUTOS AO TRIBUNAL DA RELAÇÃO.",1,0,0.21,Remeter os autos,0,rule
Decisão,ANULADO EM PARTE O ACÓRDÃO RECORRIDO. PROVIDO EM PARTE NO RESTANTE.,1,0,0.29,Conceder provimento parcialmente,1,rule:multi-part
Decisão,ANULADO JULGAMENTO,1,0,0.44,Anular,0,rule
Decisão,ANULADO O ACORDÃO COM REMESSA DOS AUTOS AO TRIBUNAL RECORRIDO,1,0,0.25,Remeter os autos,0,rule
Decisão,ANULADO O ACÓRDAO RECORRIDO,1,0,0.33,Anular,0,rule
Decisão,ANULADO O ACÓRDÃO  E DETERMINADA A BAIXA DO PROCESSO,1,0,0.31,Anular,0,rule
Decisão,ANULADO O ACÓRDÃO BAIXA A RELAÇÃO,1,0,0.33,Anular,0,rule
Decisão,"ANULADO O ACÓRDÃO DA RELAÇÃO, REMETENDO-SE PARA AMPLIAÇÃO DA MATÉRIA DE FACTO",1,0,0.25,Anular,0,rule
Decisão,ANULADO O ACÓRDÃO E DETERMINADA A REMESSA À RELAÇÃO,1,0,0.31,Remeter os autos,0,rule
Decisão,ANULADO O ACÓRDÃO E DEVOLVIDO À RELAÇÃO,1,0,0.23,Anular,0,rule
Decisão,ANULADO O ACÓRDÃO E ORDENADA A BAIXA DOS AUTOS,1,0,0.48,Anular,0,rule
Decisão,ANULADO O ACÓRDÃO P/ AMPLIAÇÃO DE MATÉRIA DE FACTO,1,0,0.24,Anular,0,rule
Decisão,ANULADO O ACÓRDÃO PARA AMPLIAÇÃO DA MATÉRIA DE FACTO,1,0,0.27,Anular,0,rule
Decisão,ANULADO O ACÓRDÃO PARA REAPRECIAÇÃO DA MATÉRIA DE FACTO.,1,0,0.25,Anular,0,rule
Decisão,ANULADO O ACÓRDÃO PARA SUPRIR NULIDADES,1,0,0.26,Anular,0,rule
Decisão,ANULADO O ACÓRDÃO RECEBIDO E ENVIO ÀS INSTÂNCIAS,1,0,0.42,Anular,0,rule
Decisão,ANULADO O ACÓRDÃO RECOORIDO E DEVOLVER OS AUTOS À RELAÇÃO,1,0,0.26,Anular,0,rule
Decisão,ANULADO O ACÓRDÃO RECORRIDO / ORDENADA A BAIXA DO PROCESSO AO TRL,1,0,0.29,Anular,0,rule
Decisão,ANULADO O ACÓRDÃO RECORRIDO ACORDANDO-SE AMPLIAR A MATÉRIA DE FACTO,1,0,0.24,Anular,0,rule
Decisão,ANULADO O ACÓRDÃO RECORRIDO DETERMINANDO-SE A ENVIAR PARA O TRIBUNAL DA RELAÇÃO,1,0,0.23,Anular,0,rule
Decisão,ANULADO O ACÓRDÃO RECORRIDO E BAIXA DO PROCESSO,1,0,0.32,Anular,0,rule
Decisão,ANULADO O ACÓRDÃO RECORRIDO E DETERMINADA A REMESSA À RELAÇÃO,1,0,0.26,Remeter os autos,0,rule
Decisão,ANULADO O ACÓRDÃO RECORRIDO E DETERMINADO O REENVIO DOS AUTOS  PARA NOVO JULGAMENTO DA MATÉRIA DE FACTO,1,0,0.23,Anular,0,rule
Decisão,ANULADO O ACÓRDÃO RECORRIDO E DETERMINAÇÃO DA AMPLIAÇÃO DA MATÉRIA DE FACTO,1,0,0.23,Anular,0,rule
Decisão,ANULADO O ACÓRDÃO RECORRIDO E ENVIO ÀS INSTÂNCIAS,1,0,0.41,Anular,0,rule
Decisão,ANULADO O ACÓRDÃO RECORRIDO POR AMPLIAÇÃO DA MATÉRIA DE FACTO,1,0,0.25,Anular,0,rule
Decisão,ANULADO O ACÓRDÃO RECORRIDO POR OMISSÃO DE FUNDAMENTAÇÃO,1,0,0.27,Anular,0,rule
Decisão,"ANULADO O ACÓRDÃO RECORRIDO, ORDENANDO-SE A PROLAÇÃO DE NOVA DECISÃO EM QUE SE SUPRAM AS OMISSÕES APONTADAS",1,0,0.20,Anular,0,rule
Decisão,ANULADO O ACÓRDÃO RECTIFICATIVO,1,0,0.29,Anular,0,rule
Decisão,ANULADO O ACÓRDÃO. BAIXA À 1º INSTÂNCIA,1,0,0.44,Anular,1,rule:multi-part
Decisão,ANULADO O ACÓRDÃO. MANDADA AMPLIAR A MATÉRIA DE FACTO.,1,0,0.26,Anular,1,rule:multi-part
Decisão,ANULADO O AÓRDÃO,1,0,0.38,Anular,0,rule
Decisão,ANULADO O JULGAMENTO E VOLTA À RELAÇÃO,1,0,0.32,Anular,0,rule
Decisão,ANULADO O JULGAMENTO MANDANDO-SE AMPLIAR A MATÉRIA DE FACTO,1,0,0.25,Anular,0,rule
Decisão,ANULADO O JULGAMENTO PARA AMPLIAÇÃO DA MATÉRIA DE FACTO,1,0,0.29,Anular,0,rule
Decisão,ANULADO O JULGAMENTO PARA APRECIAÇÃO DA MATÉRIA DE FACTO,1,0,0.30,Anular,0,rule
Decisão,"ANULADO O JULGAMENTO, MANDANDO-SE AMPLIAR A MATÉRIA DE FACTO",1,0,0.25,Anular,0,rule
Decisão,ANULADO O JULGAMENTO. DECIDIDO NÃO TOMAR CONHECIMENTO.,1,0,0.28,Anular,1,rule:multi-part
Decisão,ANULADO O JULGAMENTO. MANDADA AMPLIAR A MATÉRIA DE FACTO.,1,0,0.27,Anular,1,rule:multi-part
Decisão,ANULADO O JULGAMENTO. ORDENADA A BAIXA DO PROCESSO. PROVIDO.,1,0,0.29,Anular,1,rule:multi-part
Decisão,ANULADO O PEDIDO DE RECURSO DE REVISÃO,1,0,0.24,Anular,0,rule
Decisão,ANULADO O PROCESSADO,1,0,0.35,Anular,0,rule
Decisão,ANULADO O PROCESSO ABSOLVIDO DA INSTÃNCIA,1,0,0.39,Anular,0,rule
Decisão,ANULADO O PROCESSO E REMETIDO À 1ª INSTÂNCIA,1,0,0.43,Remeter os autos,0,rule
Decisão,ANULADO O RECURSO,1,0,0.41,Anular,0,rule
Decisão,ANULADO PARCIALMENTE,1,0,0.47,Anular,0,rule
Decisão,ANULADO PARCIALMENTE O AC. RECORRIDO.,1,0,0.28,Anular,1,rule:multi-part
Decisão,ANULADO PARCIALMENTE O ACORDÃO,1,0,0.33,Anular,0,rule
Decisão,ANULADO PARCIALMENTE O ACORDÃO RECORRIDO,1,0,0.28,Anular,0,rule
Decisão,ANULADO PARCIALMENTE O ACÓRDÃO,1,0,0.33,Anular,0,rule
Decisão,ANULADO PARCIALMENTE O ACÓRDÃO E DEVOLUÇÃO DOS AUTOS À RELAÇÃO,1,0,0.29,Anular,0,rule
Decisão,ANULADO PARCIALMENTE O ACÓRDÃO RECORRIDO E CONFIRMADA A RESTANTE DECISÃO,1,0,0.26,Anular,0,rule
Decisão,ANULADO PARCIALMENTE O ACÓRDÃO RECORRIDO E ORDENADO O REENVIO,1,0,0.26,Anular,0,rule
Decisão,ANULADO PARCIALMENTE O ACÓRDÃO RECORRIDO.,1,0,0.28,Anular,0,rule
Decisão,ANULADO PARCIALMENTE.,1,0,0.47,Anular,0,rule
Decisão,ANULAM O ACÓRDÃO RECORRIDO,1,0,0.35,Sem informação,1,fallback:unparsed
Decisão,ANULAR O ACÓRDÃO DA RELAÇÃO E ORDENAR A BAIXO DO PROCESSO,1,0,0.28,Sem informação,1,fallback:unparsed
Decisão,ANULAR O ACÓRDÃO DO TRIBUNAL DA RELAÇÃO E ORDENAR O ENVIO DOS AUTOS AO TRIBUNAL DA RELAÇÃO PARA AMPLIAÇÃO DA MATÉRIA DE FACTO,1,0,0.18,Sem informação,1,fallback:unparsed
Decisão,ANULAR O ACÓRDÃO E DEVOLVER OS AUTOS À RELAÇÃO,1,0,0.30,Sem informação,1,fallback:unparsed
Decisão,ANULAR O ACÓRDÃO E DEVOLVER À RELAÇÃO PARA APRECIAÇÃO,1,0,0.26,Sem informação,1,fallback:unparsed
Decisão,"ANULAR O ACÓRDÃO RECORRIDO POR OMISSÃO DE PRONÚNCIA, DETERMINANDO A BAIXA DO PROCESSO AO TRIBUNAL A QUO",1,0,0.20,Sem informação,0,rule
Decisão,"ANULAR O ACÓRDÃO RECORRIDO, ORDENANDO A REMESSA DOS AUTOS AO TRIBUNAL DA RELAÇÃO",1,0,0.22,Remeter os autos,0,rule
Decisão,"ANULAR O ACÓRDÃO RECORRIDO, ORDENANDO-SE A BAIXA DOS AUTOS AO TRIBUNAL DA RELAÇÃO",1,0,0.27,Ordenar baixa dos autos,0,rule
Decisão,"ANULAR O ACÓRDÃO RECORRIDO, ORDENANDO-SE QUE OS AUTOS BAIXEM AO TRIBUNAL DA RELAÇÃO",1,0,0.20,Sem informação,1,fallback:unparsed
Decisão,ANULAÇÃO DE ACÓRDÃO RECORRIDO,1,0,0.31,Sem informação,1,fallback:unparsed
Decisão,ANULAÇÃO DO ACÓRDÃO,1,0,0.32,Sem informação,1,fallback:unparsed
Decisão,ANULAÇÃO DO ACÓRDÃO PARA REAPRECIAÇÃO DA MÁTÉRIA DE FACTO,1,0,0.26,Sem informação,1,fallback:unparsed
Decisão,ANULAÇÃO DO ACÓRDÃO RECORRIDO E BAIXA DO PROCESSO À RELAÇÃO,1,0,0.29,Ordenar baixa dos autos,0,rule
Decisão,ANULAÇÃO DO ACÓRDÃO. AMPLIAÇÃO DA MATÉRIA DE FACTO.,1,0,0.24,Sem informação,1,fallback:unparsed
Decisão,ANULDA DECISÃO,1,0,0.36,Sem informação,1,fallback:unparsed
Decisão,ANULDADA A DECISÃO. ANULADO JULGAMENTO.,1,0,0.26,Anular,1,rule:multi-part
Decisão,APELAÇÃO IMPROCEDENTE,1,0,0.43,Negar provimento,0,rule
Decisão,APELAÇÃO IMPROCEDENTE.,1,0,0.43,Negar provimento,0,rule
Decisão,APELAÇÃO IMPRODENTE JUNTO SO SUPREMO TRIBUANL DE JUSTIÇA,1,0,0.27,Sem informação,1,fallback:unparsed
Decisão,APELAÇÃO JUNTO DO S.T.J. IMPROCEDENTE.,1,0,0.30,Negar provimento,1,rule:multi-part
Decisão,APLICAÇÃO AO ARTº 670º DO CPC,1,0,0.21,Sem informação,1,fallback:unparsed
Decisão,APRECIADA A NULIDADE INVOCADA,1,0,0.31,Sem informação,1,fallback:unparsed
Decisão,ARQUIVADOS OS AUTOS. INDEFERIMENTO.,1,0,0.29,Julgar extinta a instância,1,rule:multi-part
Decisão,ARQUIVAR OS AUTOS,1,0,0.65,Sem informação,1,fallback:unparsed
Decisão,ASSENTO 4/1952,1,0,0.21,Sem informação,1,fallback:unparsed
Decisão,"ASSIM, EM VEZ DE ""CUSTAS DESTE RECURSO DESTE RECURSO PELO RECORRIDO"" DEVE CONSTAR "" CUSTAS DESTE RECURSO PELO RECORRENTE"".",1,0,0.18,Sem informação,1,fallback:unparsed
Decisão,ATENDIDA A QUESTÃO PREVIA.,1,0,0.36,Sem informação,0,rule
Decisão,ATENDIDA A QUESTÃO PRÉVIA. ORDENADA A BAIXA DO PROCESSO.,1,0,0.29,Sem informação,1,rule:multi-part
Decisão,ATENDIDA A QUESTÃO PRÉVIA. REJEITADO O RECURSO.,1,0,0.24,Rejeitar,1,rule:multi-part
Decisão,ATENDIDA A RECLAMAÇÃO,1,0,0.38,Deferir,0,rule
Decisão,ATENDIDA A RECLAMAÇÃO E NEGADA A REVISTA,1,0,0.25,Deferir,0,rule
Decisão,ATENDIDA A RECLAMAÇÃO. ORDENADO O PROSSEGUIMENTO DO PROCESSO.,1,0,0.25,Deferir,1,rule:multi-part
Decisão,ATENDIDA A RECLAMÇÃO,1,0,0.35,Deferir,1,fallback:unparsed
Decisão,ATENDIDA PARCIALMENTE A RECLAMAÇÃO,1,0,0.35,Deferir,1,fallback:unparsed
Decisão,ATRIB. COMPETÊNCIA À 1ª INSTÂNCIA DE LISBOA,1,0,0.37,Declarar competência,1,rule:multi-part
Decisão,ATRIBUIDA A COMPETÊNCIA AO TRIBUNAL DE PEQUENA INSTÂNCIA CRIMINAL,1,0,0.29,Declarar competência,1,fallback:unparsed
Decisão,"ATRIBUIDA A COMPETÊNCIA, EM RAZÃO DO TERRITÓRIO, POR APLICAÇÃO DO CRITÉRIO DO ART. 28º AL.ª A), AMBOS OS PRECEITOS CITADOS DO CPP, PARA CONHECER DA ACUSAÇÃO DEDUZIDA NOS AUTOS CONTRA O ARGUIDO AA, AO JUÍZO DE COMPETÊNCIA GENÉRICA DE S. PEDRO DO SUL",1,0,0.11,Declarar competência,1,fallback:unparsed
Decisão,"ATRIBUIDA AO JUÍZO DE EXECUÇÃO DE PENAS DO PORTO – JUIZ 4, À LUZ DAS NORMAS LEGAIS CITADAS, A COMPETÊNCIA MATERIAL (E FUNCIONAL) PARA ORDENAR A PASSAGEM IMEDIATA DE MANDADOS DE DETENÇÃO DO ARGUIDO CONDENADO NESTES AUTOS AA, QUE DECLAROU CONTUMAZ, PARA QUE O MESMO CUMPRA A PENA DE PRISÃO ÚNICA DE 1 ANO E 6 MESES DE PRISÃO EM QUE, POR DECISÃO TRANSITADA EM JULGADO, ESTÁ CONDENADO NO PROCESSO PENAL EM EPÍGRAFE.",1,0,0.07,Sem informação,1,fallback:unparsed
Decisão,"ATRIBUIDA AO JUÍZO DE EXECUÇÃO DE PENAS DO PORTO – JUIZ ... A COMPETÊNCIA MATERIAL (FUNCIONAL) PARA DECIDIR DA EXTINÇÃO DA MEDIDA DE SEGURANÇA DE INTERNAMENTO, INTEGRALMENTE CUMPRIDA PELO CONDENADO AAA, EM REGIME FECHADO (EM ESTABELECIMENTO OFICIAL ADEQUADO)",1,0,0.11,Julgar extinta a instância,1,rule:multi-part
Decisão,ATRIBUINDO A COMPETÊNCIA MATERIAL (FUNCIONAL): AO JUÍZO LOCAL CRIMINAL DE VIANA DO CASTELO PARA O PROCESSO N.º 3431/15.8T8VCT E,1,0,0.17,Sem informação,1,fallback:unparsed
Decisão,"ATRIBUINDO AO JUÍZO DE EXECUÇÃO DE PENAS DO PORTO – JUIZ 4, A COMPETÊNCIA MATERIAL (E FUNCIONAL) PARA ORDENAR A PASSAGEM IMEDIATA DE MANDADOS DE DETENÇÃO DO ARGUIDO",1,0,0.15,Sem informação,1,fallback:unparsed
Decisão,"ATRIBUIR A COMPETÊNCIA TERRITORIAL PARA O PROCESSAMENTO DOS AUTOS E O JULGAMENTO EM 1ª INSTÂNCIA, AO JUÍZO LOCAL CRIMINAL DE VIANA DO CASTELO -JUIZ ... .",1,0,0.18,Sem informação,1,fallback:unparsed
Decisão,"ATRIBUIR, NOS TERMOS DO ART. 21.º N.º 2 TAMBÉM DO CPP, A COMPETÊNCIA TERRITORIAL PARA A APRECIAÇÃO DO REQUERIMENTO DE ABERTURA DA INSTRUÇÃO E SE ADMITIDA A REALIZAÇÃO DA MESMA, AO JUÍZO DE INSTRUÇÃO CRIMINAL DE LEIRIA – JUIZ ... .",1,0,0.13,Sem informação,1,fallback:unparsed
Decisão,ATRIBUIÇÃO DE JURISDIÇÃO AO 2º JUÍZO DE TONDELA,1,0,0.30,Sem informação,1,fallback:unparsed
Decisão,ATRIBUÍDA A COMPETENCIA AO TRIBUNAL DE S.JOÃO DA MADEIRA,1,0,0.27,Sem informação,1,fallback:unparsed
Decisão,ATRIBUÍDA A COMPETÊNCIA AO 1.º JUÍZO CRIMINAL DO TRIBUNAL JUDICIAL DE GUIMARÃES,1,0,0.23,Sem informação,1,fallback:unparsed
Decisão,ATRIBUÍDA A COMPETÊNCIA AO JUIZ ESCUSANTE DE GONDOMAR,1,0,0.26,Sem informação,1,fallback:unparsed
Decisão,ATRIBUÍDA A COMPETÊNCIA AO JUÍZO DE INSTRUÇÃO CRIMINAL DE LISBOA,1,0,0.27,Sem informação,1,fallback:unparsed
Decisão,ATRIBUÍDA A COMPETÊNCIA AO TRIBUNAL DE PEQUENA INSTÂNCIA CRIMINAL,1,0,0.29,Sem informação,1,fallback:unparsed
Decisão,ATRIBUÍDA A COMPETÊNCIA TERRITORIAL AO JUÍZO DE COMPETÊNCIA GENÉRICA DE CINFÃES,1,0,0.24,Sem informação,1,fallback:unparsed
Decisão,ATRIBUÍDA A COMPETÊNCIA TERRITORIAL AO JUÍZO LOCAL CRIMINAL DE SANTA MARIA DA FEIRA – JUIZ 2.,1,0,0.21,Sem informação,1,fallback:unparsed
Decisão,ATRIBUÍDA COMPETÊNCIA AO TIC DE LISBOA,1,0,0.32,Sem informação,1,fallback:unparsed
Decisão,ATRIBUÍDA COMPETÊNCIA DO TRIBUNAL DE PEQ.INS. DE LISBOA,1,0,0.24,Sem informação,1,fallback:unparsed
Decisão,ATRIBUÍDA COMPETÊNCIA ENJEITADA À EXCEPCIONANTE 1ª VARA DE COMPETÊNCIA MISTA DE GUIMARÃES,1,0,0.21,Sem informação,1,fallback:unparsed
Decisão,ATRIBUÍDA COMPETÊNCIA À COMARCA DA MARINHA GRANDE,1,0,0.24,Sem informação,1,fallback:unparsed
Decisão,AUDIÊNCIAS ORAIS,1,0,0.30,Sem informação,1,fallback:unparsed
Decisão,AUTORIZA-SE A REVISÃO,1,0,0.24,Sem informação,1,fallback:unparsed
Decisão,AUTORIZADA A PRESTAÇÃO DE INFORMAÇÃO,1,0,0.33,Sem informação,1,fallback:unparsed
Decisão,AUTORIZADA A REQUERIDA REVISÃO NOS TERMOS DO ARTº 449º AL. D) DO CPP / ORDENADO O REENVIO DO PROCESSO,1,0,0.18,Conceder provimento,1,rule:multi-part
Decisão,"AUTORIZADA A REVISÃO E SUSPENSA A EXECUÇÃO DA PRISÃO, EMBORA COM MEDIDAS DE COAÇÃO",1,0,0.20,Conceder provimento,0,rule
Decisão,AUTORIZADA A REVISÃO. ORDENADA A BAIXA DO PROCESSO.,1,0,0.32,Conceder provimento,1,rule:multi-part
Decisão,AUTORIZADO A REVISÃO,1,0,0.25,Conceder provimento,0,rule
Decisão,AUTORIZAR A REVISÃO,1,0,0.32,Sem informação,1,fallback:unparsed
Decisão,AUTORIZAR A REVISÃO REQUERIDA E O REENVIO DO PROCESSO À 1ª INSTÂNCIA.,1,0,0.28,Ordenar baixa dos autos,0,rule
Decisão,Admitida,1,0,0.75,Admitir,0,rule
Decisão,Admitida a Revista e Concedida a Revista,1,0,0.28,Admitir,0,rule
Decisão,Alterada a decisão,1,0,0.30,Sem informação,0,rule
Decisão,Anulada a decisão da Relação para ampliação,1,0,0.28,Anular,0,rule
Decisão,"Anulado em parte o acórdão por excesso de pronúncia e, no demais, negada a revista",1,0,0.21,Sem informação,0,rule
Decisão,Anulado o acórdão e determinada a baixa do recurso,1,0,0.32,Anular,0,rule
Decisão,Anulado o acórdão e devolvidos os autos à Relação,1,0,0.27,Anular,0,rule
Decisão,Anulado o julgamento,1,0,0.40,Anular,0,rule
Decisão,Anulado parcialmente o Acórdão recorrido,1,0,0.28,Anular,0,rule
Decisão,Atendida a reclamação e negada a revista,1,0,0.25,Deferir,0,rule
Decisão,Atendidos parcialmente os requerimentos,1,0,0.38,Sem informação,1,fallback:unparsed
Decisão,"B) ESTABELECER A SEGUINTE UNIFORMIZAÇÃO: 1 - A VINCULAÇÃO PARA AVAL PRESTADA EM LIVRANÇA EM BRANCO É, DESDE QUE ASSUMIDA SEM PRAZO OU POR PRAZO RENOVÁVEL, DECORRIDO O PRAZO INICIAL, SUSCETÍVEL DE DENÚNCIA, PELO VINCULADO PARA AVAL QUE TENHA DEIXADO DE SER SÓCIO OU SÓCIO-GERENTE DA AVALIZADA, ATÉ AO PREENCHIMENTO DO TÍTULO.",1,0,0.09,Fixar jurisprudência,0,rule
Decisão,BAIXA A RELAÇÃO,1,0,0.33,Ordenar baixa dos autos,0,rule
Decisão,BAIXA A RELAÇÃO PARA AMPLIAÇÃO DA MATERIA DE FACTO.,1,0,0.24,Ordenar baixa dos autos,0,rule
Decisão,BAIXA AO SUPREMO P/ SUPRIMENTO DE NULIDADE,1,0,0.33,Ordenar baixa dos autos,0,rule
Decisão,BAIXA AO TRIBUNAL DA RELAÇÃO PARA AMPLIAÇÃO DA MATERIA DE FACTO,1,0,0.24,Ordenar baixa dos autos,0,rule
Decisão,BAIXA AO TRIBUNAL DE 1ª INSTÂNCIA,1,0,0.45,Ordenar baixa dos autos,0,rule
Decisão,BAIXA DO PROCESSO À RELAÇÃO,1,0,0.28,Ordenar baixa dos autos,0,rule
Decisão,BAIXA DOS AUTOS,1,0,0.65,Ordenar baixa dos autos,0,rule
Decisão,BAIXA DOS AUTOS AO TRIBUNAL DA RELAÇÃO PARA SUPRIR NULIDADE DO ACÓRDÃO.,1,0,0.21,Anular,0,rule
Decisão,BAIXA DOS AUTOS PARA AMPLIAÇÃO DE MATÉRIA DE FACTO,1,0,0.24,Ordenar baixa dos autos,0,rule
Decisão,BAIXA DOS AUTOS À 1ª INSTÂNCIA,1,0,0.50,Ordenar baixa dos autos,0,rule
Decisão,"BAIXA DOS AUTOS À 1ª INSTÂNCIA, SENDO CONCEDIDA PARCIALMENTE A REVISTA",1,0,0.29,Ordenar baixa dos autos,0,rule
Decisão,BAIXA DOS AUTOS À RELAÇÃO PARA SUPRIMENTO DA OMISSÃO DE PRONÚNCIA,1,0,0.26,Sem informação,0,rule
Decisão,BAIXA À 2ª INSTÂNCIA PARA A APRECIAÇÃO DA MATÉRIA DE FACTO,1,0,0.22,Ordenar baixa dos autos,0,rule
Decisão,BAIXA À RELAÇÃO PARA EFECTIVAÇÃO DE DILIGÊNCIAS,1,0,0.32,Ordenar baixa dos autos,0,rule
Decisão,BAIXA À RELAÇÃO.,1,0,0.33,Ordenar baixa dos autos,0,rule
Decisão,"BAIXA Á RELAÇÃO, SUPRIMENTO DE NULIDADES",1,0,0.32,Ordenar baixa dos autos,0,rule
Decisão,BAIXAR OS AUTOS AO TRIBUNAL DA RELAÇÃO PARA AMPLIAÇÃO DA MATÉRIA DE FACTO,1,0,0.21,Ordenar baixa dos autos,0,rule
Decisão,BAIXAR OS AUTOS À RELAÇÃO PARA AMPLIAR A MATÉRIA DE FACTO,1,0,0.23,Ordenar baixa dos autos,0,rule
Decisão,BAIXOU PARA AMPLIAR A MATÉRIA DE FACTO.,1,0,0.29,Ordenar baixa dos autos,0,rule
Decisão,"Baixa do processo à 1ª instância, ficando traslado no S. T. J.",1,0,0.23,Ordenar baixa dos autos,1,rule:multi-part
Decisão,Baixa dos autos à 1ª Instância,1,0,0.50,Ordenar baixa dos autos,0,rule
Decisão,Baixa dos autos à Relação,1,0,0.32,Ordenar baixa dos autos,0,rule
Decisão,CENCEDIDA,1,0,0.33,Conceder provimento,1,fallback:unparsed
Decisão,CENCEDIDA A REVISTA,1,0,0.42,Conceder provimento,1,fallback:unparsed
Decisão,CENCEDIDA A REVISTA.,1,0,0.42,Conceder provimento,1,fallback:unparsed
Decisão,COCEDIDA A REVISTA POR MAIORIA.,1,0,0.38,Conceder provimento,1,fallback:unparsed
Decisão,COCEDIDA A REVISTA.,1,0,0.42,Conceder provimento,1,fallback:unparsed
Decisão,COINCEDIDA A REVISTA,1,0,0.45,Conceder provimento,1,fallback:unparsed
Decisão,COMFIRMADA A DECISÃO.,1,0,0.35,Sem informação,1,fallback:unparsed
Decisão,COMPETENTE A 2ª VARA MISTA DE LOURES,1,0,0.33,Declarar competência,1,fallback:unparsed
Decisão,"COMPETENTE O JUÍZO LOCAL CÍVEL DE PONTA DELGADA, COMARCA DOS AÇORES.",1,0,0.22,Declarar competência,1,fallback:unparsed
Decisão,COMPETENTE O TRIBUNAL DA RELAÇÃO DO PORTO,1,0,0.29,Declarar competência,1,fallback:unparsed
Decisão,COMPETÊNCIA ATRIBUÍDA AO 2.º JUÍZO DO TRIBUNAL DE COMÉRCIO DE LISBOA,1,0,0.22,Declarar competência,1,rule:multi-part
Decisão,COMPETÊNCIA TERRITORIAL AO JUÍZO DE FAMÍLIA E MENORES DE SETÚBAL,1,0,0.27,Declarar competência,0,rule
Decisão,COMPETÊNCIA TERRITORIAL AO TRIBUNAL DE EXECUÇÃO DE PENAS DE ÉVORA,1,0,0.25,Declarar competência,0,rule
Decisão,"COMPETÊNCIA TERRITORIAL PARA A REFORMULAÇÃO DOS CÚMULOS JURÍDICOS POR CONHECIMENTO SUPERVENIENTE DE DOIS CONCURSOS DE CRIMES, FORMADOS NOS TERMOS ACIMA ESPECIFICADOS, AO JUÍZO CENTRAL CRIMINAL DE SINTRA -JUIZ 1.",1,0,0.14,Declarar competência,0,rule
Decisão,CONCDDIDA PARCIALMENTE A REVISTA,1,0,0.38,Conceder provimento parcialmente,1,fallback:unparsed
Decisão,CONCECIDA PARCIALMENTE A REVISTA.,1,0,0.38,Conceder provimento parcialmente,0,rule
Decisão,CONCEDE-SE A REVISTA DAS AUTORAS E NEGA-SE A REVISTA DA RÉ,1,0,0.33,Conceder provimento parcialmente,0,rule
Decisão,"CONCEDE-SE A REVISTA, REVOGANDO-SE O ACÓRDÃO RECORRIDO, E DECIDINDO-SE QUE A EXPRESSÃO ""DIAS CONSECUTIVOS"", CONSTANTE DA CLÁSULA 82ª DO CONTRATO COLETIVO ENTRE A ASSOCIAÇÃO DOS INDUSTRIAIS METALÚRGICOS, METALOMECÂNICOS E AFINS DE PORTUGAL-AIMMAP E O SINDEL -SINDICATO NACIONAL DA INDÚSTRIA E DA ENERGIA, DEVE SER INTERPRETADA COMO SENDO DIAS SEGUIDOS, INDEPENDENTEMENTE DE SEREM DIAS ÚTEIS OU DIAS DE TRABALHO OU DIAS DE DESCANSO.",1,0,0.07,Conceder provimento,0,rule
Decisão,CONCEDE-SE PARCIAL PROVIMENTO AO RECURSO DO AUTOR,1,0,0.47,Conceder provimento parcialmente,0,rule
Decisão,CONCEDE-SE PARCIALMENTE A REVISTA,1,0,0.42,Conceder provimento parcialmente,0,rule
Decisão,"CONCEDE-SE PARCIALMENTE A REVISTA A E..., S.A",1,0,0.42,Conceder provimento parcialmente,1,rule:multi-part
Decisão,CONCEDE-SE PARCIALMENTE A REVISTA.,1,0,0.42,Conceder provimento parcialmente,0,rule
Decisão,CONCEDE-SE PROVIMENTO AO AGRAVO.,1,0,0.59,Conceder provimento,0,rule
Decisão,CONCEDE-SE PROVIMENTO AO RECURSO,1,0,0.56,Conceder provimento,0,rule
Decisão,"CONCEDE-SE PROVIMENTO AO RECURSO, JULGANDO PROCEDENTE POR VERIFICADA A EXISTÊNCIA DA CONTRADIÇÃO JURISPRUDENCIAL E REVOGANDO A DECISÃO RECORRIDA",1,0,0.20,Conceder provimento,0,rule
Decisão,CONCEDEM-SE EM PARTE AS REVISTAS,1,0,0.38,Conceder provimento parcialmente,1,fallback:unparsed
Decisão,"CONCEDENDO A REVISTA, ACORDA-SE EM REVOGAR A DECISÃO RECORRIDA",1,0,0.31,Conceder provimento parcialmente,1,fallback:unparsed
Decisão,CONCEDER A REVISTA DOS AUTORES;,1,0,0.53,Conceder provimento,0,rule
Decisão,CONCEDER A REVISTA E A REVISÃO E CONFIRMAÇÃO DA ESCRITURA PÚBLICA DE DECLARAÇÃO DE UNIÃO ESTÁVEL,1,0,0.26,Conceder provimento,0,rule
Decisão,CONCEDER A REVISTA E ADMITIR A APELAÇÃO,1,0,0.41,Conceder provimento,0,rule
Decisão,CONCEDER A REVISTA E DETERMINAR A DEVOLUÇÃO DOS AUTOS À RELAÇÃO,1,0,0.30,Conceder provimento,0,rule
Decisão,CONCEDER A REVISTA E DEVOLVER O PROCESSO À RELAÇÃO,1,0,0.38,Conceder provimento,0,rule
Decisão,CONCEDER A REVISTA E DEVOLVER O PROCESSO À RELAÇÃO PARA A APRECIAÇÃO DA QUESTÃO DE CONSTITUCIONALIDADE,1,0,0.25,Conceder provimento,0,rule
Decisão,CONCEDER A REVISTA E DEVOLVER O PROCESSO À RELAÇÃO PARA APRECIAÇÃO DA IMPUGNAÇÃO DA DECISÃO SOBRE A MATÉRIA DE FACTO,1,0,0.22,Conceder provimento,0,rule
Decisão,CONCEDER A REVISTA E JULGAR COMPETENTE EM RAZÃO DE MATÉRIA O JUÍZO CÍVEL,1,0,0.31,Conceder provimento,0,rule
Decisão,CONCEDER A REVISTA E JULGAR PROCEDENTES OS EMBARGOS,1,0,0.37,Conceder provimento,0,rule
Decisão,CONCEDER A REVISTA E ORDENAR A BAIXA DO PROCESSO,1,0,0.38,Ordenar baixa dos autos,0,rule
Decisão,CONCEDER A REVISTA E ORDENAR O PROSSEGUIMENTO DOS AUTOS,1,0,0.38,Prosseguir os autos,0,rule
Decisão,CONCEDER A REVISTA E REENVIAR O PROCESSO À RELAÇÃO,1,0,0.40,Conceder provimento,0,rule
Decisão,CONCEDER A REVISTA E REENVIAR OS AUTOS AO TRIBUNAL DA RELAÇÃO,1,0,0.34,Conceder provimento,0,rule
Decisão,CONCEDER A REVISTA E REPRISTINAR A DECISÃO DE 1ª INSTÂNCIA,1,0,0.38,Conceder provimento,0,rule
Decisão,CONCEDER A REVISTA E REPRISTRINAR A DECISÃO DE 1ª INSTÂNCIA,1,0,0.37,Conceder provimento,0,rule
Decisão,"CONCEDER A REVISTA INTERPOSTA PELO A E, SOBRE A AMPLIAÇÃO PEDIDA PELOS RR, DETERMINAR A DEVOLUÇÃO DOS AUTOS À RELAÇÃO, PARA APRECIAÇÃO DA IMPUGNAÇÃO DA MATÉRIA DE FACTO E DAS CONSEQUÊNCIAS DA FALÊNCIA DO A.",1,0,0.14,Conceder provimento,0,rule
Decisão,CONCEDER A REVISTA NO RECURSO INTERPOSTO PELO AUTOR; NEGAR A REVISTA NO RECURSO INTERPOSTO PELA RÉ,1,0,0.27,Negar provimento,0,rule
Decisão,CONCEDER A REVISTA REPRISTINAR A SENTENÇA DE 1ª INSTÂNCIA,1,0,0.39,Conceder provimento,0,rule
Decisão,"CONCEDER A REVISTA, NÃO CONHECENDO DE PARTE DO OBJETO RESPETIVO",1,0,0.33,Não conhecer,0,rule
Decisão,"CONCEDER A REVISTA, REPRISTINANDO A SENTENÇA DE 1.ª INSTÂNCIA",1,0,0.34,Conceder provimento,1,rule:multi-part
Decisão,"CONCEDER A REVISTA, REPRISTINANDO-SE A SENTENÇA PROFERIDA PELO TRIBUNAL DE 1ª INSTÂNCIA",1,0,0.28,Conceder provimento,0,rule
Decisão,CONCEDER AS REVISTA,1,0,0.58,Conceder provimento,0,rule
Decisão,"CONCEDER EM PARTE A REVIOSTA, REPRISTINANDO A SENTENÇA DE 1ª INSTÂNCIA",1,0,0.30,Conceder provimento parcialmente,0,rule
Decisão,CONCEDER PARCIAL PROVIMENTO AO RECURSO,1,0,0.50,Conceder provimento parcialmente,0,rule
Decisão,CONCEDER PARCIALMENTE A REVISTA DOS AUTORES,1,0,0.49,Conceder provimento parcialmente,0,rule
Decisão,CONCEDER PARCIALMENTE A REVISTA E ANULAR O ACÓRDÃO,1,0,0.40,Conceder provimento parcialmente,0,rule
Decisão,CONCEDER PARCIALMENTE REVISTA,1,0,0.52,Conceder provimento parcialmente,0,rule
Decisão,CONCEDER PROVIMENTO AO AGRAVO.,1,0,0.69,Conceder provimento,0,rule
Decisão,CONCEDER PROVIMENTO PARCIAL AO RECURSO,1,0,0.74,Conceder provimento parcialmente,0,rule
Decisão,CONCEDIA A REVISTA ÀS EMBARGANTES; CONCEDIDA PARCIALMENTE A REVISTA À EMBARGADA.,1,0,0.34,Conceder provimento parcialmente,0,rule
Decisão,CONCEDIA EM PARTE,1,0,0.44,Conceder provimento parcialmente,0,rule
Decisão,"CONCEDIDA  A REVISTA, ANULADO O ACÓRDÃO.",1,0,0.32,Anular,0,rule
Decisão,CONCEDIDA  PARCIALMENTE A REVISTA.,1,0,0.41,Conceder provimento parcialmente,0,rule
Decisão,CONCEDIDA A  REVISTA,1,0,0.47,Conceder provimento,0,rule
Decisão,CONCEDIDA A DA RÉ E NEGADA A DO AUTOR,1,0,0.38,Negar provimento,0,rule
Decisão,"CONCEDIDA A DA RÉ, NEGADA A DO AUTOR",1,0,0.39,Negar provimento,0,rule
Decisão,CONCEDIDA A OUTRA,1,0,0.37,Conceder provimento,0,rule
Decisão,CONCEDIDA A RE VISTA,1,0,0.45,Conceder provimento,0,rule
Decisão,CONCEDIDA A RECLAMAÇÃO,1,0,0.45,Conceder provimento,0,rule
Decisão,CONCEDIDA A RECUSA,1,0,0.33,Conceder provimento,0,rule
Decisão,CONCEDIDA A RESVISTA,1,0,0.45,Conceder provimento,0,rule
Decisão,CONCEDIDA A REVBISTA DO AUTOR. NEGADA A REVISTA DO RÉU,1,0,0.33,Conceder provimento parcialmente,1,rule:multi-part
Decisão,CONCEDIDA A REVISTA   E BAIXA DOS AUTOS,1,0,0.54,Ordenar baixa dos autos,0,rule
Decisão,"CONCEDIDA A REVISTA ""PER SALTUM""",1,0,0.41,Conceder provimento,0,rule
Decisão,CONCEDIDA A REVISTA (ANULADO O JULGAMENTO),1,0,0.40,Anular,0,rule
Decisão,"CONCEDIDA A REVISTA , REPRESTINANDO A DECISÃO DE 1ª INSTÂNCIA",1,0,0.33,Conceder provimento,0,rule
Decisão,CONCEDIDA A REVISTA - BAIXA À RELAÇÃO,1,0,0.38,Ordenar baixa dos autos,0,rule
Decisão,CONCEDIDA A REVISTA / REVOGADA A DECISÃO RECORRIDA DETERMINANDO-SE A SUA SUBSTITUIÇÃO PELA DECISÃO DA 1ª INSTÂNCIA.,1,0,0.21,Revogar,0,rule
Decisão,CONCEDIDA A REVISTA / REVOGADO O ACÓRDÃO RECORRIDO,1,0,0.32,Revogar,0,rule
Decisão,CONCEDIDA A REVISTA / REVOGADO O ACÓRDÃO RECORRIDO / ABSOLVIDO O RÉU,1,0,0.29,Revogar,0,rule
Decisão,"CONCEDIDA A REVISTA / REVOGADO O ACÓRDÃO RECORRIDO, REPRISTINANDO-SE A SENTENÇA DE 1ª INSTÂNCIA",1,0,0.23,Revogar,0,rule
Decisão,CONCEDIDA A REVISTA AA,1,0,0.45,Conceder provimento,0,rule
Decisão,CONCEDIDA A REVISTA ANULADA A DECISÃO RECORRIDA,1,0,0.34,Anular,0,rule
Decisão,CONCEDIDA A REVISTA ANULADO ACÓRDÃO RECORRIDO DETERMINADO O ENVIO À RELAÇÃO,1,0,0.28,Anular,0,rule
Decisão,CONCEDIDA A REVISTA ANULADO O ACÓRDÃO,1,0,0.32,Anular,0,rule
Decisão,CONCEDIDA A REVISTA ANULANDO-SE O ACÓRDÃO RECORRIDO E DETERMINADA  A BAIXA DO PROCESSO À RELAÇÃO,1,0,0.21,Ordenar baixa dos autos,0,rule
Decisão,CONCEDIDA A REVISTA AO ISS E CONCEDIDA PARCIALMENTE À SIDERURGIA NACIONAL.,1,0,0.34,Conceder provimento parcialmente,0,rule
Decisão,CONCEDIDA A REVISTA AO RECURSO DA R. E REVOGADO O ACÓRDÃO RECORRIDO,1,0,0.27,Conceder provimento,1,rule:multi-part
Decisão,"CONCEDIDA A REVISTA AO RECURSO INTERPOSTO PELO BCP; NEGADA A REVISTA QUANTO AO RECURSO INTERPOSTO POR ROCHE SISTEMAS DE DIAGNÓSTICO - SOCIEDADE UNIPESSOAL, LDA.",1,0,0.17,Negar provimento,0,rule
Decisão,CONCEDIDA A REVISTA AOS AUTORES E NEGADA A REVISTA À RÉ,1,0,0.33,Negar provimento,0,rule
Decisão,CONCEDIDA A REVISTA COM A REMESSA DOS AUTOS AO TRIBUNAL DA RELAÇÃO.,1,0,0.29,Remeter os autos,0,rule
Decisão,CONCEDIDA A REVISTA DA 2ª R,1,0,0.37,Conceder provimento,0,rule
Decisão,CONCEDIDA A REVISTA DA AUTORA E NEGADA A REVISTA DA RÉ,1,0,0.33,Negar provimento,0,rule
Decisão,CONCEDIDA A REVISTA DA AUTORA E NEGADA A REVISTA DO RÉU,1,0,0.33,Negar provimento,0,rule
Decisão,"CONCEDIDA A REVISTA DA AUTORA, NEGADA A REVISTA DA RÉ",1,0,0.34,Negar provimento,0,rule
Decisão,CONCEDIDA A REVISTA DA AUTORA. CONCEDIDA EM PARTE A REVISTA DA RÉ,1,0,0.31,Conceder provimento parcialmente,1,rule:multi-part
Decisão,CONCEDIDA A REVISTA DA AUTORA; CONCEDIDA EM PARTE A REVISTA DOS RÉUS.,1,0,0.29,Conceder provimento parcialmente,0,rule
Decisão,CONCEDIDA A REVISTA DA EMBARGADA E NEGADA A AMPLIAÇÃO,1,0,0.30,Negar provimento,0,rule
Decisão,CONCEDIDA A REVISTA DA KK,1,0,0.40,Conceder provimento,0,rule
Decisão,CONCEDIDA A REVISTA DA RR,1,0,0.40,Conceder provimento,0,rule
Decisão,CONCEDIDA A REVISTA DA RÉ (PREJUDICADA A DA AUTORA),1,0,0.29,Conceder provimento,0,rule
Decisão,CONCEDIDA A REVISTA DA RÉ / NÃO CONHECER REVISTA DO AUTOR,1,0,0.32,Não conhecer,0,rule
Decisão,CONCEDIDA A REVISTA DA RÉ E CONCEDIDA PARCIALMENTE A REVISTA DA AUTORA,1,0,0.36,Conceder provimento parcialmente,0,rule
Decisão,CONCEDIDA A REVISTA DA RÉ E NEGADA A DA AUTORA,1,0,0.30,Negar provimento,0,rule
Decisão,CONCEDIDA A REVISTA DA RÉ E NEGADA A DO INTERVENIENTE,1,0,0.34,Negar provimento,0,rule
Decisão,CONCEDIDA A REVISTA DA RÉ E NEGADA A REVISTA DO AUTOR,1,0,0.32,Negar provimento,0,rule
Decisão,CONCEDIDA A REVISTA DA RÉ EE E NEGADA A REVISTA DO AUTOR,1,0,0.30,Negar provimento,0,rule
Decisão,CONCEDIDA A REVISTA DA RÉ FF E CONCEDIDA EM PARTE A REVISTA DO RÉU GG,1,0,0.29,Conceder provimento parcialmente,0,rule
Decisão,"CONCEDIDA A REVISTA DA RÉ SEGURADORES UNIDAS, SA., NÃO SE CONHECE DO OBJECTO DOS RECURSOS DO AGRAVO E RECURSO DE REVISTA DO RÉU AA",1,0,0.18,Conceder provimento,1,rule:multi-part
Decisão,CONCEDIDA A REVISTA DA RÉ.  NEGADA A REVISTA DO AUTOR.,1,0,0.33,Conceder provimento parcialmente,1,rule:multi-part
Decisão,CONCEDIDA A REVISTA DA RÉ; NEGADA A REVISTA DO AUTOR,1,0,0.33,Negar provimento,0,rule
Decisão,CONCEDIDA A REVISTA DETERMINANDO O PROSSEGUIMENTO DOS AUTOS,1,0,0.32,Prosseguir os autos,0,rule
Decisão,CONCEDIDA A REVISTA DETERMINANDO-SE A REFORMA DO ACÓRDÃO.,1,0,0.29,Conceder provimento,0,rule
Decisão,CONCEDIDA A REVISTA DO AUTOR,1,0,0.46,Conceder provimento,0,rule
Decisão,CONCEDIDA A REVISTA DO AUTOR E NAGADA A REVISTA SUBORDINADA,1,0,0.31,Negar provimento,0,rule
Decisão,CONCEDIDA A REVISTA DO AUTOR E NEGADA AS REVISTAS DAS RÉS,1,0,0.32,Negar provimento,0,rule
Decisão,CONCEDIDA A REVISTA DO AUTOR NÃO CONHECIMENTO DA REVISTA DA RÉ,1,0,0.35,Não conhecer,0,rule
Decisão,CONCEDIDA A REVISTA DO AUTOR. NEGADA A REVISTA DA RÉ,1,0,0.35,Conceder provimento parcialmente,1,rule:multi-part
Decisão,CONCEDIDA A REVISTA DO AUTOR. NEGADA A REVISTA DO RÉU.,1,0,0.34,Conceder provimento parcialmente,1,rule:multi-part
Decisão,CONCEDIDA A REVISTA DO AUTOR; NEGADA A REVISTA DOS RÉUS.,1,0,0.33,Negar provimento,0,rule
Decisão,CONCEDIDA A REVISTA DO MINISTÉRIO PÚBLICO E NEGADA A REVISTA DA RÉ,1,0,0.32,Negar provimento,0,rule
Decisão,CONCEDIDA A REVISTA DO RECORRENTE BANCO E NEGADA A DOS EXECUTADOS,1,0,0.29,Negar provimento,0,rule
Decisão,CONCEDIDA A REVISTA DO RÉU E NEGADA A DO AUTOR,1,0,0.33,Negar provimento,0,rule
Decisão,CONCEDIDA A REVISTA DOS AUTORES,1,0,0.52,Conceder provimento,0,rule
Decisão,CONCEDIDA A REVISTA DOS AUTORES E NEGADA A DOS RÉUS.,1,0,0.31,Negar provimento,0,rule
Decisão,CONCEDIDA A REVISTA DOS AUTORES E NEGADA A REVISTA DA RÉ,1,0,0.32,Negar provimento,0,rule
Decisão,CONCEDIDA A REVISTA DOS AUTORES. PARCIALMENTE CONCEDIDA A REVISTA DOS RÉUS,1,0,0.34,Conceder provimento parcialmente,1,rule:multi-part
Decisão,CONCEDIDA A REVISTA DOS AUTOS E NEGADA A DOS RÉUS,1,0,0.33,Negar provimento,0,rule
Decisão,CONCEDIDA A REVISTA DOS RÉUS E NEGADA A DA RÉ SEGURADORA,1,0,0.29,Negar provimento,0,rule
Decisão,CONCEDIDA A REVISTA DOS RÉUS E NEGADA A REVISTA DA AUTORA,1,0,0.30,Negar provimento,0,rule
Decisão,CONCEDIDA A REVISTA DOS RÉUS E NEGADA A REVISTA DO AUTOR,1,0,0.30,Negar provimento,0,rule
Decisão,CONCEDIDA A REVISTA E,1,0,0.48,Conceder provimento,0,rule
Decisão,CONCEDIDA A REVISTA E A REVISÃO DA ESCRITURA NOTARIAL,1,0,0.34,Conceder provimento,0,rule
Decisão,CONCEDIDA A REVISTA E ANULADA A DECISÃO,1,0,0.36,Anular,0,rule
Decisão,CONCEDIDA A REVISTA E ANULADO A ACÓRDÃO RECORRIDO,1,0,0.35,Anular,0,rule
Decisão,CONCEDIDA A REVISTA E ANULADO O ACORDÃO PARA AMPLIAÇÃO DA MATÉRIA DE FACTO,1,0,0.30,Anular,0,rule
Decisão,CONCEDIDA A REVISTA E ANULADO O ACORDÃO RECORRIDO,1,0,0.35,Anular,0,rule
Decisão,CONCEDIDA A REVISTA E ANULADO O ACÓRDÃO  RECORRIDO,1,0,0.35,Anular,0,rule
Decisão,CONCEDIDA A REVISTA E ANULADO O ACÓRDÃO E A DECISÃO DA PRIMEIRA INSTÂNCIA.,1,0,0.32,Anular,0,rule
Decisão,CONCEDIDA A REVISTA E ANULADO O ACÓRDÃO RECORRIDO PARA FIXAÇÃO DA MATÉRIA DE FACTO,1,0,0.27,Anular,0,rule
Decisão,CONCEDIDA A REVISTA E ANULADO O ACÕRDÃO RECORRIDO,1,0,0.35,Anular,0,rule
Decisão,CONCEDIDA A REVISTA E ANULADO O DESPACHO INCIDENTE SOBRE O JUSTO IMPEDIMENTO COM ANULAÇÃO DE TODO O PROCESSADO SUBSEQUENTE.,1,0,0.21,Anular,0,rule
Decisão,CONCEDIDA A REVISTA E ANULADO O JULGAMENTO,1,0,0.43,Anular,0,rule
Decisão,CONCEDIDA A REVISTA E BAIXA DO PROCESSO À RELAÇÃO,1,0,0.35,Ordenar baixa dos autos,0,rule
Decisão,CONCEDIDA A REVISTA E DETERMINA-SE A AMPLIAÇÃO DE MATÉRIA DE FACTO,1,0,0.29,Conceder provimento,0,rule
Decisão,CONCEDIDA A REVISTA E DETERMINADA A BAIXA DO PROCESSO,1,0,0.30,Ordenar baixa dos autos,0,rule
Decisão,CONCEDIDA A REVISTA E DETERMINADA A DEVOLUÇÃO DOS AUTOS À RELAÇÃO,1,0,0.28,Conceder provimento,0,rule
Decisão,CONCEDIDA A REVISTA E DETERMINADA A REMESSA À 1.ª INSTÂNCIA,1,0,0.34,Remeter os autos,1,rule:multi-part
Decisão,CONCEDIDA A REVISTA E DETERMINADA A REMESSA À RELAÇÃO,1,0,0.32,Remeter os autos,0,rule
Decisão,CONCEDIDA A REVISTA E DETERMINAMDO A BAIXA DOS AUTOS AO TRIBUNAL DA RELAÇÃO,1,0,0.29,Ordenar baixa dos autos,0,rule
Decisão,CONCEDIDA A REVISTA E JULGADA IMPROCEDENTE A AMPLIAÇÃO DO OBJECTO DO RECURSO,1,0,0.28,Negar provimento,0,rule
Decisão,CONCEDIDA A REVISTA E ORDENADA A BAIXA DOS AUTOS AO TRIBUNAL DA RELAÇÃO PARA APRECIAR AS QUESTÕES QUE FORAM CONSIDERADAS PREJUDICADAS,1,0,0.18,Ordenar baixa dos autos,0,rule
Decisão,CONCEDIDA A REVISTA E ORDENADA BAIXA DOS AUTOS,1,0,0.48,Ordenar baixa dos autos,0,rule
Decisão,CONCEDIDA A REVISTA E REMETIDO O PROCESSO À RELAÇÃO,1,0,0.35,Remeter os autos,0,rule
Decisão,CONCEDIDA A REVISTA E REMETIDO O PROCESSO À RELAÇÃO PARA CONHECER DE QUESTÕES PREJUDICADAS,1,0,0.24,Remeter os autos,0,rule
Decisão,CONCEDIDA A REVISTA E REMETIDOS OS AUTOS À RELAÇÃO,1,0,0.34,Remeter os autos,0,rule
Decisão,CONCEDIDA A REVISTA E REPRISTINADA A SENTENÇA DA 1ª INSTÂNCIA,1,0,0.34,Conceder provimento,0,rule
Decisão,CONCEDIDA A REVISTA E REPRISTINADO A SENTENÇA,1,0,0.47,Conceder provimento,0,rule
Decisão,CONCEDIDA A REVISTA E REVOGADO O ACÓRDÃO RECORRIDO.,1,0,0.32,Revogar,0,rule
Decisão,CONCEDIDA A REVISTA E REVOGADO PARCIALMENTE O ACÓRDÃO RECORRIDO,1,0,0.40,Revogar,0,rule
Decisão,"CONCEDIDA A REVISTA E, EM CONSEQUÊNCIA, ABSOLVE-SE O RÉU DO PEDIDO",1,0,0.27,Conceder provimento,0,rule
Decisão,CONCEDIDA A REVISTA EXCECIONAL E CONCEDIDA PARCIALMENTE A REVISTA GERAL.,1,0,0.37,Conceder provimento parcialmente,0,rule
Decisão,CONCEDIDA A REVISTA EXCECIONAL.,1,0,0.40,Conceder provimento,0,rule
Decisão,CONCEDIDA A REVISTA INDEPENDENTE DA RÉ E NEGADA A REVISTA SUBORDINADA DA AUTORA.,1,0,0.25,Negar provimento,0,rule
Decisão,CONCEDIDA A REVISTA INTERPOSTA PELO ESTADO E CONCEDIDA PARCIALMENTE A REVISTA DOS AUTORES,1,0,0.29,Conceder provimento parcialmente,0,rule
Decisão,"CONCEDIDA A REVISTA INTERPOSTA POR ""DD""",1,0,0.34,Conceder provimento,0,rule
Decisão,CONCEDIDA A REVISTA INTERPOSTO PELO AUTOR,1,0,0.37,Conceder provimento,0,rule
Decisão,CONCEDIDA A REVISTA PRINCIPAL E NEGADA A REVISTA SUBORDINADA,1,0,0.30,Negar provimento,0,rule
Decisão,CONCEDIDA A REVISTA PRINCIPAL E NEGADA A SUBORDINADA,1,0,0.33,Negar provimento,0,rule
Decisão,CONCEDIDA A REVISTA PRINCIPAL. NÃO CONHECIDA A REVISTA SUBORDINADA,1,0,0.29,Conceder provimento,1,rule:multi-part
Decisão,CONCEDIDA A REVISTA PROVIMENTO PARCIAL DA AMPLIAÇÃO DO OBJETO DE RECURSO,1,0,0.40,Conceder provimento parcialmente,0,rule
Decisão,CONCEDIDA A REVISTA QUANTO AO PEDIDO PRINCIPAL E DETERMINADA A REMISSÃO À RELAÇÃO PARA CONHECER DO PEDIDO SUBSIDIÁRIO,1,0,0.21,Conceder provimento,0,rule
Decisão,CONCEDIDA A REVISTA QUANTO AO RECURSO INTERPOSTO PELA COMPANHIA DE SEGUROS ALLIANZ PORTUGAL SA.,1,0,0.24,Conceder provimento,0,rule
Decisão,CONCEDIDA A REVISTA QUANTO À RÉ CC E NEGADA A REVISTA QUANTO AO RÉ BB,1,0,0.30,Negar provimento,0,rule
Decisão,CONCEDIDA A REVISTA REMETENDO-SE OS AUTOS AO TRIBUNAL DA RELAÇÃO,1,0,0.31,Conceder provimento,0,rule
Decisão,CONCEDIDA A REVISTA TRAZIDA PELA RÉ NEGADA A DO AUTOR,1,0,0.32,Negar provimento,0,rule
Decisão,CONCEDIDA A REVISTA TRAZIDA PELA RÉ. JULGADA IMPROCEDENTE A AMPLIAÇÃO DA REVISTA REQUERIDA  PELAS AUTORAS. JULGADOS PREJUDICADOS O RECURSO SUBORDINADO E A AMPLIAÇÃO DO OBJETO DE REVISTA REQUERIDA PELA RÉ.,1,0,0.14,Conceder provimento parcialmente,1,rule:multi-part
Decisão,CONCEDIDA A REVISTA À AA E NEGADA A REVISTA AO RÉU,1,0,0.34,Negar provimento,0,rule
Decisão,CONCEDIDA A REVISTA À R LISNAVE E NEGADA A REVISTA DA R SOMAGUE,1,0,0.29,Negar provimento,0,rule
Decisão,CONCEDIDA A REVISTA À SEGUNDA RECORRENTE E NEGADA A REVISTA À PRIMEIRA RECORRENTE,1,0,0.28,Negar provimento,0,rule
Decisão,"CONCEDIDA A REVISTA, ABSOLVENDO A R INTERVENIENTE DO PEDIDO",1,0,0.34,Conceder provimento,0,rule
Decisão,"CONCEDIDA A REVISTA, ABSOLVENDO A RÉ DA INSTÂNCIA",1,0,0.37,Conceder provimento,0,rule
Decisão,"CONCEDIDA A REVISTA, ABSOLVENDO O R DO PEDIDO",1,0,0.36,Conceder provimento,0,rule
Decisão,"CONCEDIDA A REVISTA, ADMITIR A RECONVENÇÃO, DETERMINANDO QUE OS AUTOS PROSSIGAM PARA CONHECIMENTO DO PEDIDO RECONVENCIONAL",1,0,0.21,Conceder provimento,0,rule
Decisão,"CONCEDIDA A REVISTA, ANULADO O ACÓRDÃO RECORRIDO",1,0,0.33,Anular,0,rule
Decisão,"CONCEDIDA A REVISTA, ANULADO O ACÓRDÃO RECORRIDO E BAIXA DO",1,0,0.31,Anular,0,rule
Decisão,"CONCEDIDA A REVISTA, ANULADO O ACÓRDÃO RECORRIDO.",1,0,0.33,Anular,0,rule
Decisão,"CONCEDIDA A REVISTA, ANULADO O JULGAMENTO DA PRIMEIRA INSTÂNCIA.",1,0,0.33,Anular,0,rule
Decisão,"CONCEDIDA A REVISTA, ANULANDO-SE PARCIALMENTE O ACÓRDÃO E ORDENADA A BAIXA DOS AUTOS AO TRIBUNAL DA RELAÇÃO",1,0,0.23,Ordenar baixa dos autos,0,rule
Decisão,"CONCEDIDA A REVISTA, BAIXANDO À RELAÇÃO",1,0,0.36,Ordenar baixa dos autos,0,rule
Decisão,"CONCEDIDA A REVISTA, CONDENANDO-SE A RÉ A INTEGRAR AS AUTORAS NOS SEUS POSTOS DE TRABALHO COMO TENDO SIDO ADMITIDAS DESDE O INÍCIO DA RESPETIVA RELAÇÃO CONTRATUAL COM A CATEGORIA CAB 1,",1,0,0.15,Conceder provimento,0,rule
Decisão,"CONCEDIDA A REVISTA, DETERMINADA A PROSSECUÇÃO DOS EMBARGOS",1,0,0.29,Conceder provimento,0,rule
Decisão,"CONCEDIDA A REVISTA, DETERMINADO O PROSSEGUIMENTO DOS AUTOS",1,0,0.32,Prosseguir os autos,0,rule
Decisão,"CONCEDIDA A REVISTA, DETERMINANDO-SE A BAIXA DO PROCESSO.",1,0,0.30,Ordenar baixa dos autos,0,rule
Decisão,"CONCEDIDA A REVISTA, DETERMINANDO-SE A REMESSA DOS AUTOS AO TRIBUNAL DA RELAÇÃO PARA CONHECIMENTO DA EXCEÇÃO DE PRESCRIÇÃO",1,0,0.20,Remeter os autos,0,rule
Decisão,"CONCEDIDA A REVISTA, DETERMINANDO-SE O PROSSEGUIMENTO DOS AUTOS",1,0,0.30,Prosseguir os autos,0,rule
Decisão,"CONCEDIDA A REVISTA, JULGADA EXTINTA A EXECUÇÃO",1,0,0.34,Julgar extinta a instância,0,rule
Decisão,"CONCEDIDA A REVISTA, JULGANDO EXTINTA A EXECUÇÃO",1,0,0.33,Julgar extinta a instância,0,rule
Decisão,"CONCEDIDA A REVISTA, JULGANDO EXTINTA A EXEEXUÇÃO QUANTO À EMBARGANTE",1,0,0.30,Julgar extinta a instância,0,rule
Decisão,"CONCEDIDA A REVISTA, ORDENANDO-SE A BAIXA DO PROCESSO AO TRIBUNAL DA RELAÇÃO",1,0,0.28,Ordenar baixa dos autos,0,rule
Decisão,"CONCEDIDA A REVISTA, ORDENANDO-SE A BAIXA DO PROCESSO PARA AMPLIAÇÃO DA MATÉRIA DE FACTO.",1,0,0.25,Ordenar baixa dos autos,0,rule
Decisão,"CONCEDIDA A REVISTA, ORDENANDO-SE A BAIXA DOS AUTOS AO",1,0,0.41,Ordenar baixa dos autos,0,rule
Decisão,"CONCEDIDA A REVISTA, ORDENANDO-SE A BAIXA DOS AUTOS AO TRIBUNAL DA RELAÇÃO",1,0,0.30,Ordenar baixa dos autos,0,rule
Decisão,"CONCEDIDA A REVISTA, ORDENANDO-SE A BAIXA DOS AUTOS AO TRIBUNAL DA RELAÇÃO PARA AMPLIAÇÃO DA MATÉRIA DE FACTO",1,0,0.21,Ordenar baixa dos autos,0,rule
Decisão,"CONCEDIDA A REVISTA, ORDENANDO-SE A REMESSA DOS AUTOS AO TRIBUNAL DA RELAÇÃO.",1,0,0.25,Remeter os autos,0,rule
Decisão,"CONCEDIDA A REVISTA, RECONHECENDO O DIREITO EXERCIDO PELA A NA AÇÃO",1,0,0.30,Conceder provimento,0,rule
Decisão,"CONCEDIDA A REVISTA, RECONHECENDO O DIREITO EXERCIDO PELOS AA",1,0,0.31,Conceder provimento,0,rule
Decisão,"CONCEDIDA A REVISTA, RECONHECENDO PERSONALIDADE JUDICIÁRIA À HERANÇA JACENTE, E DETERMINAR O PROSSEGUIMENTO DOS AUTOS",1,0,0.21,Prosseguir os autos,0,rule
Decisão,"CONCEDIDA A REVISTA, REFORMANDO A DECISÃO QUANTO A CUSTAS",1,0,0.33,Conceder provimento,0,rule
Decisão,"CONCEDIDA A REVISTA, REMETENDO-SE OS AUTOS PARA A RELAÇÃO PARA APRECIAÇÃO DAS CONSEQUÊNCIAS DO DESPEDIMENTO ILÍCITO DO AUTOR.",1,0,0.21,Conceder provimento,0,rule
Decisão,"CONCEDIDA A REVISTA, REMETIDO AO TRIBUNAL DA RELAÇÃO PARA CONHECER DAS QUESTÕES QUE FICARAM PREJUDICADAS.",1,0,0.22,Remeter os autos,0,rule
Decisão,"CONCEDIDA A REVISTA, REMETIDOS OS AUTOS À DISTRIBUIÇÃO COMO RECURSO PER SALTUM.",1,0,0.27,Sem informação,0,rule
Decisão,"CONCEDIDA A REVISTA, REPRESTINANDO A SENTENÇA DE 1.ª INSTÂNCIA",1,0,0.32,Conceder provimento,1,rule:multi-part
Decisão,"CONCEDIDA A REVISTA, REPRISTINADA A DECISÃO DA 1ª INSTÂNCIA",1,0,0.34,Conceder provimento,0,rule
Decisão,"CONCEDIDA A REVISTA, REPRISTINADA A SENTENÇA ARBITRAL",1,0,0.40,Conceder provimento,0,rule
Decisão,"CONCEDIDA A REVISTA, REPRISTINANDO A DECISÃO DO TRIBUNAL DE 1ª INSTÂNCIA",1,0,0.29,Conceder provimento,0,rule
Decisão,"CONCEDIDA A REVISTA, REPRISTINANDO A DECISÃO PROFERIDA PELO TRIBUNAL DE 1ª INSTÂNCIA",1,0,0.26,Conceder provimento,0,rule
Decisão,"CONCEDIDA A REVISTA, REPRISTINANDO-SE A DECISÃO PROFERIDA PELO TRIBUNAL DE 1ª INSTÂNCIA",1,0,0.25,Conceder provimento,0,rule
Decisão,"CONCEDIDA A REVISTA, REPRISTINANDO-SE A SENTENÇA DA 1ª INSTÂNCIA",1,0,0.33,Conceder provimento,0,rule
Decisão,"CONCEDIDA A REVISTA, REVOGADO O ACÓRDÃO RECORRIDO",1,0,0.33,Revogar,0,rule
Decisão,"CONCEDIDA A REVISTA, REVOGADO O ACÓRDÃO RECORRIDO E FIXADA INDEMNIZAÇÃO",1,0,0.28,Revogar,0,rule
Decisão,"CONCEDIDA A REVISTA, REVOGADO PARCIALMENTE O ACÓRDÃO RECORRIDO E ORDENADA A REMESSA AO TRIBUNAL DA RELAÇÃO PARA CONHECIMENTO DA QUESTÃO QUE FICOU PREJUDICADA PELA DECISÃO TOMADA.",1,0,0.16,Remeter os autos,0,rule
Decisão,"CONCEDIDA A REVISTA, REVOGANDO-SE O ACÓRDÃO RECORRIDO E  DETERMINANDO-SE NOVO JULGAMENTO DA CAUSA.",1,0,0.25,Ordenar baixa dos autos,0,rule
Decisão,CONCEDIDA A REVISTA.  ANULADA A DECISÃO.,1,0,0.34,Conceder provimento,1,rule:multi-part
Decisão,CONCEDIDA A REVISTA. ALTERADA A DECISÃO.,1,0,0.33,Conceder provimento,1,rule:multi-part
Decisão,CONCEDIDA A REVISTA. ANULADO O JULGAMENTO.,1,0,0.41,Conceder provimento,1,rule:multi-part
Decisão,CONCEDIDA A REVISTA. BAIXANDO OS AUTOS AO TRIBUNAL DA RELAÇÃO,1,0,0.31,Conceder provimento,1,rule:multi-part
Decisão,CONCEDIDA A REVISTA. NEGADA A AMPLIAÇÃO DO RECURSO,1,0,0.32,Conceder provimento parcialmente,1,rule:multi-part
Decisão,CONCEDIDA A REVISTA. ORDENADA A BAIXA DO PROCESSO,1,0,0.33,Conceder provimento,1,rule:multi-part
Decisão,CONCEDIDA A REVISTA; ANULADO O ACÓRDÃO DA RELAÇÃO,1,0,0.35,Anular,0,rule
Decisão,CONCEDIDA A REVISTA; ANULADO O ACÓRDÃO RECORRIDO,1,0,0.33,Anular,0,rule
Decisão,CONCEDIDA A REVISTA; ANULADO O ACÓRDÃO RECORRIDO.,1,0,0.33,Anular,0,rule
Decisão,CONCEDIDA A REVISTA; ANULADO O ACÓRDÃO.,1,0,0.32,Anular,0,rule
Decisão,CONCEDIDA A REVISTA; NEGADA A REVISTA RECORRIDA,1,0,0.34,Negar provimento,0,rule
Decisão,CONCEDIDA A REVISTA; ORDENANDO-SE QUE OS AUTOS BAIXEM,1,0,0.30,Conceder provimento,0,rule
Decisão,CONCEDIDA A REVISTA; REMESSA DOS AUTOS AO TRIBUNAL DA RELAÇÃO,1,0,0.31,Remeter os autos,0,rule
Decisão,CONCEDIDA A RVISTA E ORDENADA A REMESSA AO TRIBUNAL DA RELAÇÃO PARA CONHECER DA NULIDADE.,1,0,0.25,Remeter os autos,0,rule
Decisão,CONCEDIDA COM BAIXA À RELAÇÃO,1,0,0.38,Ordenar baixa dos autos,0,rule
Decisão,CONCEDIDA E REVISTA.,1,0,0.47,Conceder provimento,0,rule
Decisão,CONCEDIDA EM PARTE A REVISTA AOS AA; NEGADA A REVISTA À RÉ,1,0,0.33,Negar provimento,0,rule
Decisão,CONCEDIDA EM PARTE A REVISTA AOS RÉUS E NEGADA A REVISTA DA AUTORA,1,0,0.29,Negar provimento,0,rule
Decisão,CONCEDIDA EM PARTE A REVISTA DA AUTORA / NEGADA A REVISTA DA RÉ,1,0,0.32,Negar provimento,0,rule
Decisão,CONCEDIDA EM PARTE A REVISTA DA AUTORA E NEGADA A DA RÉ,1,0,0.33,Negar provimento,0,rule
Decisão,CONCEDIDA EM PARTE A REVISTA DA AUTORA E NEGADA A DOS RÉS,1,0,0.32,Negar provimento,0,rule
Decisão,CONCEDIDA EM PARTE A REVISTA DA AUTORA E PREJUDICADO O CONHECIMENTO DA REVISTA DA RÉ,1,0,0.29,Conceder provimento parcialmente,0,rule
Decisão,CONCEDIDA EM PARTE A REVISTA DA GG SEGUROS E NEGADA A OUTRA REVISTA,1,0,0.28,Negar provimento,0,rule
Decisão,CONCEDIDA EM PARTE A REVISTA DA RÉ E NEGADA A DA AUTORA,1,0,0.31,Negar provimento,0,rule
Decisão,CONCEDIDA EM PARTE A REVISTA DA RÉ E NEGADA A DAS AUTORAS,1,0,0.30,Negar provimento,0,rule
Decisão,"CONCEDIDA EM PARTE A REVISTA DA RÉ, NEGADA A DA AUTORA E NÃO SE TOMOU CONHECIMENTO DO OBJECTO DA REVISTA DO AUTOR",1,0,0.21,Não conhecer,0,rule
Decisão,CONCEDIDA EM PARTE A REVISTA DA RÉ; NEGADA A DO AUTOR,1,0,0.32,Negar provimento,0,rule
Decisão,CONCEDIDA EM PARTE A REVISTA DO AUTOR E NEGADA A DA RÉ,1,0,0.33,Negar provimento,0,rule
Decisão,CONCEDIDA EM PARTE A REVISTA DOS AUTORES E NEGADA A DOS RÉUS,1,0,0.30,Negar provimento,0,rule
Decisão,CONCEDIDA EM PARTE A REVISTA DOS AUTORES E NEGADA A REVISTA DA RÉ.,1,0,0.31,Negar provimento,0,rule
Decisão,"CONCEDIDA EM PARTE A REVISTA DOS RÉUS DD E FF E A DOS AUTORES BB E MM, NEGADAS REVISTAS SUBORDINADAS DOS INTERVENIÊNTES II E JJ",1,0,0.19,Negar provimento,0,rule
Decisão,CONCEDIDA EM PARTE A REVISTA E ANULADO O ACÓRDÃO,1,0,0.31,Anular,0,rule
Decisão,CONCEDIDA EM PARTE A REVISTA E ORDENADA A BAIXA DOS AUTOS,1,0,0.39,Ordenar baixa dos autos,0,rule
Decisão,CONCEDIDA EM PARTE A REVISTA PRINCIPAL. JULGAR PREJUDICADO O CONHECIMENTO DO RECURSO SUBORDINDO.,1,0,0.24,Conceder provimento parcialmente,1,rule:multi-part
Decisão,CONCEDIDA EM PARTE A REVISTA PRINCIPAL; NEGADA A REVISTA SUBORDINADA,1,0,0.29,Negar provimento,0,rule
Decisão,"CONCEDIDA EM PARTE A REVISTA À AUTORA , NEGADA A REVISTA À RÉ",1,0,0.33,Negar provimento,0,rule
Decisão,CONCEDIDA EM PARTE DA REVISTA DA AUTORA; NEGADA A REVISTA DA RÉ,1,0,0.32,Negar provimento,0,rule
Decisão,CONCEDIDA ESCUSA,1,0,0.32,Conceder provimento,0,rule
Decisão,CONCEDIDA NÃO CONHECER DO OBJECTO DO RECURSO.,1,0,0.30,Não conhecer,0,rule
Decisão,CONCEDIDA PARCAILAMENTE A REVISTA DAS RÉS E NEGADA A REVISTA DOS AUTORES,1,0,0.31,Negar provimento,0,rule
Decisão,CONCEDIDA PARCIAL REVISTA CC,1,0,0.39,Conceder provimento parcialmente,0,rule
Decisão,CONCEDIDA PARCIALEMENTE A REVISTA PRINCIPAL NEGADA REVISTA SUBORDINADA,1,0,0.31,Negar provimento,0,rule
Decisão,CONCEDIDA PARCIALEMENTE A REVISTA.,1,0,0.39,Conceder provimento parcialmente,0,rule
Decisão,CONCEDIDA PARCIALEMNTE,1,0,0.56,Conceder provimento parcialmente,0,rule
Decisão,CONCEDIDA PARCIALEMNTE A REVISTA,1,0,0.38,Conceder provimento parcialmente,0,rule
Decisão,CONCEDIDA PARCIALMENETE A REVISTA,1,0,0.39,Conceder provimento parcialmente,0,rule
Decisão,CONCEDIDA PARCIALMENMTE A REVISTA.,1,0,0.39,Conceder provimento parcialmente,0,rule
Decisão,CONCEDIDA PARCIALMENT A REVISTA,1,0,0.42,Conceder provimento parcialmente,0,rule
Decisão,CONCEDIDA PARCIALMENTE  A REVISTA,1,0,0.41,Conceder provimento parcialmente,0,rule
Decisão,CONCEDIDA PARCIALMENTE A NO DEMAIS DETERMINADO O PROSSEGUIMENTO DOS AUTOS,1,0,0.32,Prosseguir os autos,0,rule
Decisão,CONCEDIDA PARCIALMENTE A RECLAMAÇÃO,1,0,0.49,Conceder provimento parcialmente,0,rule
Decisão,CONCEDIDA PARCIALMENTE A RETRIBUIÇÃO,1,0,0.42,Conceder provimento parcialmente,0,rule
Decisão,CONCEDIDA PARCIALMENTE A REVISTA .,1,0,0.41,Conceder provimento parcialmente,0,rule
Decisão,CONCEDIDA PARCIALMENTE A REVISTA COM REMESSA DOS AUTOS AO TRIBUNAL DA RELAÇÃO.,1,0,0.27,Remeter os autos,0,rule
Decisão,CONCEDIDA PARCIALMENTE A REVISTA COM VOTO DE VENCIDO,1,0,0.38,Conceder provimento parcialmente,0,rule
Decisão,CONCEDIDA PARCIALMENTE A REVISTA DA A. CONCEDIDA PARCIALMENTE A REVISTA DOS RR.,1,0,0.35,Conceder provimento parcialmente,1,rule:multi-part
Decisão,CONCEDIDA PARCIALMENTE A REVISTA DA A. E CONCEDIDA A REVISTA SUBORDINADA DA RÉ,1,0,0.27,Conceder provimento parcialmente,1,rule:multi-part
Decisão,CONCEDIDA PARCIALMENTE A REVISTA DA AUTORA,1,0,0.43,Conceder provimento parcialmente,0,rule
Decisão,CONCEDIDA PARCIALMENTE A REVISTA DA AUTORA E NEGADA A DA RÉ,1,0,0.34,Negar provimento,0,rule
Decisão,CONCEDIDA PARCIALMENTE A REVISTA DA DD E NEGADAS AS DEMAIS,1,0,0.34,Negar provimento,0,rule
Decisão,CONCEDIDA PARCIALMENTE A REVISTA DA REQUERENTE E NEGADA A REVISTA DO REQUERIDO,1,0,0.27,Negar provimento,0,rule
Decisão,CONCEDIDA PARCIALMENTE A REVISTA DAS AA. E NEGADA A REVISTA DO R.,1,0,0.31,Conceder provimento parcialmente,1,rule:multi-part
Decisão,CONCEDIDA PARCIALMENTE A REVISTA DO AUTOR E NEGADA A DO RÉU.,1,0,0.34,Negar provimento,0,rule
Decisão,"CONCEDIDA PARCIALMENTE A REVISTA DO AUTOR, NEGADA A REVISTA DA RÉ",1,0,0.31,Negar provimento,0,rule
Decisão,CONCEDIDA PARCIALMENTE A REVISTA DO AUTOR.,1,0,0.44,Conceder provimento parcialmente,0,rule
Decisão,CONCEDIDA PARCIALMENTE A REVISTA DO EMPREGADOR CTT.,1,0,0.40,Conceder provimento parcialmente,0,rule
Decisão,CONCEDIDA PARCIALMENTE A REVISTA DO RECORRENTE GG,1,0,0.43,Conceder provimento parcialmente,0,rule
Decisão,CONCEDIDA PARCIALMENTE A REVISTA DOS AA E NEGADA A REVISTA DA R,1,0,0.32,Negar provimento,0,rule
Decisão,CONCEDIDA PARCIALMENTE A REVISTA DOS AUTORES E NEGADA A REVISTA DOS REUS,1,0,0.29,Negar provimento,0,rule
Decisão,CONCEDIDA PARCIALMENTE A REVISTA DOS AUTORES NEGADA A REVISTA DA RÉ,1,0,0.31,Negar provimento,0,rule
Decisão,CONCEDIDA PARCIALMENTE A REVISTA DOS AUTORES. NEGADA A REVISTA DA RÉ,1,0,0.31,Conceder provimento parcialmente,1,rule:multi-part
Decisão,CONCEDIDA PARCIALMENTE A REVISTA E ANULADO ACÓRDÃO RECORRIDO,1,0,0.32,Anular,0,rule
Decisão,CONCEDIDA PARCIALMENTE A REVISTA E ANULADO O ACÓRDÃO DA RELAÇÃO PARA CONHECIMENTO DA QUESTÃO PRÉVIA.,1,0,0.24,Sem informação,0,rule
Decisão,CONCEDIDA PARCIALMENTE A REVISTA E ANULADO O ACÓRDÃO RECORRIDO,1,0,0.31,Anular,0,rule
Decisão,CONCEDIDA PARCIALMENTE A REVISTA E ANULADO O JULGAMENTO DA MATÉRIA DE FACTO FEITO PELO TRIBUNAL DA RELAÇÃO,1,0,0.23,Anular,0,rule
Decisão,CONCEDIDA PARCIALMENTE A REVISTA E BAIXA DOS AUTOS,1,0,0.44,Ordenar baixa dos autos,0,rule
Decisão,CONCEDIDA PARCIALMENTE A REVISTA E BAIXA DOS AUTOS QUANTO AO MAIS,1,0,0.34,Ordenar baixa dos autos,0,rule
Decisão,CONCEDIDA PARCIALMENTE A REVISTA E BAIXA DOS AUTOS À RELAÇÃO,1,0,0.37,Ordenar baixa dos autos,0,rule
Decisão,CONCEDIDA PARCIALMENTE A REVISTA E BAIXA À 1ª INSTÂNCIA,1,0,0.35,Ordenar baixa dos autos,0,rule
Decisão,CONCEDIDA PARCIALMENTE A REVISTA E DEVOLUÇÃO DOS AUTOS À RELAÇÃO,1,0,0.31,Conceder provimento parcialmente,0,rule
Decisão,CONCEDIDA PARCIALMENTE A REVISTA INTERPOSTA PELA RÉ,1,0,0.39,Conceder provimento parcialmente,0,rule
Decisão,CONCEDIDA PARCIALMENTE A REVISTA INTERPOSTA PELO AUTOR.,1,0,0.37,Conceder provimento parcialmente,0,rule
Decisão,CONCEDIDA PARCIALMENTE A REVISTA PRINCIPAL E IMPROCEDENTE O RECURSO SUBORDINADO,1,0,0.32,Negar provimento,0,rule
Decisão,CONCEDIDA PARCIALMENTE A REVISTA PRINCIPAL E NEGADA A REVISTA SUBORDINADA,1,0,0.32,Negar provimento,0,rule
Decisão,CONCEDIDA PARCIALMENTE A REVISTA PRINCIPAL. NEGADO PROVIMENTO À REVISTA SUBORDINADA,1,0,0.30,Conceder provimento parcialmente,1,rule:multi-part
Decisão,CONCEDIDA PARCIALMENTE A REVISTA À RÉ E CONCEDIDA REVISTA AOS AUTORES,1,0,0.32,Conceder provimento parcialmente,0,rule
Decisão,"CONCEDIDA PARCIALMENTE A REVISTA, ANULADO O ACÓRDÃO RECORRIDO.",1,0,0.31,Anular,0,rule
Decisão,"CONCEDIDA PARCIALMENTE A REVISTA, ANULADO O ACÓRDÃO.",1,0,0.35,Anular,0,rule
Decisão,"CONCEDIDA PARCIALMENTE A REVISTA, DETERMINANDO-SE A BAIXA DO PROCESSO",1,0,0.29,Ordenar baixa dos autos,0,rule
Decisão,"CONCEDIDA PARCIALMENTE A REVISTA, EXCLUINDO O RENDIMENTO CORRESPONDENTE A 1,5 SMN",1,0,0.28,Conceder provimento parcialmente,0,rule
Decisão,"CONCEDIDA PARCIALMENTE A REVISTA, NEGADA REVISTA DOS RÉUS",1,0,0.35,Negar provimento,0,rule
Decisão,"CONCEDIDA PARCIALMENTE A REVISTA, ORDENADO-SE, TAMBÉM, A BAIXA DOS AUTOS NO TRIBUNAL DA RELAÇÃO",1,0,0.23,Ordenar baixa dos autos,0,rule
Decisão,"CONCEDIDA PARCIALMENTE A REVISTA, REMETENDO-SE PARA A RELAÇÃO .",1,0,0.34,Conceder provimento parcialmente,0,rule
Decisão,CONCEDIDA PARCIALMENTE A REVISTA. ALTERADA A DECISÃO.,1,0,0.38,Conceder provimento parcialmente,1,rule:multi-part
Decisão,CONCEDIDA PARCIALMENTE A REVISTA. DESERÇÃO.,1,0,0.43,Conceder provimento parcialmente,1,rule:multi-part
Decisão,CONCEDIDA PARCIALMENTE A REVISTA. MANDADA AMPLIAR A MATERIA DE FACTO,1,0,0.31,Conceder provimento parcialmente,1,rule:multi-part
Decisão,CONCEDIDA PARCIALMENTE A REVISTA. MANDADA AMPLIAR A MATÉRIA DE FACTO,1,0,0.31,Conceder provimento parcialmente,1,rule:multi-part
Decisão,CONCEDIDA PARCIALMENTE A REVISTA. MANDADA AMPLIAR A MATÉRIA DE FACTO.,1,0,0.31,Conceder provimento parcialmente,1,rule:multi-part
Decisão,CONCEDIDA PARCIALMENTE A REVISTA..,1,0,0.41,Conceder provimento parcialmente,0,rule
Decisão,CONCEDIDA PARCIALMENTE A REVISTA; BAIXA DOS AUTOS À 1ª INSTÂNCIA,1,0,0.34,Ordenar baixa dos autos,0,rule
Decisão,CONCEDIDA PARCIALMENTE A REVISTAS,1,0,0.39,Conceder provimento parcialmente,0,rule
Decisão,CONCEDIDA PARCIALMENTE E BAIXA DO PROCESSO À RELAÇÃO,1,0,0.37,Ordenar baixa dos autos,0,rule
Decisão,CONCEDIDA PARCIALMENTE E REVISTA,1,0,0.41,Conceder provimento parcialmente,0,rule
Decisão,CONCEDIDA PARCIALMENTE E REVOGANDO-SE O ACÓRDÃO RECORRIDO,1,0,0.32,Conceder provimento parcialmente,0,rule
Decisão,CONCEDIDA PARCIALMENTE O PEDIDO DE DISPENSA DO REMANESCENTE,1,0,0.39,Conceder provimento parcialmente,0,rule
Decisão,CONCEDIDA PARCIALMENTE REVISTA AOS AA. E NEGADA REVISTA AOS RR.,1,0,0.31,Conceder provimento parcialmente,1,rule:multi-part
Decisão,CONCEDIDA PARCIALMENTE REVISTA DA 2ª RÉ. NÃO TOMA CONHECIMENTO DA REVISTA DA 1ª RÉ,1,0,0.28,Conceder provimento parcialmente,1,rule:multi-part
Decisão,CONCEDIDA PARCIALMENTE REVISTA DA RÉ E NEGADA A DA AUTORA,1,0,0.32,Negar provimento,0,rule
Decisão,CONCEDIDA PARCIALMENTE REVISTA R.,1,0,0.41,Conceder provimento parcialmente,0,rule
Decisão,CONCEDIDA PARCIALMENTE TODAS AS REVISTAS,1,0,0.43,Conceder provimento parcialmente,0,rule
Decisão,CONCEDIDA PARCIALMENTE TODOS AS REVISTAS,1,0,0.43,Conceder provimento parcialmente,0,rule
Decisão,CONCEDIDA PARCIALMENTE UMA DAS REVISTAS E PREJUDICADA A OUTRA,1,0,0.33,Conceder provimento parcialmente,0,rule
Decisão,"CONCEDIDA PARCIALMENTE À RÉ, NEGADA A REVISTA DO AUTOR.",1,0,0.35,Negar provimento,0,rule
Decisão,"CONCEDIDA PARCIALMENTE À RÉ, NEGADA REV. AA",1,0,0.40,Negar provimento,1,rule:multi-part
Decisão,"CONCEDIDA PARCIALMENTE, COM ANULAÇÃO DO ACÓRDÃO",1,0,0.36,Conceder provimento parcialmente,0,rule
Decisão,CONCEDIDA PARCIALMENTE. ANULADO O ACÓRDÃO RECORRIDO,1,0,0.35,Conceder provimento parcialmente,1,rule:multi-part
Decisão,CONCEDIDA PARCIALMENTE. BAIXA DOS AUTOS À RELAÇÃO,1,0,0.41,Conceder provimento parcialmente,1,rule:multi-part
Decisão,CONCEDIDA PARCIALMENTEA REVISTA.,1,0,0.42,Conceder provimento parcialmente,0,rule
Decisão,CONCEDIDA PARCIALMETE,1,0,0.59,Conceder provimento parcialmente,0,rule
Decisão,CONCEDIDA PARCIALMNETE,1,0,0.56,Conceder provimento parcialmente,0,rule
Decisão,CONCEDIDA PARCIALMNETE A REVISTA,1,0,0.38,Conceder provimento parcialmente,0,rule
Decisão,CONCEDIDA PARCIALMNETE A REVISTAE BAIXA DOS AUTOS À RELAÇÃO,1,0,0.36,Ordenar baixa dos autos,0,rule
Decisão,CONCEDIDA PARCILAMENTE A REVISTA,1,0,0.41,Conceder provimento,0,rule
Decisão,CONCEDIDA PARCILAMENTE A REVISTA E BAIXA DOS AUTOS,1,0,0.44,Ordenar baixa dos autos,0,rule
Decisão,CONCEDIDA PARCILAMENTE A REVISTA E BAIXA DOS AUTOS À RELAÇÃO,1,0,0.37,Ordenar baixa dos autos,0,rule
Decisão,CONCEDIDA PARCILAMENTE A REVISTA.,1,0,0.41,Conceder provimento,0,rule
Decisão,CONCEDIDA PARCILMENTE A REVISTA,1,0,0.44,Conceder provimento,0,rule
Decisão,CONCEDIDA PARCILMENTE A REVISTA.,1,0,0.44,Conceder provimento,0,rule
Decisão,CONCEDIDA PARICALMENTE A REVISTA,1,0,0.41,Conceder provimento,0,rule
Decisão,CONCEDIDA PARICLAMENTE.,1,0,0.59,Conceder provimento,0,rule
Decisão,CONCEDIDA PERCIALMENTE A REVISTA.,1,0,0.41,Conceder provimento,0,rule
Decisão,CONCEDIDA PRCIALMENTE,1,0,0.62,Conceder provimento,0,rule
Decisão,CONCEDIDA PROVIMENTO PARCIAL,1,0,0.75,Conceder provimento parcialmente,0,rule
Decisão,CONCEDIDA REVISTA / ORDENADA A BAIXA À RELAÇÃO.,1,0,0.33,Ordenar baixa dos autos,0,rule
Decisão,CONCEDIDA REVISTA AOS AUTORES,1,0,0.48,Conceder provimento,0,rule
Decisão,CONCEDIDA REVISTA COM REENVIO,1,0,0.45,Ordenar baixa dos autos,0,rule
Decisão,"CONCEDIDA REVISTA FF, AA, DD",1,0,0.38,Conceder provimento,0,rule
Decisão,CONCEDIDA REVISTA PARCIAL AOS RÉUS. NEGADA A REVISTA AOS AUTORES,1,0,0.31,Conceder provimento parcialmente,1,rule:multi-part
Decisão,CONCEDIDA REVISTA R.; CONCEDIDA PARCIALMENTE REVISTA A.,1,0,0.43,Conceder provimento parcialmente,1,rule:multi-part
Decisão,CONCEDIDA REVISTA RÉ.,1,0,0.45,Conceder provimento,0,rule
Decisão,CONCEDIDA REVISTA À AUTORA,1,0,0.42,Conceder provimento,0,rule
Decisão,CONCEDIDA REVISTA À RÉ NEGADA REVISTA À AUTORA,1,0,0.35,Negar provimento,0,rule
Decisão,"CONCEDIDA, EM PARTE, A REVISTA DA EXECUTADA/OPONENTE",1,0,0.38,Conceder provimento parcialmente,0,rule
Decisão,"CONCEDIDA, EM PARTE, A REVISTA DO EXEQUENTE.",1,0,0.40,Conceder provimento parcialmente,0,rule
Decisão,CONCEDIDA. ANULADO O ACÓRDÃO,1,0,0.32,Conceder provimento,1,rule:multi-part
Decisão,CONCEDIDA. REMESSA DOS AUTOS AO TRIBUNAL RECORRIDO,1,0,0.30,Conceder provimento,1,rule:multi-part
Decisão,CONCEDIDA. REMETIDO O PROCESSO AO TRIBUNAL RECORRIDO.,1,0,0.31,Conceder provimento,1,rule:multi-part
Decisão,CONCEDIDA; BAIXA DOS AUTOS,1,0,0.73,Ordenar baixa dos autos,0,rule
Decisão,CONCEDIDADA A REVISTA.,1,0,0.43,Conceder provimento,0,rule
Decisão,CONCEDIDAN A REVISTA DETERMINANDO A DEVOLUÇÃO DOS AUTOS À RELAÇÃO,1,0,0.28,Conceder provimento,0,rule
Decisão,CONCEDIDAS A REVISTAS,1,0,0.43,Conceder provimento,0,rule
Decisão,CONCEDIDAS AS REVISTAS PRINCIPAIS. NEGADA A REVISTA SUBORDINADA,1,0,0.27,Conceder provimento parcialmente,1,rule:multi-part
Decisão,CONCEDIDAS AS REVISTAS.,1,0,0.41,Conceder provimento,0,rule
Decisão,CONCEDIDAS EM PARTE AS REVISTAS,1,0,0.39,Conceder provimento parcialmente,0,rule
Decisão,CONCEDIDAS EM PARTE AS REVISTAS PRINCIPAL E SUBORDINADAS E REJEITADAS EM PARTE AS REVISTAS SUBORDINADAS,1,0,0.21,Rejeitar,0,rule
Decisão,CONCEDIDAS EM PARTES AMBAS AS REVISTAS,1,0,0.34,Conceder provimento parcialmente,0,rule
Decisão,CONCEDIDAS PARCIALMENTE AMBAS AS REVISTAS,1,0,0.41,Conceder provimento parcialmente,0,rule
Decisão,CONCEDIDAS PARCIALMENTE AS REVISTAS E ANULADO O ACÓRDÃO RECORRIDO,1,0,0.31,Anular,0,rule
Decisão,CONCEDIDAS PARCIALMENTE AS REVISTAS.,1,0,0.40,Conceder provimento parcialmente,0,rule
Decisão,CONCEDIDO A REVISTA,1,0,0.47,Conceder provimento,0,rule
Decisão,CONCEDIDO A REVISTA DETERMINANDO A REMESSA DO PROCESSO À RELAÇÃO,1,0,0.30,Remeter os autos,0,rule
Decisão,CONCEDIDO O AGRAVO,1,0,0.42,Conceder provimento,0,rule
Decisão,CONCEDIDO PARCIAL PROVIMENTO À REVISTA,1,0,0.47,Conceder provimento parcialmente,0,rule
Decisão,CONCEDIDO PARCIAL PROVIMENTO ÀS REVISTAS,1,0,0.47,Conceder provimento parcialmente,0,rule
Decisão,CONCEDIDO PARCIALMENTE O RECURSO,1,0,0.44,Conceder provimento parcialmente,0,rule
Decisão,CONCEDIDO PARCIALMENTE O RECURSO DE REVISTA,1,0,0.42,Conceder provimento parcialmente,0,rule
Decisão,CONCEDIDO PARCIALMENTE O RECURSO.,1,0,0.44,Conceder provimento parcialmente,0,rule
Decisão,CONCEDIDO PARCIALMENTE PROVIMENTO AO RECURSO INTERPOSTO PELO ARGUIDO CC (DO ACÓRDÃO DE 25/06/2014).,1,0,0.26,Conceder provimento parcialmente,0,rule
Decisão,"CONCEDIDO PROVIMENTO AO AGRAVO, FICANDO PREJUDICADO O CONHECIMENTO DA REVISTA",1,0,0.36,Conceder provimento,0,rule
Decisão,CONCEDIDO PROVIMENTO AO RECURSO DO AA; CONCEDIDO PARCIALMENTE O RECURSO DO BB.,1,0,0.39,Conceder provimento parcialmente,0,rule
Decisão,CONCEDIDO PROVIMENTO AO RECURSO DO ARGUIDO E ANULA-SE O DOUTO ACÓRDÃO RECORRIDO.,1,0,0.33,Conceder provimento,0,rule
Decisão,"CONCEDIDO PROVIMENTO AO RECURSO DOS AUTORES; CONCEDIDO PROVIMENTO PARCIAL AO RECURSO DA RÉ J..., LDA",1,0,0.29,Conceder provimento parcialmente,1,rule:multi-part
Decisão,CONCEDIDO PROVIMENTO AO RECURSO E REVOGADO O ACÓRDÃO RECORRIDO,1,0,0.35,Revogar,0,rule
Decisão,CONCEDIDO PROVIMENTO AOS RECURSOS.,1,0,0.55,Conceder provimento,0,rule
Decisão,CONCEDIDO PROVIMENTO COM REMESSA À RELAÇÃO,1,0,0.50,Remeter os autos,0,rule
Decisão,CONCEDIDO PROVIMENTO E ANULADO O ACÓRDÃO RECORRIDO,1,0,0.44,Anular,0,rule
Decisão,CONCEDIDO PROVIMENTO PARCIAL A AMBOS OS RECURSOS,1,0,0.56,Conceder provimento parcialmente,0,rule
Decisão,CONCEDIDO PROVIMENTO PARCIAL AO RECURSO DA DEMANDADA E NEGADO PROVIMENTO AO DAS DEMANDANTES,1,0,0.33,Negar provimento,0,rule
Decisão,CONCEDIDO PROVIMENTO PARCIAL AO RECURSO DA OCIDENTAL. NEGADO PROVIMENTO AO RECURSO DO INTERVENIENTE,1,0,0.30,Conceder provimento parcialmente,1,rule:multi-part
Decisão,CONCEDIDO PROVIMENTO PARCIAL AO RECURSO PRINCIPAL,1,0,0.55,Conceder provimento parcialmente,0,rule
Decisão,CONCEDIDO PROVIMENTO PARCIAL E ANULADO ACÓRDÃO DA RELAÇÃO,1,0,0.49,Anular,0,rule
Decisão,CONCEDIDO PROVIMENTO PARCIAL À REVISTA DAS RÉS. CONCEDIDA PROVIMENTO À REVISTA DAS AUTORAS,1,0,0.33,Conceder provimento parcialmente,1,rule:multi-part
Decisão,CONCEDIDO PROVIMENTO PARCIAL À REVISTA DO AUTOR E NEGADA PROVIMENTO AO RECURSO DO RÉU,1,0,0.35,Negar provimento,0,rule
Decisão,CONCEDIDO PROVIMENTO PARCIAL À REVISTA DO AUTOR. NEGADO PROVIMENTO À REVISTA DA RÉ,1,0,0.37,Conceder provimento parcialmente,1,rule:multi-part
Decisão,CONCEDIDO PROVIMENTO PARCIAL À REVISTA E ANULADO O ACÓRDÃO RECORRIDO,1,0,0.41,Anular,0,rule
Decisão,CONCEDIDO PROVIMENTO PARCIAL À REVISTA E ANULADO PARCIALMENTE O ACÓRDÃO,1,0,0.42,Anular,0,rule
Decisão,CONCEDIDO PROVIMENTO PARCIAL À REVISTA E REMETIDO O PROCESSO À RELAÇÃO,1,0,0.40,Remeter os autos,0,rule
Decisão,CONCEDIDO PROVIMENTO PARCIAL ÀS REVISTAS,1,0,0.68,Conceder provimento parcialmente,0,rule
Decisão,CONCEDIDO PROVIMENTO À IMPUGNAÇÃO,1,0,0.58,Conceder provimento,0,rule
Decisão,CONCEDIDO PROVIMENTO À REVISTA DA AUTORA E NEGADO PROVIMENTO À AMPLIAÇÃO SUBSIDIÁRIA DA REVISTA,1,0,0.27,Negar provimento,0,rule
Decisão,CONCEDIDO PROVIMENTO À REVISTA DA AUTORA. NÃO CONHECIMENTO DA AMPLIAÇÃO DO RECURSO. CONCEDIDO PROVIMENTO PARCIAL À REVISTA DA RÉ. DETERMINAÇÃO QUE O PROCESSO REGRESSE À RELAÇÃO PARA CONHECIMENTO  ??   . REVOGAÇÃO DO ACÓRDÃO RECORRIDO,1,0,0.14,Conceder provimento parcialmente,1,rule:multi-part
Decisão,"CONCEDIDO PROVIMENTO À REVISTA DE AXA VERSICHERUNG AG E NEGADO PROVIMENTO À REVISTA DE JOSÉ GONÇALVES DE SOUSA MARTINS & CA., LDA.",1,0,0.21,Negar provimento,1,rule:multi-part
Decisão,CONCEDIDO PROVIMENTO À REVISTA E ANULADO O ACORDÃO RECORRIDO. DETERMINADA A REMESSA À RELAÇÃO,1,0,0.28,Anular,1,rule:multi-part
Decisão,CONCEDIDO PROVIMENTO À REVISTA E ANULADO O ACÓRDÃO RECORRIDO,1,0,0.38,Anular,0,rule
Decisão,CONCEDIDO PROVIMENTO À REVISTA E DETERMINADO O ENVIO À RELAÇÃO,1,0,0.40,Conceder provimento,0,rule
Decisão,"CONCEDIDO PROVIMENTO, EM PARTE, AOS RECURSOS DOS ARGUIDOS BB E CC",1,0,0.37,Conceder provimento parcialmente,0,rule
Decisão,CONCEDIDO QUANTO A CUSTAS E INDEFERIDA A RECLAMAÇÃO,1,0,0.27,Indeferir,0,rule
Decisão,"CONCEDIDO, EM PARTE, PROVIMENTO À REVISTA",1,0,0.46,Conceder provimento parcialmente,0,rule
Decisão,CONCEDIDOPROVIMENTO,1,0,0.84,Conceder provimento,0,rule
Decisão,CONCEEDIDA PARCIALMENTE,1,0,0.63,Conceder provimento parcialmente,1,fallback:unparsed
Decisão,CONCEIDA A REVISTA E REPRISTINA A DECISÃO DA 1ª INSTÂNCIA,1,0,0.35,Conceder provimento,1,fallback:unparsed
Decisão,CONCEIDDA EM PARTE,1,0,0.41,Conceder provimento parcialmente,1,fallback:unparsed
Decisão,CONCESSÃO PARCIAL DO PROVIMENTO,1,0,0.55,Conceder provimento parcialmente,0,rule
Decisão,CONDEDIDA,1,0,0.33,Conceder provimento,0,rule
Decisão,CONDEDIDA REVISTA R. IMPROCEDENTE PRETENSÃO DOS AA.,1,0,0.34,Conceder provimento parcialmente,1,rule:multi-part
Decisão,CONDENADO O RECORRENTE COMO LITIGANTE DE MÁ FÉ.,1,0,0.30,Sem informação,1,fallback:unparsed
Decisão,CONDENAR A RECORRENTE NAS CUSTAS DA REVISTA.,1,0,0.37,Sem informação,1,fallback:unparsed
Decisão,CONDENAÇÃO,1,0,0.40,Sem informação,1,fallback:unparsed
Decisão,CONDENAÇÃO.,1,0,0.40,Sem informação,1,fallback:unparsed
Decisão,CONF. DESPACHO DO RELATOR,1,0,0.36,Sem informação,1,fallback:unparsed
Decisão,CONFIRMADA A DECISÃO RECLAMADA,1,0,0.30,Confirmar,0,rule
Decisão,CONFIRMADA A DECISÃO SINGULAR,1,0,0.31,Confirmar,0,rule
Decisão,CONFIRMADA A DECISÃO. FIXADA JURISPRUDÊNCIA.,1,0,0.44,Confirmar,1,rule:multi-part
Decisão,CONFIRMADA A DECISÃO. NEGADO PROVIMENTO.,1,0,0.41,Confirmar,1,rule:multi-part
Decisão,CONFIRMADA A DECISÃO. ORDENADA A BAIXA DO PROCESSO.,1,0,0.32,Confirmar,1,rule:multi-part
Decisão,CONFIRMADA A DECISÃO. TIRADO ASSENTO.,1,0,0.33,Confirmar,1,rule:multi-part
Decisão,CONFIRMADA A RECLAMAÇÃO,1,0,0.39,Confirmar,0,rule
Decisão,CONFIRMADA A REVISTA.,1,0,0.45,Confirmar,0,rule
Decisão,CONFIRMADA DECISÃO.,1,0,0.44,Confirmar,0,rule
Decisão,CONFIRMADO DESPACHO DA RELATORA,1,0,0.29,Confirmar,0,rule
Decisão,CONFIRMADO DESPACHO DO RELATOR,1,0,0.30,Confirmar,0,rule
Decisão,CONFIRMADO O ACORDÃO RECORRIDO,1,0,0.30,Confirmar,0,rule
Decisão,CONFIRMADO O DESPACHO DA RELATORA,1,0,0.30,Confirmar,0,rule
Decisão,CONFIRMADO O DESPACHO DO RELATOR,1,0,0.31,Confirmar,0,rule
Decisão,CONFIRMADO O DESPACHO DO RELATOR.,1,0,0.31,Confirmar,0,rule
Decisão,CONFIRMADO O DESPACHO RECLAMADO DA REVISTA DA RÉ. NEGADA A REVISTA DO AUTOR,1,0,0.24,Confirmar,1,rule:multi-part
Decisão,CONFIRMADO O DESPACHO RECLAMADO.,1,0,0.29,Confirmar,0,rule
Decisão,CONFIRMAR A DECISÃO DA RELAÇÃO,1,0,0.33,Sem informação,1,fallback:unparsed
Decisão,CONFIRMAR A DECISÃO RECLAMADA,1,0,0.31,Sem informação,1,fallback:unparsed
Decisão,CONFIRMAR A REVISTA.,1,0,0.47,Sem informação,1,fallback:unparsed
Decisão,CONFIRMAR O ACÓRDÃO RECORRIDO.,1,0,0.31,Sem informação,1,fallback:unparsed
Decisão,"CONFIRMAR, NA ÍNTEGRA, O ACÓRDÃO RECORRIDO;",1,0,0.29,Sem informação,1,fallback:unparsed
Decisão,CONHECIMENTO DO RECURSO,1,0,0.34,Sem informação,1,fallback:unparsed
Decisão,CONSIDERADO COMPETENTE O STJ PARA CONHECER O RECURSO INTERPOSTO DO ACÓRDÃO PROFERIDO EM PRIMEIRA INSTÂNCIA,1,0,0.21,Sem informação,1,fallback:unparsed
Decisão,CONSIDERADO COMPETENTE O TEP DE ÉVORA,1,0,0.32,Sem informação,1,fallback:unparsed
Decisão,CONSIDERADO COMPETENTE O TR COIMBRA,1,0,0.40,Sem informação,1,fallback:unparsed
Decisão,Conceder em parte a revista,1,0,0.48,Conceder provimento parcialmente,0,rule
Decisão,Concedida Parcialmente a Revista,1,0,0.41,Conceder provimento parcialmente,0,rule
Decisão,Concedida a Revista da A (em parte) e negada a Revista da R e devolução dos autos quanto à perda de rendimento,1,0,0.22,Negar provimento,0,rule
Decisão,Concedida a Revista e anulado o Acórdão recorrido,1,0,0.35,Anular,0,rule
Decisão,Concedida a Revista e devolução à Relação,1,0,0.34,Conceder provimento,0,rule
Decisão,Concedida a Revista e repristinada a sentença da 1ª Instância,1,0,0.34,Conceder provimento,0,rule
Decisão,Concedida a Revista e revogado parcialmente o Acórdão,1,0,0.47,Revogar,0,rule
Decisão,"Concedida a Revista, anulando o Acórdão por omissão de pronúncia",1,0,0.30,Conceder provimento,0,rule
Decisão,"Concedida a Revista, determinando-se o prosseguimento dos autos",1,0,0.30,Prosseguir os autos,0,rule
Decisão,"Concedida a Revista, recusando-se a aplicação da norma extraída do artigo 1842º, n.º1, alínea c), do CC, por inconstitucionalidade e, por consequência, declarando-se improcedente a exceção de caducidade da acção de impugnação de presunção de paternidade e determinando-se o prosseguimento dos autos",1,0,0.10,Conceder provimento,1,rule:multi-part
Decisão,"Concedida a Revista, repristinando-se a decisão da 1ª intância",1,0,0.31,Conceder provimento,0,rule
Decisão,Concedida a revista e anulado o acórdão recorrido,1,0,0.35,Conceder provimento,0,rule
Decisão,Concedida a revista e devolvidos autos à Relação paea apreciação,1,0,0.28,Conceder provimento,0,rule
Decisão,Concedida a revista em parte,1,0,0.43,Conceder provimento parcialmente,0,rule
Decisão,Concedida a revista em parte e anulado o acórdão na restante,1,0,0.37,Conceder provimento parcialmente,0,rule
Decisão,Concedida a revista principal e negada a revista subordinada,1,0,0.30,Conceder provimento parcialmente,0,rule
Decisão,"Concedida a revista, determinando o conhecimento da apelação",1,0,0.32,Conceder provimento,0,rule
Decisão,"Concedida a revista, revogado o acórdão recorrido e repristinada a sentença",1,0,0.29,Revogar,0,rule
Decisão,Concedida parcialmente a revista da autora e negada a da ré,1,0,0.34,Negar provimento,0,rule
Decisão,Concedido provimento parcial e não conhecimento parcial da revista,1,0,0.45,Não conhecer,0,rule
Decisão,"Concedido provimento parcial à revista, anulado parcialmente o acórdão recorrido e determinado o envio ao Tribunal da Relação",1,0,0.24,Anular,0,rule
Decisão,"Concedido provimento parcial à revista, repristinada a Sentença e determinado o envio ao Tribunal da Relação para conhecer do recurso subordinado",1,0,0.21,Conceder provimento parcialmente,0,rule
Decisão,Concedido provimento à revista e julgada extinta a execução,1,0,0.44,Julgar extinta a instância,0,rule
Decisão,Confirmado o despacho do relator,1,0,0.31,Confirmar,0,rule
Decisão,DA RELAÇÃO PARA SUPRIR A NULIDADE,1,0,0.27,Sem informação,1,fallback:unparsed
Decisão,DADO PROVIMENTO AO RECURSO,1,0,0.44,Conceder provimento,0,rule
Decisão,DADO PROVIMENTO AO RECURSO.,1,0,0.44,Conceder provimento,0,rule
Decisão,DAR PROVIMENTO À REVISTA.,1,0,0.50,Conceder provimento,0,rule
Decisão,DECEDIDO NÃO TOMAR CONHECIMENTO.,1,0,0.35,Não conhecer,0,rule
Decisão,DECICIDO NÃO TOMAR CONHECIMENTO.,1,0,0.35,Não conhecer,0,rule
Decisão,"DECIDE-SE JULGAR FINDO O RECURSO DE REVISTA INTERPOSTO PELOS RECORRENTES, POR NÃO HAVER QUE CONHECER DO SEU OBJECTO.",1,0,0.17,Sem informação,1,fallback:unparsed
Decisão,DECIDIDIDO NÃO TOMAR CONHECIMENTO.,1,0,0.33,Não conhecer,0,rule
Decisão,DECIDIDO CONHECER DO RECURSO,1,0,0.36,Sem informação,0,rule
Decisão,DECIDIDO FIXAR PRAZO.,1,0,0.30,Sem informação,1,fallback:unparsed
Decisão,DECIDIDO NAO TOMAR CONHECIMENTO,1,0,0.35,Não conhecer,0,rule
Decisão,DECIDIDO NÃO APRECIAR A PETIÇÃO DE HABEAS CORPUS,1,0,0.27,Sem informação,1,fallback:unparsed
Decisão,DECIDIDO NÃO CONHECER DO OBJECTO DO RECURSO,1,0,0.28,Não conhecer,0,rule
Decisão,DECIDIDO NÃO CONHECER DO PEDIDO,1,0,0.39,Não conhecer,0,rule
Decisão,DECIDIDO NÃO CONHECER DO RECURSO DO DEMANDANTE,1,0,0.30,Não conhecer,0,rule
Decisão,DECIDIDO NÃO CONHECER OBJECTO DE RECURSO.,1,0,0.30,Não conhecer,0,rule
Decisão,DECIDIDO NÃO SE CONHECER DO OBJECTO DO RECURSO,1,0,0.26,Não conhecer,0,rule
Decisão,DECIDIDO NÃO TOMAR COMHECIMENTO.,1,0,0.39,Sem informação,1,fallback:unparsed
Decisão,DECIDIDO NÃO TOMAR CONECIMENTO.,1,0,0.37,Sem informação,1,fallback:unparsed
Decisão,DECIDIDO NÃO TOMAR CONHECIMENTO O RECURSO,1,0,0.32,Não conhecer,0,rule
Decisão,DECIDIDO NÃO TOMAR CONHECIMENTO. ALTERADA A DECISÃO.,1,0,0.29,Não conhecer,1,rule:multi-part
Decisão,DECIDIDO NÃO TOMAR CONHECIMENTO. ALTERADA A QUALIFICAÇÃO JURIDICA.,1,0,0.23,Não conhecer,1,rule:multi-part
Decisão,DECIDIDO NÃO TOMAR CONHECIMENTO. ANULADO O JULGAMENTO.,1,0,0.34,Não conhecer,1,rule:multi-part
Decisão,DECIDIDO NÃO TOMAR CONHECIMENTO. ANULAÇÃO DA DECISÃO.,1,0,0.29,Não conhecer,1,rule:multi-part
Decisão,DECIDIDO NÃO TOMAR CONHECIMENTO. ATENDIDA A QUESTÃO PRÉVIA.,1,0,0.29,Não conhecer,1,rule:multi-part
Decisão,DECIDIDO NÃO TOMAR CONHECIMENTO. CONCEDIDA A REVISTA.,1,0,0.33,Não conhecer,1,rule:multi-part
Decisão,DECIDIDO NÃO TOMAR CONHECIMENTO. DESERÇÃO.,1,0,0.32,Não conhecer,1,rule:multi-part
Decisão,DECIDIDO NÃO TOMAR CONHECIMENTO. EXTINÇÃO DO PROCESSO.,1,0,0.26,Não conhecer,1,rule:multi-part
Decisão,DECIDIDO NÃO TOMAR CONHECIMENTO. REVOGADA A DECISÃO.,1,0,0.29,Não conhecer,1,rule:multi-part
Decisão,DECIDIDO NÃO TOMAR CONHECIMETO.,1,0,0.37,Sem informação,1,fallback:unparsed
Decisão,DECIDIDO NÃO TOMAR CONMHECIMENTO.,1,0,0.38,Sem informação,1,fallback:unparsed
Decisão,DECIDIDO NÃO TOMAR RECONHECIMENTO.,1,0,0.36,Sem informação,1,fallback:unparsed
Decisão,DECIDIDO TOMAR CONHECIMENTO DO RECURSO.,1,0,0.32,Sem informação,1,fallback:unparsed
Decisão,DECIDIO NÃO TOMAR CONHECIMENTO. CONCEDIDA PARCIALMENTE A REVISTA.,1,0,0.38,Conceder provimento parcialmente,1,rule:multi-part
Decisão,DECISÃO LIMINAR DO OBJECTO DO RECURSO (ARTº 705 DO CPC),1,0,0.25,Sem informação,1,fallback:unparsed
Decisão,DECISÃO MANTIDA (IMPROCEDENTE),1,0,0.37,Negar provimento,0,rule
Decisão,DECISÃO NEGADA A PROVIDÊNCIA DE HABEAS CORPUS.,1,0,0.31,Negar provimento,0,rule
Decisão,DECLARA COMPETENTE O TRIBUNAL DE VILA NOVA DE GAIA,1,0,0.34,Sem informação,1,fallback:unparsed
Decisão,DECLARA NULO O ACÓRDÃO RECORRIDO.,1,0,0.38,Sem informação,1,fallback:unparsed
Decisão,DECLARA-SE NÃO EXTINTO PELA CADUCIDADE,1,0,0.42,Sem informação,1,fallback:unparsed
Decisão,DECLARADA A COMPETENCIA.,1,0,0.83,Sem informação,1,fallback:unparsed
Decisão,DECLARADA A COMPETÊNCIA DA RELAÇÃO,1,0,0.56,Sem informação,1,fallback:unparsed
Decisão,DECLARADA A COMPETÊNCIA DA RELAÇÃO .,1,0,0.56,Sem informação,1,fallback:unparsed
Decisão,DECLARADA A COMPETÊNCIA DAS SECÇÕES CÍVEIS,1,0,0.45,Sem informação,1,fallback:unparsed
Decisão,DECLARADA A COMPETÊNCIA DO TRIBUNAL DA RELAÇÃO PARA APRECIAÇÃO DO RECURSO,1,0,0.26,Sem informação,1,fallback:unparsed
Decisão,DECLARADA A EXTINÇÃO DA INSTÂNCIA,1,0,0.64,Julgar extinta a instância,0,rule
Decisão,DECLARADA A INCOMPETÊNCIA DA SECÇÃO CRIMINAL,1,0,0.48,Declarar incompetência,0,rule
Decisão,DECLARADA A INCOMPETÊNCIA DO SUPREMO TRIBUNAL DE JUSTIÇA,1,0,0.38,Declarar incompetência,0,rule
Decisão,DECLARADA A INCOMPETÊNCIA DO SUPREMO TRIBUNAL DE JUSTIÇA PARA A REVISÃO,1,0,0.30,Declarar incompetência,0,rule
Decisão,DECLARADA A INCOMPETÊNCIA DO SUPREMO TRIBUNAL DE JUSTIÇA PARA CONHECER DA QUESTÃO DA DISPENSA DA TAXA DE JUSTIÇA.,1,0,0.20,Declarar incompetência,0,rule
Decisão,DECLARADA A INCOMPETÊNCIA DO TRIBUNAL JUDICIAL.,1,0,0.46,Declarar incompetência,0,rule
Decisão,DECLARADA A INCOMPETÊNCIA MATERIAL DA SECÇÃO CRIMINAL,1,0,0.40,Declarar incompetência,0,rule
Decisão,DECLARADA A INCOMPETÊNCIA MATERIAL DO SUPREMO TRIBUBAL DE JUSTIÇA.,1,0,0.32,Declarar incompetência,0,rule
Decisão,DECLARADA A INCOMPETÊNCIA MATERIAL DO SUPREMO TRIBUNAL DE JUSTIÇA.,1,0,0.32,Declarar incompetência,0,rule
Decisão,DECLARADA A NULIDADE DA DECISÃO RECORRIDA,1,0,0.34,Anular,0,rule
Decisão,DECLARADA A NULIDADE DE FUNDAMENTAÇÃO DO ACÓRDÃO RECORRIDO DEVENDO SER PROFERIDO NOVO ACÓRDÃO PELO TRIBUNAL DA RELAÇÃO,1,0,0.17,Anular,0,rule
Decisão,DECLARADA A NULIDADE DE JULGAMENTO,1,0,0.35,Anular,0,rule
Decisão,DECLARADA A NULIDADE DO ACÓDÃO DA RELAÇÃO,1,0,0.32,Anular,0,rule
Decisão,DECLARADA A NULIDADE DO ACÓRDÃO RECORRIDO,1,0,0.32,Anular,0,rule
Decisão,DECLARADA A NULIDADE DO ACÓRDÃO. PREJUDICADO O CONHECIMENTO DO OBJECTO DO RECURSO.,1,0,0.22,Anular,1,rule:multi-part
Decisão,DECLARADA A NULIDADE DO JULGAMENTO E DO ACÓRDÃO RECORRIDO,1,0,0.26,Anular,0,rule
Decisão,DECLARADA COMPET. A 2ª VARA CRIM. DO PORTO,1,0,0.38,Sem informação,1,fallback:unparsed
Decisão,DECLARADA EXTINTA A INSTÂNCIA RECURSIVA,1,0,0.56,Julgar extinta a instância,0,rule
Decisão,DECLARADA VÁLIDA A TRANSAÇÃO DISPENSADA A RÉ DO PAGAMENTO DE 75% DO REMANESCENTE DA TAXA DE JURO.,1,0,0.21,Sem informação,1,fallback:unparsed
Decisão,DECLARADO A NULIDADE DO JULGAMENTO DECISÃO E DETERMINADA A REPETIÇÃO DAQUELE,1,0,0.25,Anular,0,rule
Decisão,DECLARADO COMPETENTE O 4º JUÍZO CRIMINAL DE LISBOA,1,0,0.38,Declarar competência,0,rule
Decisão,DECLARADO COMPETENTE O JUIZ DE GONDOMAR,1,0,0.46,Declarar competência,0,rule
Decisão,DECLARADO COMPETENTE O TRIBUNAL DA RELAÇÃO DE LISBOA,1,0,0.37,Declarar competência,0,rule
Decisão,DECLARADO COMPETENTE O TRIBUNAL DE FAMÍLIA E MENORES DE SINTRA,1,0,0.29,Declarar competência,0,rule
Decisão,DECLARADO COMPETENTE O TRL,1,0,0.62,Declarar competência,0,rule
Decisão,DECLARADO COMPETENTE OS JUÍZOS DE EXECUÇÃO,1,0,0.43,Declarar competência,0,rule
Decisão,DECLARADO EXISTENTE A INSTÂNCIA POR INUTILIDADE SUPERVINIENTE O RECURSO,1,0,0.28,Julgar extinta a instância,0,rule
Decisão,DECLARADO EXTINTO O CONFLITO/ORDENADO O ARQUIVAMENTO DO PROCESSO,1,0,0.28,Sem informação,1,fallback:unparsed
Decisão,DECLARADO INEFICAZ O ACÓRDÃO RECORRIDO.,1,0,0.37,Sem informação,1,fallback:unparsed
Decisão,DECLARADO NULO O ACÓRDÃO RECORRIDO POR OMISSÃO DE PRONÚNCIA,1,0,0.29,Sem informação,0,rule
Decisão,"DECLARADO O INCIDENTE ABUSIVO NOS TERMOS DO ART.º 670.º, N.º 3 DO C.P.CIVIL E ORDENADA A EXTRACÇÃO DE TRANSITADO.",1,0,0.19,Sem informação,1,fallback:unparsed
Decisão,DECLARADO PRESCRITO O PROCEDIMENTO CRIMINAL,1,0,0.40,Julgar extinta a instância,0,rule
Decisão,DECLARAÇÃO DE COMPETENCIA. NEGADO PROVIMENTO.,1,0,0.43,Declarar competência,1,rule:multi-part
Decisão,DECLARAÇÃO DE COMPETENCIA. REVOGADA A DECISÃO.,1,0,0.42,Declarar competência,1,rule:multi-part
Decisão,DECLARAÇÃO DE COMPETÊNCIA. DECIDIDO NÃO TOMAR CONHECIMENTO.,1,0,0.33,Declarar competência,1,rule:multi-part
Decisão,DECLARAÇÃO DE COMPETÊNCIA. NEGADO PROVIMENTO.,1,0,0.43,Declarar competência,1,rule:multi-part
Decisão,DECLARAÇÃO DE COMPETÊNCIA. ORDENADA A BAIXA DO PROCESSO.,1,0,0.35,Declarar competência,1,rule:multi-part
Decisão,DECLARAÇÃO DE COMPÊTENCIA.,1,0,0.76,Declarar competência,0,rule
Decisão,DECLARAÇÃO DE INCOMPETÊNCIA DO SUPREMO TRIBUNAL DE JUSTIÇA PARA CONHECIMENTO DOS RECURSOS,1,0,0.26,Declarar incompetência,0,rule
Decisão,DECLARAÇÃO DE PROCESSO FINDO,1,0,0.39,Sem informação,1,fallback:unparsed
Decisão,DECLARÇÃO DE COMPETÊNCIA.,1,0,0.79,Sem informação,1,fallback:unparsed
Decisão,DECLARÇÃO DE INCOMPETÊNCIA,1,0,0.81,Declarar incompetência,0,rule
Decisão,DECLRADO PRESCRITO O PROCEDIMENTO CRIMINAL.,1,0,0.36,Julgar extinta a instância,0,rule
Decisão,DECRETADA A SUSPENSÃO PROVISÓRIA DA EFICÁCIA DA DELIBERAÇÃO DO CSM,1,0,0.24,Sem informação,1,fallback:unparsed
Decisão,DECRETADO O REENVIO DO PROCESSO PARA NOVO JULGAMENTO,1,0,0.31,Ordenar baixa dos autos,0,rule
Decisão,DECRETAMENTO,1,0,0.44,Sem informação,1,fallback:unparsed
Decisão,DEFERE-SE A RECLAMAÇÃO,1,0,0.36,Deferir,0,rule
Decisão,DEFERE-SE A RECLAMAÇÃO CONCEDE-SE A REVISTA,1,0,0.30,Deferir,0,rule
Decisão,DEFERIDA A ARGUIÇÃO ORDENADO A BAIXA DO PROCESSO,1,0,0.33,Deferir,0,rule
Decisão,DEFERIDA A DISPENSA DO REMANESCENTE DA TAXA DE JUSTIÇA NAS INSTÂNCIAS DE RECURSO,1,0,0.22,Deferir,0,rule
Decisão,DEFERIDA A PROVIDÊNCIA.,1,0,0.45,Deferir,0,rule
Decisão,DEFERIDA A RECLAMAÇÃO (ORDENADA A APRESENTAÇÃO DO PROCESSO AO RELATOR),1,0,0.24,Deferir,0,rule
Decisão,DEFERIDA A RECLAMAÇÃO ADMITINDO-SE A REVISTA EXCECIONAL.,1,0,0.29,Deferir,0,rule
Decisão,DEFERIDA A RECLAMAÇÃO E CONCEDIDA A REVISTA.,1,0,0.28,Deferir,0,rule
Decisão,DEFERIDA A RECLAMAÇÃO E INDEFERIDO O PEDIDO RECONVENCIONAL,1,0,0.29,Deferir,0,rule
Decisão,DEFERIDA A RECLAMAÇÃO E NEGADA A REVISTA,1,0,0.28,Deferir,0,rule
Decisão,DEFERIDA A RECLAMAÇÃO SENDO IMPROCEDENTE A REVISTA,1,0,0.32,Deferir,0,rule
Decisão,"DEFERIDA A RECLAMAÇÃO, ALTERANDO-SE O DESPACHO DO RELATOR, NÃO SE ADMITINDO O RECURSO",1,0,0.20,Deferir,0,rule
Decisão,"DEFERIDA A RECLAMAÇÃO, PROCEDENDO-SE AO ESCLARECIMENTO",1,0,0.30,Deferir,0,rule
Decisão,DEFERIDA A RECLAMAÇÃO. ANULADO O ACÓRDÃO,1,0,0.28,Deferir,1,rule:multi-part
Decisão,DEFERIDA A RECLAMAÇÃO; RETIFICA O ACÓRDÃO.,1,0,0.27,Deferir,0,rule
Decisão,DEFERIDA A REFORMA DO ACÓRDÃO QUANTO A CUSTAS (PARTE DO REMANESCENTE DA TAXA DE JUSTIÇA),1,0,0.20,Deferir,0,rule
Decisão,DEFERIDA E ESCUSA,1,0,0.35,Deferir,0,rule
Decisão,DEFERIDA EM PARTE A RECLAMAÇÃO,1,0,0.37,Deferir,0,rule
Decisão,DEFERIDA PARCIALMENTE .,1,0,0.53,Deferir,0,rule
Decisão,DEFERIDA PARCIALMENTE A PRETENSÃO DA RÉ,1,0,0.33,Deferir,0,rule
Decisão,DEFERIDA PARCIALMENTE A RECLAMAÇÃO DA RÉ,1,0,0.30,Deferir,0,rule
Decisão,DEFERIDA PARCIALMENTE A REFORMA,1,0,0.35,Deferir,0,rule
Decisão,DEFERIDA PARCIALMENTE RECLAMAÇÃO,1,0,0.38,Deferir,0,rule
Decisão,DEFERIDO A RECLAMAÇÃO; RECTIFICADO O ACÓRDÃO.,1,0,0.25,Deferir,0,rule
Decisão,DEFERIDO A REVISTA,1,0,0.39,Deferir,0,rule
Decisão,DEFERIDO APENAS O PEDIDO DE RETIFICAÇÃO,1,0,0.28,Deferir,0,rule
Decisão,DEFERIDO EM PARTE,1,0,0.41,Deferir,0,rule
Decisão,DEFERIDO O HABEAS CORPUS,1,0,0.29,Deferir,0,rule
Decisão,DEFERIDO O INCIDENTE DE HABILITAÇÃO REQUERIDO.,1,0,0.24,Deferir,0,rule
Decisão,DEFERIDO O PEDIDO,1,0,0.35,Deferir,0,rule
Decisão,DEFERIDO O PEDIDO DE ESCLARECIMENTO,1,0,0.31,Deferir,0,rule
Decisão,DEFERIDO O PEDIDO DE HABEAS CORPUS.,1,0,0.24,Deferir,0,rule
Decisão,"DEFERIDO O PEDIDO DE HABEAS DOS ARGUIDOS   , INDEFERIDO O PEDIDO DE DOS OUTROS",1,0,0.21,Deferir,0,rule
Decisão,DEFERIDO O PEDIDO DE INTIMAÇÃO,1,0,0.30,Deferir,0,rule
Decisão,DEFERIDO O PEDIDO DE RECUSA DE JUIZ,1,0,0.26,Deferir,0,rule
Decisão,DEFERIDO O PEDIDO DE REFORMA,1,0,0.25,Deferir,0,rule
Decisão,DEFERIDO O PEDIDO RELATIVAMENTE AO STJ E REENVIO À RELAÇÃO PARA CONHECER DO DEMAIS,1,0,0.21,Deferir,0,rule
Decisão,DEFERIDO O RECURSO,1,0,0.39,Deferir,0,rule
Decisão,DEFERIDO O REENVIO.,1,0,0.40,Deferir,0,rule
Decisão,DEFERIDO O REQUERIDO PELOS RÉUS E INDEFERIDO O REQUERIDO PELOS AUTORES.,1,0,0.24,Deferir,0,rule
Decisão,DEFERIDO O REQUERIMENTO DE REFORMA QUANTO A CUSTAS,1,0,0.26,Deferir,0,rule
Decisão,DEFERIDO PARCIALMENTE O PEDIDO DE REFORMA,1,0,0.29,Deferir,0,rule
Decisão,DEFERIDO.,1,0,0.75,Deferir,0,rule
Decisão,DEFERIMENTO,1,0,0.55,Deferir,0,rule
Decisão,DEFERIMENTO DA RECLAMAÇÃO E PARCIAL PROVIMENTO DOS RECURSOS.,1,0,0.31,Deferir,0,rule
Decisão,DEFERIMENTO E SOLTURA DO REQUERENTE,1,0,0.29,Deferir,0,rule
Decisão,DEFERIMENTO PARCIAL DA RECLAMAÇÃO,1,0,0.36,Deferir,0,rule
Decisão,DEFERIMENTO. INDEFERIMENTO.,1,0,0.38,Deferir,1,rule:multi-part
Decisão,DEFERIMENTO. ORDENADA A BAIXA DO PROCESSO.,1,0,0.39,Deferir,1,rule:multi-part
Decisão,DEFERIMENTO. ORDENADA DILIGENCIA.,1,0,0.34,Deferir,1,rule:multi-part
Decisão,DEFERIR A RECLAMAÇÃO DO RECORRIDO EM PARTE E INDEFERIR A RECLAMAÇÃO DA RECORRENTE,1,0,0.22,Deferir,0,rule
Decisão,DEFERIR A RECLAMAÇÃO QUANTO A CUSTOAS E INDEFERIR QUANTO ÀS NULIDADES,1,0,0.23,Deferir,0,rule
Decisão,DEFERIR A RETIFICAÇÃO,1,0,0.33,Deferir,0,rule
Decisão,DEIDIDO NÃO TOMAR CONHECIMENTO.,1,0,0.37,Não conhecer,0,rule
Decisão,DENEGADA A REVISÃO DA SENTENÇA,1,0,0.47,Negar provimento,0,rule
Decisão,DENEGADO O PEDIDO DE REVISÃO,1,0,0.32,Negar provimento,0,rule
Decisão,DENEGANDO A REVISÃO,1,0,0.37,Sem informação,1,fallback:unparsed
Decisão,DESATENDIDA  A RECLAMAÇÃO,1,0,0.38,Indeferir,0,rule
Decisão,DESATENDIDA A ARGUIÇÃO DE NULIDADE,1,0,0.32,Sem informação,1,fallback:unparsed
Decisão,DESATENDIDA A QUESTÃO PRÉVIA. DECLARAÇÃO DE COMPETÊNCIA.,1,0,0.35,Declarar competência,1,rule:multi-part
Decisão,DESATENDIDA A RECLAMAÇÃO DA RÉ E ATENDIDA PARCIALMENTE A DA AUTORA,1,0,0.30,Indeferir,0,rule
Decisão,DESATENDIDA A RECLAMAÇÃO. INDEFERIMENTO.,1,0,0.28,Indeferir,1,rule:multi-part
Decisão,DESATENDIDA A RECLMAÇÃO.,1,0,0.39,Sem informação,1,fallback:unparsed
Decisão,DESATENDIDA A RELAÇÃO,1,0,0.38,Sem informação,1,fallback:unparsed
Decisão,DESATENDIDA EM PARTE A RECLAMAÇÃO.,1,0,0.33,Sem informação,1,fallback:unparsed
Decisão,DESATENDIDA.,1,0,0.36,Sem informação,1,fallback:unparsed
Decisão,DESERÇÃO. CONFIRMADA A DECISÃO. NEGADA A REVISTA.,1,0,0.25,Julgar extinta a instância,1,rule:multi-part
Decisão,DESERÇÃO. NEGADO PROVIMENTO.,1,0,0.56,Julgar extinta a instância,1,rule:multi-part
Decisão,DESPACHO RECLAMADO - MANTIDO,1,0,0.29,Sem informação,1,fallback:unparsed
Decisão,DESPACHO RECLAMADO MANTIDO.,1,0,0.31,Indeferir,0,rule
Decisão,DESTRIBUIÇÃO COMO REVISTA NORNAL,1,0,0.34,Sem informação,1,fallback:unparsed
Decisão,DETERMINA A BAIXA DO PROCESSO À RELAÇÃO,1,0,0.38,Ordenar baixa dos autos,0,rule
Decisão,DETERMINA-SE A BAIXA DO PROCESSO À RELAÇÃO.,1,0,0.36,Ordenar baixa dos autos,0,rule
Decisão,DETERMINA-SE A BAIXA DOS AUTOS À 1ª INSTÂNCIA,1,0,0.42,Ordenar baixa dos autos,0,rule
Decisão,DETERMINA-SE A BAIXA DOS AUTOS ÀS INSTÂNCIAS,1,0,0.43,Ordenar baixa dos autos,0,rule
Decisão,DETERMINA-SE A BAIXA À RELAÇÃO,1,0,0.37,Ordenar baixa dos autos,0,rule
Decisão,DETERMINADA A AMPLIAÇÃO DA DECISÃO DE FACTO,1,0,0.30,Sem informação,1,fallback:unparsed
Decisão,DETERMINADA A BAIXA DOS AUTOS À 1ª INSTÂNCIA,1,0,0.43,Ordenar baixa dos autos,0,rule
Decisão,DETERMINADA A EMISSÃO DE TRASLADO NOS TERMOS DO N.º 2 DO ART.º 670º CPC,1,0,0.18,Sem informação,1,fallback:unparsed
Decisão,DETERMINADA A REMESSA AO TRIBUNAL DA RELAÇÃO DE COIMBRA,1,0,0.27,Remeter os autos,0,rule
Decisão,DETERMINADA A REMESSA AO TRIBUNAL DA RELAÇÃO PARA AMPLIAÇÃO DA MATÉRIA DE FACTO,1,0,0.20,Remeter os autos,0,rule
Decisão,DETERMINADA A REMESSA DO PROCESSO DO PROCESSO DO TRIBUNAL DA RELAÇÃO DE LISBOA,1,0,0.21,Remeter os autos,0,rule
Decisão,DETERMINADA A REMESSA DO PROCESSO À FORMAÇÃO PREVISTA NO Nº 3 DO ARTº 672º C.P. C.,1,0,0.19,Remeter os autos,1,rule:multi-part
Decisão,DETERMINADA A REMESSA DOS AUTOS À DISTRIBUIÇÃO COMO REVISTA NORMAL.,1,0,0.23,Sem informação,0,rule
Decisão,DETERMINADO A DEVOLUÇÃO DO PROCESSO NO TRIBUNAL DA RELAÇÃO,1,0,0.22,Sem informação,1,fallback:unparsed
Decisão,DETERMINADO AO TEB. LIB. COND. DO ARGUIDO,1,0,0.27,Sem informação,1,fallback:unparsed
Decisão,DETERMINADO O CUMPRIMENTOS DE DILIGÊNCIAS,1,0,0.34,Ordenar baixa dos autos,0,rule
Decisão,DETERMINADO O PROSSEGUIMENTO DO RECURSO.,1,0,0.31,Prosseguir os autos,0,rule
Decisão,DETERMINADO O PROSSEGUIMENTO DOS AUTOS,1,0,0.47,Prosseguir os autos,0,rule
Decisão,DETERMINADO O REENVIO DO PROCESSO.,1,0,0.24,Ordenar baixa dos autos,0,rule
Decisão,DETERMINADO O REENVIO DOS AUTOS AO TRIBUNAL DA RELAÇÃO DE GUIMARÃES,1,0,0.21,Ordenar baixa dos autos,0,rule
Decisão,DETERMINADO O RENVIO DO PROCESSO,1,0,0.25,Sem informação,1,fallback:unparsed
Decisão,DETERMINADO QUE O REQUERIMENTO DE INTERPOSIÇÃO DO RECURSO SIGA TERMOS COMO ARGUIÇÃO DE NULIDADE PERANTE A RELAÇÃO.,1,0,0.19,Sem informação,1,fallback:unparsed
Decisão,DETERMINAR A REMESSA DOS AUTOS À FORMAÇÃO DE JUÍZES A,1,0,0.30,Remeter os autos,0,rule
Decisão,DEVOLUÇAÕ AO TRIBUNAL DA RELAÇÃO PARA AMPLIAÇÃO DA MATÉRIA DE FACTO,1,0,0.24,Sem informação,1,fallback:unparsed
Decisão,DEVOLUÇÃO DOS AUTOS À PRIMEIRA INSTÂNCIA,1,0,0.43,Sem informação,1,fallback:unparsed
Decisão,DEVOLV. À 1ª INST. P/ SUBST. PENA PRISÃO,1,0,0.32,Sem informação,1,fallback:unparsed
Decisão,DEVOLVIDO À 1ª INSTÂNCIA PARA NOVAS DILIGÊNCIAS,1,0,0.30,Ordenar baixa dos autos,0,rule
Decisão,DICIDIDO NÃO TOMAR CONHECIMENTO DO RECURSO.,1,0,0.29,Não conhecer,0,rule
Decisão,DIFERIDO O INCIDENTE,1,0,0.34,Sem informação,1,fallback:unparsed
Decisão,DO CPCIVIL.,1,0,0.36,Sem informação,1,fallback:unparsed
Decisão,DO FUNDO GARANTIA AUTOMÓVEL,1,0,0.33,Sem informação,1,fallback:unparsed
Decisão,DOIS RECURSOS JULGADOS PARCIALMENTE PROCEDENTES E OS RESTANTES IMPROCEDENTEES,1,0,0.25,Negar provimento,0,rule
Decisão,DOMINGOS JOSÉ DE MORAIS,1,0,0.30,Sem informação,1,fallback:unparsed
Decisão,Declarada a incompetência do STJ,1,0,0.66,Declarar incompetência,0,rule
Decisão,Declarada a incompetência do Tribunal,1,0,0.57,Declarar incompetência,0,rule
Decisão,Declarada a incompetência natural do STJ,1,0,0.53,Declarar incompetência,0,rule
Decisão,Declaração de incompetência,1,0,0.78,Declarar incompetência,0,rule
Decisão,Deferida a Reclamação,1,0,0.38,Deferir,0,rule
Decisão,Deferida a Reclamação quanto à falta de assinatura e indeferida quanto aos demais,1,0,0.20,Deferir,0,rule
Decisão,Deferida a Reclamação quanto à nulidade e indeferido o pedido de dispensa do ramanescente,1,0,0.22,Deferir,0,rule
Decisão,Deferida a reforma,1,0,0.39,Deferir,0,rule
Decisão,Deferido o pedido de rectificação,1,0,0.27,Deferir,0,rule
Decisão,Deferido o pedido de recusa,1,0,0.30,Deferir,0,rule
Decisão,Deferido parcialmente o pedido de dispensa da taxa remanescente,1,0,0.29,Deferir,0,rule
Decisão,"Deferido, determinando a apresentação ao Juiz do TEP para efeitos da aplicação da pena assessória de expulsão",1,0,0.18,Deferir,0,rule
Decisão,Desatendida a Reclamação,1,0,0.38,Indeferir,0,rule
Decisão,Desatendida a reclamaçáo,1,0,0.38,Indeferir,0,rule
Decisão,Determinada a extracção de traslado (670º CPC),1,0,0.24,Sem informação,1,fallback:unparsed
Decisão,Devolução à Relação,1,0,0.37,Sem informação,1,fallback:unparsed
Decisão,E PROVIDO EM PARTE AO ARGUIDO AA,1,0,0.31,Conceder provimento parcialmente,0,rule
Decisão,"EM FACE DO EXPOSTO, ACORDA-SE O SEGUINTE:",1,0,0.25,Sem informação,1,fallback:unparsed
Decisão,"EM FACE DO EXPOSTO, CONCEDENDO A REVISTA, ACORDA-SE EM REVOGAR A DECISÃO RECORRIDA, REPRISTINANDO-SE A DECISÃO DA 1ª INSTÂNCIA (COM PRECISO CONTEÚDO MENCIONADO EM SUPRA N.º 2).",1,0,0.14,Sem informação,1,fallback:unparsed
Decisão,"EM REFIFICAR, AO ABRIGO DO DISPOSTO NO ARTIGO 614.º N.º 1 DO CÓDIGO DO PROCESSO CIVIL (RETIFICAÇÃO DE ERROS MATERIAIS), A CONDENAÇÃO EM CUSTAS.",1,0,0.15,Sem informação,1,fallback:unparsed
Decisão,ENTINÇÃO RECURSO MASSA FALIDA E PARCIAL,1,0,0.28,Sem informação,1,fallback:unparsed
Decisão,ENVIADO À FORMAÇÃO 672º CPC,1,0,0.33,Sem informação,1,fallback:unparsed
Decisão,ESCLARECIDA A ACLARAÇÃO,1,0,0.35,Sem informação,0,rule
Decisão,EXCEPCIONAL,1,0,0.27,Sem informação,1,fallback:unparsed
Decisão,EXCEPCIONAL.,1,0,0.27,Sem informação,1,fallback:unparsed
Decisão,EXTINTA A INSTÂNCIA POR DESISTÊNCIA,1,0,0.37,Julgar extinta a instância,0,rule
Decisão,EXTINTA A INSTÃNCIA POR INUTILIDADE SUPERVENIENTE DA LIDE,1,0,0.26,Julgar extinta a instância,0,rule
Decisão,EXTINTO O PROCEDIMENTO DISCIPLINAR,1,0,0.41,Sem informação,1,fallback:unparsed
Decisão,EXTINTO POR PRESCRIÇÃO O PROCEDIMENTO DISCIPLINAR,1,0,0.35,Sem informação,1,fallback:unparsed
Decisão,EXTINÇÃO DO PROCESSO. DECIDIDO NÃO TOMAR CONHECIMENTO.,1,0,0.32,Julgar extinta a instância,1,rule:multi-part
Decisão,EXTINÇÃO NO PROCESSO.,1,0,0.35,Julgar extinta a instância,0,rule
Decisão,FERREIRA DE SOUSA,1,0,0.36,Sem informação,1,fallback:unparsed
Decisão,FERREIRA LOPES,1,0,0.32,Sem informação,1,fallback:unparsed
Decisão,FINDO O RECURSO POR NAÕ EXISTIR OPOSIÇÃO.,1,0,0.25,Sem informação,0,rule
Decisão,FINDO O RECURSO POR NÂO EXISTIR OPOSIÇÂO.,1,0,0.25,Sem informação,0,rule
Decisão,FIXADA A JURISPRUDÊNCIA.,1,0,0.83,Fixar jurisprudência,0,rule
Decisão,FIXADA A SEGUINTE JURISPRUDÊNCIA.,1,0,0.59,Sem informação,1,fallback:unparsed
Decisão,FIXADA DE JURISPRUDENCIA,1,0,0.79,Fixar jurisprudência,0,rule
Decisão,FIXADA JURISPRUDÊNCIA E CONFIRMADO O ACÓRDÃO RECORRIDO,1,0,0.35,Fixar jurisprudência,0,rule
Decisão,FIXADA JURISPRUDÊNCIA UNIFORMIZADORA,1,0,0.53,Fixar jurisprudência,0,rule
Decisão,FIXADA JURISPRUDÊNCIA. ORDENADA A BAIXA DO PROCESSO.,1,0,0.37,Fixar jurisprudência,1,rule:multi-part
Decisão,FIXADAÇÃO DE JURISPRUDÊNCIA,1,0,0.70,Sem informação,1,fallback:unparsed
Decisão,FIXADO O EFEITO DO RECURSO.,1,0,0.27,Sem informação,1,fallback:unparsed
Decisão,FIXAÇÃO  DE JURISPRUDÊNCIA,1,0,0.76,Fixar jurisprudência,0,rule
Decisão,FIXAÇÃO DE JURISPRUDÊNCIADO,1,0,0.70,Fixar jurisprudência,0,rule
Decisão,FORMAÇÃO,1,0,0.57,Sem informação,1,fallback:unparsed
Decisão,FUNIFORMIZAÇÃO DE JURISPRUDÊNCIA,1,0,0.56,Fixar jurisprudência,0,rule
Decisão,Fixada a jurisprudência,1,0,0.83,Fixar jurisprudência,0,rule
Decisão,HABEAS CORPUS.,1,0,0.26,Sem informação,1,fallback:unparsed
Decisão,HELDER ROQUE,1,0,0.37,Sem informação,1,fallback:unparsed
Decisão,HENRIQUE ARAÚJO,1,0,0.30,Sem informação,1,fallback:unparsed
Decisão,HOMOLOGAÇÃO DE ACORDO,1,0,0.29,Sem informação,1,fallback:unparsed
Decisão,IMPEOCEDÊNCIA / NÃO DECRETAMENTO,1,0,0.34,Sem informação,1,fallback:unparsed
Decisão,IMPRECEDENTE,1,0,0.31,Sem informação,1,fallback:unparsed
Decisão,IMPROC. UM E PROV. PARA OUTROS.,1,0,0.37,Sem informação,1,fallback:unparsed
Decisão,IMPROCEDE QUESTÃO VIOLAÇÃO PODERES DA RELAÇÃO. REMESSA À FORMAÇÃO.,1,0,0.23,Negar provimento,1,rule:multi-part
Decisão,IMPROCEDENCIA/NÃO DECRETAMENTO.,1,0,0.37,Negar provimento,0,rule
Decisão,IMPROCEDENCÊNCIA / DECRETAMETO,1,0,0.30,Negar provimento,0,rule
Decisão,IMPROCEDENTE / NÃO DECRETAMENTO.,1,0,0.35,Negar provimento,0,rule
Decisão,IMPROCEDENTE A APELAÇÃO JUNTO DO SUPREMO TRIBUNAL DE JUSTIÇA.,1,0,0.27,Negar provimento,0,rule
Decisão,IMPROCEDENTE A RECLAMAÇÃO PARA A CONFERÊNCIA,1,0,0.36,Negar provimento,0,rule
Decisão,IMPROCEDENTE A RECLMAÇÃO,1,0,0.38,Negar provimento,0,rule
Decisão,IMPROCEDENTE A REVISTA DA RÉ E CONCEDIDA A REVISTA DA AUTORA,1,0,0.28,Negar provimento,0,rule
Decisão,IMPROCEDENTE A REVISTA E PROCEDENTE O AGRAVO,1,0,0.30,Negar provimento,0,rule
Decisão,IMPROCEDENTE O FUNDAMENTO DA REVISÃO,1,0,0.28,Negar provimento,0,rule
Decisão,IMPROCEDENTE O RECURSO DE AA E PROVIDO PARCIALMENTE O RECURSO DE BB,1,0,0.33,Negar provimento,0,rule
Decisão,IMPROCEDENTE O RECURSO DE REVISTA INTERPOSTO PELA EXEQUENTE; PARCIALMENTE PROCEDENTE O RECURSO INTERPOSTO PELA REQUERENTE DA CONSIGNAÇÃO EM DEPÓSITOS,1,0,0.17,Negar provimento,0,rule
Decisão,IMPROCEDENTE O RECURSO DOS AA;,1,0,0.31,Negar provimento,0,rule
Decisão,IMPROCEDENTE O RECURSO INTERPOSTO PELA ARGUIDA,1,0,0.30,Negar provimento,0,rule
Decisão,"IMPROCEDENTE O RECURSO INTERPOSTO PELO DEMANDADO BB, MANTENDO-SE A DECISÃO RECORRIDA.",1,0,0.21,Negar provimento,0,rule
Decisão,IMPROCEDENTE. NÃO DECRETAMENTO.,1,0,0.37,Negar provimento,1,rule:multi-part
Decisão,IMPROCEDENTES OS RECURSOS,1,0,0.48,Negar provimento,0,rule
Decisão,IMPROCEDEÊNCIA / NÃO DECRETAMENTO,1,0,0.33,Negar provimento,0,rule
Decisão,IMPROCEDÊNCIA / NÃO DECRATAMENTO.,1,0,0.34,Negar provimento,0,rule
Decisão,IMPROCEDÊNCIA / NÃO DECRETADO,1,0,0.31,Negar provimento,0,rule
Decisão,IMPROCEDÊNCIA / NÃO DECRETAMENTO .,1,0,0.34,Negar provimento,0,rule
Decisão,IMPROCEDÊNCIA ABSOLVIÇÃO DA INSTÂNCIA,1,0,0.41,Julgar extinta a instância,0,rule
Decisão,IMPROCEDÊNCIA DA ACÇÃO,1,0,0.36,Negar provimento,0,rule
Decisão,IMPROCEDÊNCIA DA ACÇÃO ANTECIPADA NO PROCEDIMENTO CAUTELAR,1,0,0.28,Negar provimento,0,rule
Decisão,IMPROCEDÊNCIA DA AÇÃO DE IMPUGNAÇÃO DE ATO ADMINISTRATIVO,1,0,0.28,Negar provimento,0,rule
Decisão,IMPROCEDÊNCIA. NÃO DECRETAMENTO.,1,0,0.35,Negar provimento,1,rule:multi-part
Decisão,IMPROCEDÊNCIA/ NÃO DECETAMENTO.,1,0,0.37,Negar provimento,0,rule
Decisão,IMPROCEDÊNCIA/ NÃO DECRETAMENTO .,1,0,0.35,Negar provimento,0,rule
Decisão,IMPROCEDÊNCIA/NÃO DECRETAMENTO - INDEFERIDO,1,0,0.28,Indeferir,0,rule
Decisão,IMPROCEDÊNCIA/NÃO DECRETAMENTO.,1,0,0.37,Negar provimento,0,rule
Decisão,INADMISSIBILIDADE DE RECURSO,1,0,0.25,Sem informação,1,fallback:unparsed
Decisão,INADMISSIBILIDADE DO RECURSO,1,0,0.29,Sem informação,1,fallback:unparsed
Decisão,INADMISSIBILIDADE DOS RECURSOS E ABSOLVIÇÃO DOS RECORRIDOS  QUANTO AO PEDIDO DE INDEMNIZAÇÃO CÍVEL.,1,0,0.18,Sem informação,1,fallback:unparsed
Decisão,INCOMPETÊNCIA  PARA CONHECER DO RECURSO INTERPOSTO / DETERMINADA A DEVOLUÇÃO DOS AUTOS,1,0,0.24,Declarar incompetência,0,rule
Decisão,INCOMPETÊNCIA .,1,0,0.59,Declarar incompetência,0,rule
Decisão,INCOMPETÊNCIA. ORDENADA A BAIXA DO PROCESSO.,1,0,0.37,Declarar incompetência,1,rule:multi-part
Decisão,INDEFEDIDA,1,0,0.70,Indeferir,1,fallback:unparsed
Decisão,INDEFEERIDA A RECLAMAÇÃO,1,0,0.38,Indeferir,1,fallback:unparsed
Decisão,INDEFERE-SE A RECLAMAÇÃO,1,0,0.33,Indeferir,0,rule
Decisão,"INDEFERE-SE A RECLAMAÇÃO, MANMTENDO-SE A DECISÃO DO",1,0,0.27,Indeferir,0,rule
Decisão,INDEFERE-SE A RECLAMAÇÃO.,1,0,0.33,Indeferir,0,rule
Decisão,"INDEFERE-SE, IGUALMENTE, O PEDIDO DE CONDENAÇÃO DA RECLAMANTE COMO LITIGANTE DE MÁ FÉ.",1,0,0.22,Indeferir,0,rule
Decisão,INDEFERIDA A  RECLAMAÇÃO,1,0,0.39,Deferir,0,rule
Decisão,INDEFERIDA A ADMISSIBILIDADE DA REVISTA,1,0,0.26,Indeferir,0,rule
Decisão,"INDEFERIDA A ARGUIDA NULIDADE DO ACÓRDÃO RECORRIDO. NO MAIS, CONCEDIDA A REVISTA.",1,0,0.20,Indeferir,1,rule:multi-part
Decisão,INDEFERIDA A ARGUIÇÃO DAS NULIDADES.,1,0,0.37,Indeferir,0,rule
Decisão,INDEFERIDA A ARGUIÇÃO DE NULIDADE E INDEFERIDO O PEDIDO DE REFORMA.,1,0,0.21,Indeferir,0,rule
Decisão,INDEFERIDA A ARGUIÇÃO DE NULIDADE E NEGADO O PEDIDO DE REFORMA.,1,0,0.23,Indeferir,0,rule
Decisão,INDEFERIDA A ARGUIÇÃO DE NULIDADE.,1,0,0.30,Indeferir,0,rule
Decisão,INDEFERIDA A ARGUIÇÃO DEFENDIDA A REFORMA QUANTO A CUSTAS,1,0,0.26,Indeferir,0,rule
Decisão,INDEFERIDA A ESCUSA REQUERIDA,1,0,0.31,Indeferir,0,rule
Decisão,"INDEFERIDA A NULIDADE, JULGAMENTO AMPLIADO.",1,0,0.26,Indeferir,0,rule
Decisão,INDEFERIDA A PROVIDÊCIA,1,0,0.43,Indeferir,0,rule
Decisão,INDEFERIDA A PROVIDÊNCIA DE HABEAS CORPUS REQUERIDA,1,0,0.31,Indeferir,0,rule
Decisão,INDEFERIDA A QUESTÃO PREVIA.,1,0,0.33,Sem informação,0,rule
Decisão,"INDEFERIDA A RECALAMAÇÃO, CONFIRMANDO O DESPACHO DO RELATOR",1,0,0.25,Indeferir,0,rule
Decisão,"INDEFERIDA A RECALAÇÃO, CONFIRMANDO-SE O DESPACHO DO RELATOR, REMETENDO-SE OS AUTOS À FORMAÇÃO DE JUÍZES A QUE ALUDE O Nº 3 DO ARTº 672º DO CÓDIGO DE PROCESSO CIVIL",1,0,0.15,Indeferir,0,rule
Decisão,INDEFERIDA A RECLAMAÇÃO (CONFIRMAÇÃO DO DESP. DO RELATOR),1,0,0.25,Indeferir,1,rule:multi-part
Decisão,INDEFERIDA A RECLAMAÇÃO AO PEDIDO DE REFORMA,1,0,0.27,Indeferir,0,rule
Decisão,INDEFERIDA A RECLAMAÇÃO CONDENANDO-SE A RECLAMANTE COMO LITIGANTE DE MÁ-FÉ,1,0,0.23,Indeferir,0,rule
Decisão,INDEFERIDA A RECLAMAÇÃO DA ARGUIÇÃO DE NULIDADE.,1,0,0.32,Indeferir,0,rule
Decisão,INDEFERIDA A RECLAMAÇÃO DA NULIDADE,1,0,0.29,Indeferir,0,rule
Decisão,INDEFERIDA A RECLAMAÇÃO DO DESPACHO DE 15/06/2021. DEFERIDA A RECLAMAÇÃO DO DESPACHO DE 09/02/2022 E ORDENADA A APENSAÇÃO DO PROC.º N.º 2/21.3YFLSB.,1,0,0.12,Indeferir,1,rule:multi-part
Decisão,INDEFERIDA A RECLAMAÇÃO DO DESPACHO DO RELATOR E REMESSA À,1,0,0.24,Indeferir,0,rule
Decisão,INDEFERIDA A RECLAMAÇÃO DOS AUTORES,1,0,0.46,Indeferir,0,rule
Decisão,INDEFERIDA A RECLAMAÇÃO E CONDENAÇÃO EM 6UC'S DE TAXA DE JUSTIÇA,1,0,0.25,Indeferir,0,rule
Decisão,INDEFERIDA A RECLAMAÇÃO E CONFIRMAÇÃO DO DESPACHO DO RELATOR.,1,0,0.23,Indeferir,0,rule
Decisão,INDEFERIDA A RECLAMAÇÃO E CORRIGIDO UM LAPSO CALAMI.,1,0,0.24,Indeferir,0,rule
Decisão,"INDEFERIDA A RECLAMAÇÃO E ENVIADO O PROCESSO À FORMAÇÃO DO Nº 3, ARTº 672º",1,0,0.22,Indeferir,0,rule
Decisão,INDEFERIDA A RECLAMAÇÃO E JULGADO IMPROCEDENTE O PEDIDO DE CONDENAÇÃO COMO LITIGANTE DE MÁ FÉ.,1,0,0.22,Indeferir,0,rule
Decisão,INDEFERIDA A RECLAMAÇÃO E MANTER O ACÓRDÃO ENTRETANTO PROFERIDO EM 2/12/2020,1,0,0.21,Indeferir,0,rule
Decisão,INDEFERIDA A RECLAMAÇÃO E O PEDIDO DE DESENTRANHAMENTO DE DOCUMENTO E RELAGADO PARA MOMENTO POSTERIOR O CONHECIMENTO DO COMPORTAMENTO PROCESSUAL DAS PARTES,1,0,0.17,Indeferir,0,rule
Decisão,INDEFERIDA A RECLAMAÇÃO E ORDENADA A REMESSA DOS AUTOS À FORMAÇÃO,1,0,0.28,Indeferir,0,rule
Decisão,INDEFERIDA A RECLAMAÇÃO E REMESSA DOS AUTOS À FORMAÇÃO,1,0,0.30,Indeferir,0,rule
Decisão,INDEFERIDA A RECLAMAÇÃO MANTENDO-SE O DESPACHO DO,1,0,0.27,Indeferir,0,rule
Decisão,INDEFERIDA A RECLAMAÇÃO QUANTO ÀS NULIDADES.,1,0,0.28,Indeferir,0,rule
Decisão,"INDEFERIDA A RECLAMAÇÃO, MANTENDO-SE A DECISDÃO DO RELATOR",1,0,0.28,Indeferir,0,rule
Decisão,"INDEFERIDA A RECLAMAÇÃO, MANTENDO-SE O DESPACHO",1,0,0.26,Indeferir,0,rule
Decisão,"INDEFERIDA A RECLAMAÇÃO, MANTENDO-SE O DESPACHO DA RELATORA",1,0,0.27,Indeferir,0,rule
Decisão,"INDEFERIDA A RECLAMAÇÃO, NEGADA A REVISTA",1,0,0.29,Indeferir,0,rule
Decisão,"INDEFERIDA A RECLAMAÇÃO, NÃO CONHECER EM PARTE E NEGAR A REVISTA NA PARTE RESTANTE",1,0,0.23,Indeferir,0,rule
Decisão,"INDEFERIDA A RECLAMAÇÃO, RECTIFICADOS DOIS LAPSOS DE ESCRITA.",1,0,0.27,Indeferir,0,rule
Decisão,"INDEFERIDA A RECLAMAÇÃO,CONFIRMANDO O DESPACHO DO RELATOR",1,0,0.26,Indeferir,0,rule
Decisão,INDEFERIDA A RECLAMAÇÃO. CONCEDIDA A REVISTA. NÃO CONHECER DO PEDIDO DE CONDENAÇÃO DO AUTOR COMO LETIGANTE DE MÁ FÉ.,1,0,0.19,Indeferir,1,rule:multi-part
Decisão,INDEFERIDA A RECLAMAÇÃO. CONFIRMAR O DESPACHO DA RELATORA.,1,0,0.26,Indeferir,1,rule:multi-part
Decisão,INDEFERIDA A RECLAMAÇÃO. CONFIRMAR O DESPACHO DO RELATOR,1,0,0.25,Indeferir,1,rule:multi-part
Decisão,INDEFERIDA A RECLAMAÇÃO. DEFERIDA PARCIALMENTE A REFORMA,1,0,0.36,Indeferir,1,rule:multi-part
Decisão,"INDEFERIDA A RECLAMAÇÃO. DEFERIR, PARCIALMENTE, A REFORMA DO ACÓRDÃO QUANTO A CUSTAS",1,0,0.24,Indeferir,1,rule:multi-part
Decisão,INDEFERIDA A RECLAMAÇÃO. NEGADA A REVISTA,1,0,0.29,Indeferir,1,rule:multi-part
Decisão,INDEFERIDA A RECLAMAÇÃO;,1,0,0.39,Indeferir,0,rule
Decisão,INDEFERIDA A RECLAMÇÃO.,1,0,0.41,Indeferir,0,rule
Decisão,INDEFERIDA A RECLAÇÃO.,1,0,0.43,Indeferir,0,rule
Decisão,INDEFERIDA A RECUSA POR MANIFESTAMENTE INFUNDADA,1,0,0.29,Indeferir,0,rule
Decisão,INDEFERIDA A REFORMA E A NULIDADE ARGUIDAS E RECTIFICADO UM LAPSO MATERIAL DO ACÓRDÃO.,1,0,0.20,Indeferir,0,rule
Decisão,INDEFERIDA A REFORMA.,1,0,0.45,Indeferir,0,rule
Decisão,INDEFERIDA A RETIFICAÇÃO,1,0,0.38,Indeferir,0,rule
Decisão,INDEFERIDA A REVISTA EXCECIONAL.,1,0,0.32,Indeferir,0,rule
Decisão,INDEFERIDA A SUSPENSÃO,1,0,0.36,Indeferir,0,rule
Decisão,INDEFERIDA O PEDIDO DE HABEAS CORPUS,1,0,0.28,Indeferir,0,rule
Decisão,INDEFERIDA O PEDIDO DE REFORMA,1,0,0.30,Indeferir,0,rule
Decisão,INDEFERIDA POR MANIFESTA IMPROCEDÊNCIA A PROVIDÊNCIA DE HABEAS CORPUS,1,0,0.26,Indeferir,0,rule
Decisão,"INDEFERIDA, CONFIRMANDO-SE O DESPACHO DO RELATOR",1,0,0.27,Indeferir,0,rule
Decisão,INDEFERIDAS AS ARGUIDAS NULIDADES DO ACÓRDÃO. NEGADA A REVISTA,1,0,0.23,Indeferir,1,rule:multi-part
Decisão,INDEFERIDAS AS INVOCADAS IRREGULARIDADES E ARGUIÇÃO DE NULIDADES,1,0,0.23,Indeferir,0,rule
Decisão,INDEFERIDAS AS NULIDADES ARGUIDAS / NEGADO PROVIMENTO AO RECURSO / JULGADAS IMPROCEDENTES AS INCONSTITUCIONALIDADES SUSCITADAS,1,0,0.19,Indeferir,0,rule
Decisão,INDEFERIDAS AS NULIDADES DO ACÓRDÃO. NEGADA A REVISTA,1,0,0.23,Indeferir,1,rule:multi-part
Decisão,INDEFERIDAS AS NULIDADES INVOCADAS E CONFIRMADA A DECISÃO RECORRIDA,1,0,0.21,Indeferir,0,rule
Decisão,INDEFERIDAS AS RECLAMAÇÓES.,1,0,0.35,Indeferir,0,rule
Decisão,INDEFERIDAS AS RECLAMAÇÕES E NEGADA A REVISTA,1,0,0.27,Indeferir,0,rule
Decisão,INDEFERIDAS AS RECLAMAÇÕES.,1,0,0.35,Indeferir,0,rule
Decisão,INDEFERIDO A ARGUIÇÃO DE NULIDADE E O PEDIDO DE REFORMA.,1,0,0.24,Indeferir,0,rule
Decisão,INDEFERIDO A ARGUIÇÃO DE NULIDADES,1,0,0.32,Indeferir,0,rule
Decisão,INDEFERIDO A INTERPUSIÇÃO DO RECURSO DE REVISÃO,1,0,0.26,Indeferir,0,rule
Decisão,INDEFERIDO A PROVIDÊNCIA DE HABEAS CORPUS,1,0,0.32,Indeferir,0,rule
Decisão,INDEFERIDO COM MUDANÇA DE RELATOR,1,0,0.30,Indeferir,0,rule
Decisão,INDEFERIDO E MANDADO APRESENTAR O ARGUIDO AO TEP,1,0,0.29,Indeferir,0,rule
Decisão,INDEFERIDO IMEDIATAMENTE O PEDIDO,1,0,0.30,Indeferir,0,rule
Decisão,INDEFERIDO LIMINARMENTE O PEDIDO DE RESOLUÇÃO DE CONFLITO DE COMPETÊNCIA,1,0,0.26,Indeferir,0,rule
Decisão,INDEFERIDO LIMINARMENTE O PEDIDO DE RESOLUÇÃO DO CONFLITO NEGATIVO DE COMPETÊNCIA,1,0,0.25,Indeferir,0,rule
Decisão,INDEFERIDO O ESCLARECIMENTO,1,0,0.41,Indeferir,0,rule
Decisão,INDEFERIDO O HABEAS CORPUS.,1,0,0.35,Indeferir,0,rule
Decisão,"INDEFERIDO O PEDIDO DE ""HABEAS CORPUS"".",1,0,0.27,Indeferir,0,rule
Decisão,INDEFERIDO O PEDIDO DE ARGUIÇÃO DE NULIDADE,1,0,0.30,Indeferir,0,rule
Decisão,INDEFERIDO O PEDIDO DE CORRECÇÃO,1,0,0.28,Indeferir,0,rule
Decisão,INDEFERIDO O PEDIDO DE DESAFORAMENTO,1,0,0.31,Indeferir,0,rule
Decisão,INDEFERIDO O PEDIDO DE ESCLARECIMENTO.,1,0,0.32,Indeferir,0,rule
Decisão,INDEFERIDO O PEDIDO DE ESCUSA / RECUSA,1,0,0.26,Indeferir,0,rule
Decisão,INDEFERIDO O PEDIDO DE ESCUSA.,1,0,0.28,Indeferir,0,rule
Decisão,INDEFERIDO O PEDIDO DE RECUSA.,1,0,0.31,Indeferir,0,rule
Decisão,INDEFERIDO O PEDIDO DE REENVIO PREJUDICIAL E NEGADA A REVISTA.,1,0,0.30,Indeferir,0,rule
Decisão,INDEFERIDO O PEDIDO DE REENVIO PREJUDICIAL; NEGADA A REVISTA.,1,0,0.28,Indeferir,0,rule
Decisão,INDEFERIDO O PEDIDO DE REFORMA DA DECISÃO E A ARGUIÇÃO DE NULIDADES,1,0,0.25,Indeferir,0,rule
Decisão,INDEFERIDO O PEDIDO DE REFORMA E INDEFERIDA A RECLAMAÇÃO,1,0,0.23,Indeferir,0,rule
Decisão,INDEFERIDO O PEDIDO DE REFORMA E INDEFERIDA A RECLAMAÇÃO.,1,0,0.23,Indeferir,0,rule
Decisão,"INDEFERIDO O PEDIDO DE REFORMA, DETERMINADA A REMESSA À PRIMEIRA INSTÂNCIA PARA DECISÃO.",1,0,0.22,Indeferir,0,rule
Decisão,INDEFERIDO O PEDIDO DE RESOLUÇÃO DO CONFLITO NEGATIVO DE COMPETÊNCIA,1,0,0.26,Indeferir,0,rule
Decisão,INDEFERIDO O PEDIDO DE REVISÃO,1,0,0.30,Indeferir,0,rule
Decisão,INDEFERIDO O RECURSO,1,0,0.45,Indeferir,0,rule
Decisão,INDEFERIDO O RECURSO DE REVISÃO.,1,0,0.29,Indeferir,0,rule
Decisão,INDEFERIDO O RECURSO.,1,0,0.45,Indeferir,0,rule
Decisão,INDEFERIDO O REQUERIDO PELA RECORRENTE,1,0,0.37,Indeferir,0,rule
Decisão,INDEFERIDO O REQUERIMENTO APRESENTADO PELA RECORRENTE. REMESSA DE CERTIDÃO À PROCURADORIA GERAL DA REPÚBLICA E AO CONSELHO DEONTOLÓGICO DA ORDEM DOS ADVOGADOS,1,0,0.15,Indeferir,1,rule:multi-part
Decisão,INDEFERIDO O REQUERIMENTO DE INTERPOSIÇÃO DE RECURSO.,1,0,0.33,Indeferir,0,rule
Decisão,INDEFERIDO O REQUERIMENTO DE SUSPENSÃO DE EFICÁCIA,1,0,0.28,Indeferir,0,rule
Decisão,INDEFERIDO O REQUERIMENTO DO RECORRENTE.,1,0,0.44,Indeferir,0,rule
Decisão,INDEFERIDO O REQUERIMENTO DOS ARGUIDOS,1,0,0.37,Indeferir,0,rule
Decisão,INDEFERIDO POR FALTA DE FUMDAMENTO BASTANTE,1,0,0.30,Indeferir,0,rule
Decisão,INDEFERIDO POR MANIFESTAMENTE IMPROCEDENTE,1,0,0.38,Indeferir,0,rule
Decisão,INDEFERIDO POR MANIFESTAMENTE INFUNDADO,1,0,0.33,Indeferir,0,rule
Decisão,"INDEFERIDO, POR FALTA DE FUNDAMENTO, O PEDIDO DE RECUSA",1,0,0.27,Indeferir,0,rule
Decisão,"INDEFERIDOS A RECLAMAÇÃO, O PEDIDO DE REFORMA E O PEDIDO DE RECTIFICAÇÃO",1,0,0.22,Indeferir,0,rule
Decisão,INDEFERIDOS DOIS REQUERIMENTOS E NÃO CONHECIDO PARTE DO OBJECTO DO TERCEIRO REQUERIMENTO,1,0,0.24,Indeferir,0,rule
Decisão,INDEFERIMENTO A PROVIDÊNCIA.,1,0,0.41,Indeferir,0,rule
Decisão,INDEFERIMENTO DA NULIDADE.,1,0,0.44,Indeferir,0,rule
Decisão,INDEFERIMENTO DE RECLAMAÇÃO,1,0,0.41,Indeferir,0,rule
Decisão,"INDEFERIMENTO,",1,0,0.62,Indeferir,0,rule
Decisão,INDEFERIMENTO. ALTERADA A ESPECIE DE RECURSO.,1,0,0.30,Indeferir,1,rule:multi-part
Decisão,INDEFERIMENTO. DECIDIDO CONHECER DO RECURSO.,1,0,0.26,Indeferir,1,rule:multi-part
Decisão,INDEFERIR A PETIÇÃO DE HABEAS CORPUS.,1,0,0.31,Indeferir,0,rule
Decisão,INDEFERIR A PRESENTE ARGUIÇÃO DE NULIDADES,1,0,0.33,Indeferir,0,rule
Decisão,INDEFERIR A PROVIDÊNCIA REQUERIDA,1,0,0.33,Indeferir,0,rule
Decisão,INDEFERIR A RECALAMAÇÃO,1,0,0.39,Indeferir,0,rule
Decisão,INDEFERIR A RECLAMAÇÃO - MANTENDO O DESPACHO DO RELATOR,1,0,0.27,Indeferir,0,rule
Decisão,"INDEFERIR A RECLAMAÇÃO, MANTENDO O DESPACHO DO RELATOR",1,0,0.28,Indeferir,0,rule
Decisão,"INDEFERIR A RECLAMAÇÃO, SEM PREJUÍZO DA EVENTUALIDADE DO TRIBUNAL DA RELAÇÃO CONHECER DA INVOCADA NULIDADE DE OMISSÃO DE PRONÚNCIA, AO ABRIGO DO DISPOSTO NO ARTº. 617º, Nº 5, DO CPC",1,0,0.12,Indeferir,1,rule:multi-part
Decisão,INDEFERIR AS NULIDADES DO ACÓRDÃO ARGUIDAS. NEGADA A REVISTA,1,0,0.23,Indeferir,1,rule:multi-part
Decisão,INDEFERIR O INCIDENTE,1,0,0.43,Indeferir,0,rule
Decisão,INDEFERIR O PEDIDO DE REFORMA,1,0,0.31,Indeferir,0,rule
Decisão,INDEFERIR O REQUERIMENTO DE SUPENSÃO DA EFICÁCIA,1,0,0.31,Indeferir,0,rule
Decisão,INDEFERIRDA A SUSPENSÃO DA EFICÁCIA DA DELIBERAÇÃO DO PLENÁRIO DO CONSELHO SUPERIOR DA MAGISTRATURA,1,0,0.18,Indeferir,0,rule
Decisão,INDEFERIRI A RECLAMAÇÃO,1,0,0.39,Indeferir,0,rule
Decisão,INDEFRIDA A RECLAMAÇÃO,1,0,0.36,Indeferir,1,fallback:unparsed
Decisão,INDERERIR A RECLAMAÇÃO,1,0,0.36,Indeferir,1,fallback:unparsed
Decisão,INDERIDA A RECLAMAÇÃO,1,0,0.33,Indeferir,1,fallback:unparsed
Decisão,INDERIDO A ARGUIÇÃO DE NULIDADES,1,0,0.31,Indeferir,1,fallback:unparsed
Decisão,INEDEFERIDA,1,0,0.73,Indeferir,0,rule
Decisão,INFERIDA A RECLAMAÇÃO,1,0,0.33,Indeferir,1,fallback:unparsed
Decisão,INFERIMENTO.,1,0,0.47,Indeferir,1,fallback:unparsed
Decisão,INPROCEDÊNCIA / NÃO DECRETAMENTO.,1,0,0.34,Negar provimento,0,rule
Decisão,INUTILIDADE / IMPOSSIBILIDADE DA LIDE.,1,0,0.22,Julgar extinta a instância,0,rule
Decisão,INUTILIDADE SUPERVENIENTE DA LIDE,1,0,0.24,Julgar extinta a instância,0,rule
Decisão,INUTUTILIDADE SUPERVENIENTE,1,0,0.30,Sem informação,1,fallback:unparsed
Decisão,INVERIFICADA A OPOSIÇÃO DE JULGADOS,1,0,0.29,Sem informação,0,rule
Decisão,INÚTIL À APRECIAÇÃO DO RECURSO E CONDENAÇÃO COMO LITIGANTE DE MÁ FÉ,1,0,0.21,Sem informação,1,fallback:unparsed
Decisão,Improcedente,1,0,0.38,Negar provimento,0,rule
Decisão,Indeferida,1,0,0.80,Indeferir,0,rule
Decisão,Indeferida a Revista,1,0,0.45,Indeferir,0,rule
Decisão,Indeferida a admissão,1,0,0.38,Indeferir,0,rule
Decisão,Indeferida a arguição de nulidade e reforma do acórdão,1,0,0.22,Indeferir,0,rule
Decisão,Indeferida a providência cautelar,1,0,0.36,Indeferir,0,rule
Decisão,Indeferida a retificação,1,0,0.38,Indeferir,0,rule
Decisão,Indeferidas as Reclamações,1,0,0.35,Indeferir,0,rule
Decisão,Indeferidas as reclamações,1,0,0.35,Indeferir,0,rule
Decisão,Indeferido o Incidente,1,0,0.41,Indeferir,0,rule
Decisão,Indeferido o pedido de reforma,1,0,0.30,Indeferir,0,rule
Decisão,Indeferido o pedido formulado,1,0,0.31,Indeferir,0,rule
Decisão,Indeferido o requerimento,1,0,0.44,Indeferir,0,rule
Decisão,Indeferido o requerimento de Recusa,1,0,0.31,Indeferir,0,rule
Decisão,Indeferido por falta de fundamento bastante,1,0,0.30,Indeferir,0,rule
Decisão,Indeferir a reclamação,1,0,0.41,Indeferir,0,rule
Decisão,Indefrida a Reclamação,1,0,0.36,Indeferir,1,fallback:unparsed
Decisão,JOSÉ EDUARDO SAPATEIRO,1,0,0.32,Sem informação,1,fallback:unparsed
Decisão,JULGA A IMPUGNAÇÃO PROCEDENTE E NÃO TOMA CONHECIMENTO DO SEGUNDO PEDIDO,1,0,0.24,Não conhecer,0,rule
Decisão,JULGA DO IMPROCEDENTE O RECURSO E NEGADA A REVISÃO PEDIDA,1,0,0.28,Negar provimento,0,rule
Decisão,JULGADA COMPETENTE A 10ª CONSERVATÓRIA DO REGISTO CIVIL,1,0,0.33,Sem informação,1,fallback:unparsed
Decisão,JULGADA EXTINTA A INSTÂNCIA DO RECURSO,1,0,0.66,Julgar extinta a instância,0,rule
Decisão,JULGADA EXTINTA A INSTÂNCIA POR DESISTÊNCIA,1,0,0.58,Julgar extinta a instância,0,rule
Decisão,JULGADA EXTINTA A INSTÂNCIA POR INUTILIDADE SUPERVENIENTE DA LIDE,1,0,0.38,Julgar extinta a instância,0,rule
Decisão,JULGADA EXTINTA A INSTÂNCIA RECONVENCIAL. NO MAIS NEGADA A REVISTA,1,0,0.38,Julgar extinta a instância,1,rule:multi-part
Decisão,JULGADA EXTINTA A OPOSIÇÃO. PROVIDO.,1,0,0.54,Julgar extinta a instância,1,rule:multi-part
Decisão,JULGADA EXTINTA A RESPONSABILIDADE CIRMINAL.,1,0,0.51,Julgar extinta a instância,0,rule
Decisão,JULGADA IMPROCEDENTE A ACÇÃO,1,0,0.36,Negar provimento,0,rule
Decisão,"JULGADA IMPROCEDENTE A ACÇÃO ADMINISTRATIVA, POR DECISÃO ANTECIPADA DA PROVIDÊNCIA CAUTELAR.",1,0,0.23,Negar provimento,0,rule
Decisão,JULGADA IMPROCEDENTE A ACÇÃO DE IMPUGNAÇÃO,1,0,0.36,Negar provimento,0,rule
Decisão,JULGADA IMPROCEDENTE A IMPUGNAÇÃO,1,0,0.42,Negar provimento,0,rule
Decisão,JULGADA IMPROCEDENTE A NULIDADE INVOCADA PELO RECORRENTE,1,0,0.29,Negar provimento,0,rule
Decisão,JULGADA IMPROCEDENTE A PRESENTE ACÇÃO DE IMPUGNAÇÃO,1,0,0.33,Negar provimento,0,rule
Decisão,JULGADA IMPROCEDENTE A QUESTÃO PRÉVIA,1,0,0.43,Sem informação,0,rule
Decisão,JULGADA IMPROCEDENTE A RECLAMAÇÃO,1,0,0.39,Negar provimento,0,rule
Decisão,"JULGADA IMPROCEDENTE A REVISTA, CONFIRMANDO-SE O ACÓRDÃO RECORRIDO",1,0,0.27,Negar provimento,0,rule
Decisão,JULGADA IMPROCEDENTE POR MAIORIA,1,0,0.34,Negar provimento,0,rule
Decisão,JULGADA IMPROCEDENTE POR MAIORIA.,1,0,0.34,Negar provimento,0,rule
Decisão,"JULGADA IMPROCENDENTE POR MAIORIA, COM 6 VOTOS A FAVOR E 2 VOTOS CONTRA",1,0,0.24,Sem informação,1,fallback:unparsed
Decisão,JULGADA INFUNDADA A PETIÇÃO,1,0,0.41,Sem informação,1,fallback:unparsed
Decisão,JULGADA INPROCEDENTE A INPUGNAÇÃO,1,0,0.45,Conceder provimento,0,rule
Decisão,JULGADA PARCIALMENTE PROCEDENTE A ACÇÃO.,1,0,0.36,Conceder provimento parcialmente,0,rule
Decisão,JULGADA PROCEDENTE A ACÇÃO DE IMPUGNAÇÃO,1,0,0.38,Conceder provimento,0,rule
Decisão,JULGADA PROCEDENTE A ACÇÃO E ANULADA A DELIBERAÇÃO IMPUGNADA.,1,0,0.28,Anular,0,rule
Decisão,JULGADA PROCEDENTE A APELAÇÃO.,1,0,0.41,Conceder provimento,0,rule
Decisão,JULGADA PROCEDENTE A QUESTÃO PRÉVIA,1,0,0.46,Sem informação,0,rule
Decisão,JULGADA PROCEDENTE A REVISTA,1,0,0.36,Conceder provimento,0,rule
Decisão,JULGADA VERIFICADA A OPOSIÇÃO DE ACÓRDÃO,1,0,0.40,Sem informação,0,rule
Decisão,JULGADA VÁLIDA A DESISTÊNCIA DO RECURSO,1,0,0.41,Julgar extinta a instância,0,rule
Decisão,JULGADA VÁLIDA A TRANSACÇÃO.,1,0,0.48,Sem informação,1,fallback:unparsed
Decisão,JULGADAS IMPROCEDENTES AS ACÇÕES.,1,0,0.34,Negar provimento,0,rule
Decisão,JULGADAS IMPROCENTES AMBAS AS IMPUGNAÇÕES,1,0,0.37,Sem informação,1,fallback:unparsed
Decisão,JULGADO COMPETENTE O 4º J.TJ PONTA DELGADO,1,0,0.33,Sem informação,1,fallback:unparsed
Decisão,JULGADO COMPETENTE O JIC DE SANTO TIRSO,1,0,0.38,Sem informação,1,fallback:unparsed
Decisão,JULGADO COMPETENTE O TRIBUNAL DA RELAÇÃO DO PORTO,1,0,0.31,Sem informação,1,fallback:unparsed
Decisão,JULGADO COMPETENTE TRIB. RELAÇÃO LISBOA,1,0,0.36,Sem informação,1,fallback:unparsed
Decisão,JULGADO DESERTO O AGRAVO. NEGADA A REVISTA.,1,0,0.33,Julgar extinta a instância,1,rule:multi-part
Decisão,JULGADO EXTINTO POR INUTILIDADE SUPERVENIENTE,1,0,0.42,Julgar extinta a instância,0,rule
Decisão,JULGADO IMPRICEDENTE O RECURSO.,1,0,0.30,Sem informação,1,fallback:unparsed
Decisão,JULGADO IMPROCEDENTE O PEDIDO DE RECUSA,1,0,0.33,Negar provimento,0,rule
Decisão,JULGADO IMPROCEDENTE O PEDIDO DE REVISÃO,1,0,0.32,Negar provimento,0,rule
Decisão,"JULGADO IMPROCEDENTE O RECURSO , CONFIRMADA A DECISÃO RECORRIDA",1,0,0.27,Confirmar,0,rule
Decisão,JULGADO IMPROCEDENTE O RECURSO / DETERMINADO O REENVIO DO PROCESSO AO TRIBUNAL DA RELAÇÃO,1,0,0.21,Ordenar baixa dos autos,0,rule
Decisão,JULGADO IMPROCEDENTE O RECURSO CONTENCIOSO INTERPOSTO,1,0,0.28,Negar provimento,0,rule
Decisão,JULGADO IMPROCEDENTE O RECURSO DA COMPANHIA DE SEGUROS. ANULADO PARCIALMENTE NO RESTANTE.,1,0,0.28,Negar provimento,1,rule:multi-part
Decisão,JULGADO IMPROCEDENTE O RECURSO DA REVISTA,1,0,0.34,Negar provimento,0,rule
Decisão,JULGADO IMPROCEDENTE O RECURSO DO ARGUIDO E PARCIALMENTE PROCEDENTE O M.ºP.º.,1,0,0.29,Negar provimento,1,rule:multi-part
Decisão,JULGADO IMPROCEDENTE O RECURSO E CONFIRMADA A DECISÃO RECORRIDA DE NÃO PRONÚNCIA,1,0,0.24,Sem informação,0,rule
Decisão,JULGADO IMPROCEDENTE O RECURSO E MANTIDO INTEGRALMENTE O ACÓRDÃO RECORRIDO,1,0,0.27,Negar provimento,0,rule
Decisão,JULGADO IMPROCEDENTE O RECURSO E NEGADA A REVISÃO,1,0,0.29,Negar provimento,0,rule
Decisão,JULGADO IMPROCEDENTE O RECURSO INTERPOSTO E MANTIDA A DELIBERAÇÃO IMPUGNADA.,1,0,0.25,Negar provimento,0,rule
Decisão,JULGADO IMPROCEDENTE O RECURSO INTERPOSTO MANTENDO-SE A DELIBERAÇÃO IMPUGNADA.,1,0,0.25,Negar provimento,0,rule
Decisão,JULGADO IMPROCEDENTE O RECURSO INTERPOSTO PELO ARGUIDO,1,0,0.30,Negar provimento,0,rule
Decisão,JULGADO IMPROCEDENTE O RECURSO INTERPOSTO PELO ARGUIDO / JULGADO PROCEDENTE O RECURSO INTERPOSTO PELO MINISTÉRIO PÚBLICO,1,0,0.19,Negar provimento,0,rule
Decisão,"JULGADO IMPROCEDENTE O RECURSO INTERPOSTO PELO ARGUIDO, AA; JULGADO PARCIALMENTE PROCEDENTE O MESMO RECURSO, NO QUE DIZ RESPEITO À PENA ÚNICA.",1,0,0.18,Negar provimento,0,rule
Decisão,"JULGADO IMPROCEDENTE O RECURSO,",1,0,0.33,Negar provimento,0,rule
Decisão,JULGADO IMPROCEDENTE O RECURSO. FIXADA JURISPRUDÊNCIA.,1,0,0.36,Negar provimento,1,rule:multi-part
Decisão,JULGADO MANIFESTAMENTE IMPROCEDENTE,1,0,0.31,Negar provimento,0,rule
Decisão,JULGADO O RECURSO DE REVISTA IMPROCEDENTE,1,0,0.29,Negar provimento,0,rule
Decisão,JULGADO O RECURSO DE REVISTA IMPROCEDENTE E MANTIDO O ACÓRDÃO RECORRIDO,1,0,0.25,Negar provimento,0,rule
Decisão,JULGADO O RECURSO DE REVISTA PROCEDENTE,1,0,0.31,Conceder provimento,0,rule
Decisão,JULGADO O RECURSO IMPROCEDENTE E DECLARADA A COMPETÊNCIA DO JUIZO CENTRAL CRIMINAL DE LISBOA - JUIZ ...,1,0,0.20,Negar provimento,0,rule
Decisão,JULGADO O RECURSO PARCIALMENTE IMPROCEDENTE.,1,0,0.35,Negar provimento,0,rule
Decisão,"JULGADO O RECURSO PROCEDENTE EM PARTE, E DECIDIDO NÃO CONHECER O RESTANTE.",1,0,0.29,Não conhecer,0,rule
Decisão,"JULGADO O RECURSO PROCEDENTE, REVOGADO O ACÓRDÃO RECORRIDO E REPRISTINADA IN TOTUM A SENTENÇA DO TRIBUNAL DE 1.ª INSTÂNCIA",1,0,0.20,Revogar,1,rule:multi-part
Decisão,JULGADO PARCIALMENTE PROCEDENTE O RECURSO INTERPOSTO / ALTERADO O ACÓRDÃO RECORRIDO,1,0,0.23,Conceder provimento parcialmente,0,rule
Decisão,JULGADO PREJUDICADO O OBJECTO DA PROVIDÊNCIA,1,0,0.36,Conceder provimento,0,rule
Decisão,JULGADO PROC. QUEST. PREVI. ORD. BAIXA,1,0,0.32,Ordenar baixa dos autos,1,rule:multi-part
Decisão,"JULGADO PROCEDENTE A ACÇÃO, POR MAIORIA",1,0,0.38,Conceder provimento,0,rule
Decisão,JULGADO PROCEDENTE O RECURSO,1,0,0.36,Conceder provimento,0,rule
Decisão,"JULGADO PROCEDENTE O RECURSO DE REVISTA / REVOGADO O ACÓRDÃO RECORRIDO, REPRISTINANDO A DECISÃO DA 1.ª INSTÂNCIA.",1,0,0.21,Revogar,1,rule:multi-part
Decisão,JULGADO PROCEDENTE O RECURSO DE REVISTA E REVOGADO O DESPACHO RECORRIDO,1,0,0.25,Revogar,0,rule
Decisão,"JULGADO PROCEDENTE O RECURSO DO ARGUIDO AA, E PARCIALMENTE PROCEDENTE O RECURSO DO ARGUIDO DD.",1,0,0.24,Conceder provimento parcialmente,0,rule
Decisão,JULGADO PROCEDENTE O RECURSO DO ARGUIDO. REJEITADOS OS DEMAIS.,1,0,0.25,Conceder provimento,1,rule:multi-part
Decisão,JULGADO PROCEDENTE O RECURSO.,1,0,0.36,Conceder provimento,0,rule
Decisão,JULGADO PROCEDENTE UM E IMPROCEDENTE OUTRO.,1,0,0.31,Negar provimento,0,rule
Decisão,JULGADO SEM EFEITO O RECURSO.,1,0,0.29,Sem informação,1,fallback:unparsed
Decisão,JULGADO TOTALMENTE IMPROCEDENTE O RECURSO INTERPOSTO,1,0,0.29,Negar provimento,0,rule
Decisão,JULGADOS IMPRICEDENTES OS RECURSOS.,1,0,0.35,Sem informação,1,fallback:unparsed
Decisão,JULGADOS IMPROCEDENTES AMBOS OS RECURSOS.,1,0,0.30,Negar provimento,0,rule
Decisão,JULGADOS IMPROCEDENTES DOIS RECURSOS E PARCIALAMENTE PROVIDOS DOIS RECURSOS,1,0,0.29,Negar provimento,0,rule
Decisão,"JULGADOS IMPROCEDENTES OS RECURSOS DOS ARGUIDOS AA, HH E BB, E PARCIALMENTE PROCEDENTES OS RESTANTES.",1,0,0.23,Negar provimento,0,rule
Decisão,JULGADOS NO MAIS IMPROCEDENTES OS RECURSOS DA DECISÃO FINAL.,1,0,0.27,Negar provimento,0,rule
Decisão,JULGADOS OS RECURSOS IMPROCEDENTES,1,0,0.29,Negar provimento,0,rule
Decisão,"JULGADOS OS RECURSOS, PROCEDENTE O DO ARGUIDO BB E PARCIALMENTE PROCEDENTE O DO ARGUIDO AA.",1,0,0.27,Conceder provimento parcialmente,0,rule
Decisão,"JULGADOS PROCEDENTES OS RECURSOS DO MºPº E DO ARGUIDO AA, NA PARTE CIVIL E JULGADOS IMPROCEDENTES OS DEMAIS RECURSOS.",1,0,0.20,Negar provimento,0,rule
Decisão,JULGAMENTO DE RECURSO,1,0,0.35,Sem informação,1,fallback:unparsed
Decisão,JULGAR FINDO O RECURSO PELO NÃO CONHECIMENTO DO SEU OBJECTO,1,0,0.25,Não conhecer,0,rule
Decisão,JULGAR IMPROCEDENTE A ARGUIÇÃO DA NULIDADE,1,0,0.40,Negar provimento,0,rule
Decisão,JULGAR IMPROCEDENTE E RECLAMAÇÃO E CONFIRMAR A DECISÃO SINGULAR.,1,0,0.27,Negar provimento,0,rule
Decisão,JULGAR IMPROCEDENTE O RECURSO DO ARGUIDO/DEMANDADO AA / JULGAR TOTALMENTE PROCEDENTE O RECURSO DO ISS,1,0,0.21,Negar provimento,0,rule
Decisão,"JULGAR IMPROCEDENTE O RECURSO, MANTENDO-SE A DECISÃO INSTRUTÓRIA",1,0,0.33,Negar provimento,0,rule
Decisão,"JULGAR IMPROCEDENTE O RECURSO, MANTENDO-SE O ACÓRDÃO RECORRIDO",1,0,0.26,Negar provimento,0,rule
Decisão,JULGAR IMPROCEDENTE À EXCEPÇÃO DA INCOMPETÊNCIA,1,0,0.43,Declarar incompetência,0,rule
Decisão,JULGAR IMPROCEDENTES AS ARGUIDAS NULIDADES DO ACÓRDÃO E CONCEDER PARCIALMENTE A REVISTA,1,0,0.25,Negar provimento,0,rule
Decisão,JULGAR O RECURSO DE REVISTA IMPROCEDENTE,1,0,0.32,Negar provimento,0,rule
Decisão,JULGAR O RECURSO PARCIALMENTE PROCEDENTE,1,0,0.38,Conceder provimento parcialmente,0,rule
Decisão,JULGAR O RECURSO PARCIALMENTE PROVIDO,1,0,0.35,Conceder provimento parcialmente,0,rule
Decisão,JULGO IMPROCEDENTE A ACÇÃO.,1,0,0.31,Negar provimento,0,rule
Decisão,JULGO PROCEDENTE A IMPUGNAÇÃO.,1,0,0.45,Conceder provimento,0,rule
Decisão,JULGUE IMPROCEDENTE A AÇÃO,1,0,0.35,Negar provimento,0,rule
Decisão,Julgada a Revista procedente,1,0,0.38,Conceder provimento,0,rule
Decisão,"Julgada extinta a instância, por unanimidade",1,0,0.57,Julgar extinta a instância,0,rule
Decisão,Julgada improcedente a arguição de nulidade,1,0,0.35,Negar provimento,0,rule
Decisão,Julgada procedente a acção e anulada a deliberação,1,0,0.32,Anular,0,rule
Decisão,Julgada procedente a acção e anulada a deliberação impugnada,1,0,0.28,Anular,0,rule
Decisão,Julgado Procedente o Recurso do arguido BB; julgado parcialmente procedente o recurso do arguido AA.,1,0,0.23,Conceder provimento parcialmente,0,rule
Decisão,"Julgado extinto o recurso, por inutilidade superveniente",1,0,0.34,Julgar extinta a instância,0,rule
Decisão,Julgado improcedente o Recurso do Arguido DD e rejeitados os restantes,1,0,0.24,Rejeitar,0,rule
Decisão,Julgado o Recurso Improcedente,1,0,0.33,Negar provimento,0,rule
Decisão,Julgado o Recurso Parcialmente Procedente,1,0,0.37,Conceder provimento parcialmente,0,rule
Decisão,Julgado o Recurso Procedente,1,0,0.36,Conceder provimento,0,rule
Decisão,Julgado o recurso da arguida improcedente e parcialmente procedente o do arguido.,1,0,0.30,Negar provimento,0,rule
Decisão,Julgado parcialmente procedente o Recurso,1,0,0.29,Conceder provimento parcialmente,0,rule
Decisão,Julgado parcialmente procedente o Recurso do arguido BB e julgados improcedentes os restantes Recursos,1,0,0.21,Negar provimento,0,rule
Decisão,Julgado parcialmente procedente o recurso,1,0,0.29,Conceder provimento parcialmente,0,rule
Decisão,Julgado parcialmente procedentes os Recursos,1,0,0.30,Conceder provimento parcialmente,0,rule
Decisão,Julgado procedente a acção e anulada a deliberação impugnada,1,0,0.28,Anular,0,rule
Decisão,Julgados os Recursos improcedentes,1,0,0.29,Negar provimento,0,rule
Decisão,Julgados os recursos parcialmente procedentes,1,0,0.36,Conceder provimento parcialmente,0,rule
Decisão,Julgados parcialmente procedentes ambos os recursos,1,0,0.27,Conceder provimento parcialmente,0,rule
Decisão,Julgados parcialmente procedentes os Recursos,1,0,0.29,Conceder provimento parcialmente,0,rule
Decisão,"Julgados parcialmente procedentes os Recursos dos Arguidos CC e BB, e improcedente o Recurso do Arguido AA.",1,0,0.19,Negar provimento,0,rule
Decisão,JÚLIO GOMES,1,0,0.25,Sem informação,1,fallback:unparsed
Decisão,LOPES DA MOTA,1,0,0.29,Sem informação,1,fallback:unparsed
Decisão,MANDADA A AMPLIAR A MATÉRIA DE FACTO.,1,0,0.28,Ordenar baixa dos autos,0,rule
Decisão,MANDADA AMPLIAR A DECISÃO DE FACTO.,1,0,0.29,Sem informação,1,fallback:unparsed
Decisão,MANDADA AMPLIAR A MATERIA DE FACTO. PROVIDO PARCIAL.,1,0,0.27,Conceder provimento parcialmente,1,rule:multi-part
Decisão,MANDADA AMPLIAR A MATÉRIA DE FACTO. DECIDIDO NÃO TOMAR CONHECIMENTO.,1,0,0.25,Não conhecer,1,rule:multi-part
Decisão,MANDADA AMPLIAR A MATÉRIA DE FACTO. REVOGADA A DECISÃO.,1,0,0.24,Revogar,1,rule:multi-part
Decisão,MANDADO AMPLIAR A MATERIA DE FACTO. ORDENADA A BAIXA DO PROCESSO.,1,0,0.25,Ordenar baixa dos autos,1,rule:multi-part
Decisão,MANDADO AMPLIAR A MATÉRIA DE FACTO.,1,0,0.29,Ordenar baixa dos autos,0,rule
Decisão,MANDADO APLICAR A JURISPRUDÊNCIA DO AUJ Nº 15/2016,1,0,0.36,Sem informação,1,fallback:unparsed
Decisão,MANTER O DESPACHO DO RELATOR,1,0,0.29,Sem informação,1,fallback:unparsed
Decisão,MANTER O DESPACHO RECLAMADO,1,0,0.28,Sem informação,1,fallback:unparsed
Decisão,MANTIDA A DECISÃO LIMINAR DO RELATOR QUE NÃO ADMITIU O RECURSO PARA UNIFORMIZAÇÃO DA JURISPRUDÊNCIA,1,0,0.19,Fixar jurisprudência,0,rule
Decisão,MANTIDA A RECISÃO RECORRIDA,1,0,0.30,Sem informação,1,fallback:unparsed
Decisão,MANTIDO O ACÓRDÃO RECORRIDO/ NEGADO PROVIMENTO AO RECURSO INTERPOSTO,1,0,0.32,Negar provimento,0,rule
Decisão,MANTIDO O DESPACHO DO RELATOR E NÃO ADMITIDO O RECURSO.,1,0,0.22,Não admitir,0,rule
Decisão,MEGADO PROVIMENTO,1,0,0.82,Conceder provimento,0,rule
Decisão,NAEGADA A REVISTA,1,0,0.41,Sem informação,1,fallback:unparsed
Decisão,NAGADA REVISTA,1,0,0.44,Negar provimento,0,rule
Decisão,NAGADO,1,0,0.36,Negar provimento,0,rule
Decisão,NAGADO PROVIMENTO.,1,0,0.82,Negar provimento,0,rule
Decisão,NAO CONHEC. REC. OPTIMUS E NEGADA A REVISTA,1,0,0.30,Não conhecer,1,rule:multi-part
Decisão,NEAGDO PROVIMENTO.,1,0,0.82,Conceder provimento,0,rule
Decisão,NEG. PROV. E CONF. DECISÃO RECORRIDA,1,0,0.28,Sem informação,1,fallback:unparsed
Decisão,NEG. REVISTA DA RÉ E CONCEDIDA A AUTORA,1,0,0.31,Conceder provimento,1,rule:multi-part
Decisão,NEGA A REVISTA.,1,0,0.50,Sem informação,1,fallback:unparsed
Decisão,"NEGA-SE A REVISTA NO QUE RESPEITA AO PEDIDO PRINCIPAL; CONCEDE-SE PROVIMENTO, NO QUE RESPEITA AO PEDIDO RECONVENCIONAL, DETERMINANDO-SE A BAIXA DO PROCESSO PARA SEU CONHECIMENTO,",1,0,0.17,Ordenar baixa dos autos,0,rule
Decisão,NEGA-SE A REVISÃO,1,0,0.41,Negar provimento,0,rule
Decisão,NEGA-SE O INTERPOSTO RECURSO,1,0,0.32,Negar provimento,0,rule
Decisão,NEGA-SE PROVIMENTO AO RECURSO DA RÉ,1,0,0.43,Negar provimento,0,rule
Decisão,"NEGA-SE PROVIMENTO AOS RECURSOS DE REVISTA, CONFIRMANDO-SE O ACÓRDÃO RECORRIDO",1,0,0.24,Negar provimento,0,rule
Decisão,NEGA-SE PROVIMENTO À REVISTA.,1,0,0.54,Negar provimento,0,rule
Decisão,NEGAD A REVISTA.,1,0,0.50,Negar provimento,0,rule
Decisão,NEGADA  A REVISTA.,1,0,0.44,Negar provimento,0,rule
Decisão,NEGADA  REVISTA A.,1,0,0.44,Negar provimento,0,rule
Decisão,NEGADA A APELAÇÃO,1,0,0.35,Negar provimento,0,rule
Decisão,NEGADA A DA RÉ; CONCEDIDA A REVISTA DOS AUTORES,1,0,0.36,Negar provimento,0,rule
Decisão,NEGADA A DECISÃO,1,0,0.38,Negar provimento,0,rule
Decisão,NEGADA A DO AUTOR CONCEDIDA EM PARTE A DA RÉ,1,0,0.27,Negar provimento,0,rule
Decisão,NEGADA A ESCUSA,1,0,0.32,Negar provimento,0,rule
Decisão,NEGADA A EVISTA,1,0,0.44,Negar provimento,0,rule
Decisão,NEGADA A QUESTÃO DA AUTORA.,1,0,0.35,Negar provimento,0,rule
Decisão,NEGADA A RECISTA,1,0,0.38,Negar provimento,0,rule
Decisão,NEGADA A RECLAMAÇÃO DA RÉ REFORMADO O ACÓRDÃO QUANTO A CUSTAS,1,0,0.23,Sem informação,0,rule
Decisão,NEGADA A RECUSA,1,0,0.32,Negar provimento,0,rule
Decisão,NEGADA A REFORMA E INDEFERIDA A RECLAMAÇÃO,1,0,0.29,Indeferir,0,rule
Decisão,NEGADA A REISTA.,1,0,0.38,Negar provimento,0,rule
Decisão,NEGADA A REIVSTA.,1,0,0.38,Negar provimento,0,rule
Decisão,NEGADA A RERVISTA,1,0,0.41,Negar provimento,0,rule
Decisão,NEGADA A REVISATA.,1,0,0.47,Negar provimento,0,rule
Decisão,"NEGADA A REVISTA  DO AUTOR, NÃO TOMAR CONHECIMENTO DO OBJECTO DO RECURSO DO RÉU",1,0,0.21,Não conhecer,0,rule
Decisão,"NEGADA A REVISTA ""NORMAL"" E REMETIDOS OS AUTOS À FORMAÇÃO NA PARTE RESTANTE",1,0,0.21,Remeter os autos,0,rule
Decisão,NEGADA A REVISTA (DECISÃO LIMINAR),1,0,0.29,Negar provimento,0,rule
Decisão,"NEGADA A REVISTA (NORMAL), DETERMINANDO A REMESSA DOS AUTOS À FORMAÇÃO (REVISTA EXCEPCIONAL)",1,0,0.20,Remeter os autos,0,rule
Decisão,NEGADA A REVISTA (RECURSO DE REVISTA REGIME REGRA);,1,0,0.24,Negar provimento,0,rule
Decisão,NEGADA A REVISTA - CONCEDIDA  PARCIALMENTE A REVISTA.,1,0,0.33,Negar provimento,0,rule
Decisão,NEGADA A REVISTA - CONFIRMADO O ACÓRDÃO.,1,0,0.28,Confirmar,0,rule
Decisão,NEGADA A REVISTA - RECURSO PRINCIPAL - BAIXA DO PROCESSO À RELAÇÃO - RECURSO SUBORDINADO,1,0,0.22,Ordenar baixa dos autos,0,rule
Decisão,NEGADA A REVISTA / REVOGADO O ACÓRDÃO DA RELAÇÃO / REPRISTINADA A SENTENÇA DA 1ª INSTÂNCIA QUE JULGOU A AÇÃO IMPROCEDENTE,1,0,0.18,Revogar,0,rule
Decisão,NEGADA A REVISTA A AUTORA CONCEDIDA A REVISTA À RÉ,1,0,0.26,Negar provimento,0,rule
Decisão,NEGADA A REVISTA A/ CONCEDIDA A RÉ,1,0,0.29,Negar provimento,0,rule
Decisão,NEGADA A REVISTA AO AUTOR; CONCEDIDA EM PARTE A REVISTA DA RÉ,1,0,0.23,Negar provimento,0,rule
Decisão,NEGADA A REVISTA AO RÉU CONCEDIDA PARCIALMENTE A AUTORA,1,0,0.33,Negar provimento,0,rule
Decisão,"NEGADA A REVISTA AOS RECORRENTES AA E CC, CONCEDIDA PARCIAL PROVIMENTO AO RECURSO DOS AUTORES BB",1,0,0.24,Negar provimento,0,rule
Decisão,NEGADA A REVISTA COM DECLARAÇÃO,1,0,0.35,Negar provimento,0,rule
Decisão,NEGADA A REVISTA COM FUNDAMENTOS NÃO COINCIDENTES COM O ACÓRDÃO RECORRIDO,1,0,0.22,Negar provimento,0,rule
Decisão,NEGADA A REVISTA CONFIRMADA A DECISÃO COM FUNDAMENTAÇÃO DIVERSA.,1,0,0.25,Confirmar,0,rule
Decisão,NEGADA A REVISTA DA 1.ª RÉ. CONCEDIDA EM PARTE A REVISTA DA AUTORA,1,0,0.23,Conceder provimento parcialmente,1,rule:multi-part
Decisão,NEGADA A REVISTA DA 3ª R E CONCEDIDA PARCIALMENTE A REVISTA DOS AA,1,0,0.27,Negar provimento,0,rule
Decisão,"NEGADA A REVISTA DA A, CONCEDIDA , EM PARTE, A INTERPOSTA PELO R",1,0,0.22,Negar provimento,0,rule
Decisão,NEGADA A REVISTA DA A./ CONCEDIDA PARCIALMENTE A REVISTA DA R.,1,0,0.28,Conceder provimento parcialmente,1,rule:multi-part
Decisão,NEGADA A REVISTA DA ASSOCIAÇÃO CULTURAL E RECREATIVA,1,0,0.27,Negar provimento,0,rule
Decisão,NEGADA A REVISTA DA AUTORA,1,0,0.38,Negar provimento,0,rule
Decisão,NEGADA A REVISTA DA AUTORA E CONCEDIDA A DOS RÉUS,1,0,0.27,Negar provimento,0,rule
Decisão,NEGADA A REVISTA DA AUTORA E CONCEDIDA PARCIALMENTE A DA RÉ,1,0,0.31,Negar provimento,0,rule
Decisão,NEGADA A REVISTA DA AUTORA E CONCEDIDA PARCIALMENTE A DO RÉU,1,0,0.30,Negar provimento,0,rule
Decisão,NEGADA A REVISTA DA AUTORA E PARCIALMENTE CONCEDIDA A DA RÉ,1,0,0.31,Negar provimento,0,rule
Decisão,NEGADA A REVISTA DA AUTORA E PROCEDENTE A REVISTA DO RÉU,1,0,0.27,Negar provimento,0,rule
Decisão,"NEGADA A REVISTA DA AUTORA, CONCEDIDA PARCIALMENTE À RÉ",1,0,0.33,Negar provimento,0,rule
Decisão,"NEGADA A REVISTA DA AUTORA: CONCEDIDA, EM PARTE, A REVISTA DO RÉU",1,0,0.22,Negar provimento,0,rule
Decisão,NEGADA A REVISTA DA AUTORA; CONCEDIDA A REVISTA DA RÉ.,1,0,0.25,Negar provimento,0,rule
Decisão,NEGADA A REVISTA DA EXECUTADA; CONCEDIDA A REVISTA AO RECURSO DA EXEQUENTE,1,0,0.24,Negar provimento,0,rule
Decisão,NEGADA A REVISTA DA RE E CONCEDIDA A REVISTA DO AUTOR.,1,0,0.28,Negar provimento,0,rule
Decisão,NEGADA A REVISTA DA RÁ. CONCEDIDA POR MAIORIA A REVISTA DOS AA.,1,0,0.23,Conceder provimento parcialmente,1,rule:multi-part
Decisão,NEGADA A REVISTA DA RÉ - ALMEIDAS & MAGALHÃES LDª E,1,0,0.24,Negar provimento,0,rule
Decisão,NEGADA A REVISTA DA RÉ CONCEDIDA A REVISTA DA AUTORA,1,0,0.27,Negar provimento,0,rule
Decisão,NEGADA A REVISTA DA RÉ E CONCEDE-SE EM PARTE A DO AUTOR,1,0,0.25,Negar provimento,0,rule
Decisão,NEGADA A REVISTA DA RÉ E CONCEDIDA A REVISTA DA AUTORA.,1,0,0.26,Negar provimento,0,rule
Decisão,NEGADA A REVISTA DA RÉ E CONCEDIDA A REVISTA DO AUTOR,1,0,0.28,Negar provimento,0,rule
Decisão,NEGADA A REVISTA DA RÉ E CONCEDIDA EM PARTE A DA AUTORA,1,0,0.25,Negar provimento,0,rule
Decisão,NEGADA A REVISTA DA RÉ E CONCEDIDA EM PARTE A REVISTA DO AUTOR,1,0,0.26,Negar provimento,0,rule
Decisão,NEGADA A REVISTA DA RÉ E CONCEDIDA EM PARTE A REVISTA DOS HABILITADOS NO LUGAR DO AUTOR,1,0,0.22,Negar provimento,0,rule
Decisão,NEGADA A REVISTA DA RÉ E CONCEDIDA PARCIALMENTE A DA AUTORA,1,0,0.31,Negar provimento,0,rule
Decisão,NEGADA A REVISTA DA RÉ E CONCEDIDA PARCIALMENTE A DO AUTOR,1,0,0.31,Negar provimento,0,rule
Decisão,NEGADA A REVISTA DA RÉ E CONCEDIDA PARCIALMENTE A REVISTA DA AUTORA,1,0,0.27,Negar provimento,0,rule
Decisão,"NEGADA A REVISTA DA RÉ E CONCEDIDA, EM PARTE, A DA AUTORA",1,0,0.25,Negar provimento,0,rule
Decisão,NEGADA A REVISTA DA RÉ E NÃO RECONHECE DO RECURSO SUBORDINADO DO AUTOR,1,0,0.24,Negar provimento,0,rule
Decisão,NEGADA A REVISTA DA RÉ E PARCIALMENTE CONCEDIDA A DO AUTOR,1,0,0.28,Negar provimento,0,rule
Decisão,NEGADA A REVISTA DA RÉ SANTA CASA. CONCEDIDA A REVISTA DO RÉU BB. CONCEDIDA EM PARTE A REVISTA DA AUTORA,1,0,0.18,Conceder provimento parcialmente,1,rule:multi-part
Decisão,NEGADA A REVISTA DA RÉ SEGURADORA E CONCEDIDA EM PARTE A REVISTA DO AUTOR,1,0,0.22,Negar provimento,0,rule
Decisão,"NEGADA A REVISTA DA RÉ TRANSPORTES CENTRAIS DE ARGANIL, LDA. CONCEDIDA PARCIALMENTE A REVISTA ",1,0,0.25,Conceder provimento parcialmente,1,rule:multi-part
Decisão,"NEGADA A REVISTA DA RÉ, CONCEDIDA EM PARTE A DA AUTORA.",1,0,0.26,Negar provimento,0,rule
Decisão,"NEGADA A REVISTA DA RÉ, CONCEDIDA EM PARTE A REVISTA DO AUTOR",1,0,0.26,Negar provimento,0,rule
Decisão,NEGADA A REVISTA DA RÉ.,1,0,0.36,Negar provimento,0,rule
Decisão,NEGADA A REVISTA DA RÉ. CONCEDIDA PARCIALMENTE A REVISTA DO AUTOR,1,0,0.28,Conceder provimento parcialmente,1,rule:multi-part
Decisão,NEGADA A REVISTA DA RÉ. PROCEDENTE A REVISTA DO AUTOR,1,0,0.28,Conceder provimento parcialmente,1,rule:multi-part
Decisão,NEGADA A REVISTA DA RÉ; CONCEDIDA A REVISTA DA AUTORA.,1,0,0.26,Negar provimento,0,rule
Decisão,"NEGADA A REVISTA DO ""CC""",1,0,0.39,Negar provimento,0,rule
Decisão,NEGADA A REVISTA DO A. E CONCEDIDA REVISTA DA RÉ.,1,0,0.25,Conceder provimento parcialmente,1,rule:multi-part
Decisão,NEGADA A REVISTA DO AUTOR CONCEDIDA A REVISTA DA RÉ,1,0,0.25,Negar provimento,0,rule
Decisão,NEGADA A REVISTA DO AUTOR CONCEDIDA EM PARTE A REVISTA DA RÉ,1,0,0.23,Negar provimento,0,rule
Decisão,NEGADA A REVISTA DO AUTOR CONCEDIDA PARCIALMENTE A REVISTA DA RÉ,1,0,0.28,Negar provimento,0,rule
Decisão,NEGADA A REVISTA DO AUTOR E CONCEDER A DO RÉU.,1,0,0.27,Negar provimento,0,rule
Decisão,NEGADA A REVISTA DO AUTOR E CONCEDIDA A REVISTA DO RÉU.,1,0,0.22,Negar provimento,0,rule
Decisão,NEGADA A REVISTA DO AUTOR E CONCEDIDA EM PARTE A DA RÉ,1,0,0.24,Negar provimento,0,rule
Decisão,NEGADA A REVISTA DO AUTOR E CONCEDIDA EM PARTE A DO RÉU,1,0,0.22,Negar provimento,0,rule
Decisão,NEGADA A REVISTA DO AUTOR E CONCEDIDA PARCIALMENTE A DO RÉU,1,0,0.31,Negar provimento,0,rule
Decisão,NEGADA A REVISTA DO AUTOR E CONCEDIDA PARCIALMENTE A REVISTA DA RÉ,1,0,0.27,Negar provimento,0,rule
Decisão,NEGADA A REVISTA DO AUTOR. CONCEDIDA A REVISTA DA RÉ,1,0,0.25,Conceder provimento parcialmente,1,rule:multi-part
Decisão,NEGADA A REVISTA DO AUTOR. CONCEDIDA A REVISTA DA RÉ.,1,0,0.25,Conceder provimento parcialmente,1,rule:multi-part
Decisão,NEGADA A REVISTA DO AUTOR. CONCEDIDA EM PARTE A REVISTA DA RÉ,1,0,0.23,Conceder provimento parcialmente,1,rule:multi-part
Decisão,NEGADA A REVISTA DO AUTOR. CONCEDIDA PARCIALMENTE A REVISTA DA RÉ,1,0,0.28,Conceder provimento parcialmente,1,rule:multi-part
Decisão,NEGADA A REVISTA DO FGA  E CONCEDIDA EM PARTE A REVISTA DA AUTORA,1,0,0.23,Negar provimento,0,rule
Decisão,NEGADA A REVISTA DO FUNDO DE GARANTIA AUTOMÓVEL,1,0,0.26,Negar provimento,0,rule
Decisão,"NEGADA A REVISTA DO R. E CONCEDER EM PARTE A DA A., ANULAR EM PARTE O ACÓRDÃO RECORRIDO E, NA PARTE EM QUE INCIDIU SOBRE ALINEA C) DO DISPOSITIVO DA SENTENÇA, CONDENAR O R. A PAGAR À A. A QUANTIA A DETERMINAR",1,0,0.13,Conceder provimento parcialmente,1,rule:multi-part
Decisão,NEGADA A REVISTA DO RECURSO SUBORDINADO (SEGURADORA),1,0,0.23,Negar provimento,0,rule
Decisão,"NEGADA A REVISTA DO REU, NÃO CONHECER O RECURSO DO INTERVENIENTE",1,0,0.23,Não conhecer,0,rule
Decisão,NEGADA A REVISTA DO REU. CONCEDIDA A REVISTA DOS AUTORES,1,0,0.32,Conceder provimento parcialmente,1,rule:multi-part
Decisão,"NEGADA A REVISTA DO RÉU CC E DA GG, S.A.. CONCEDIDA A REVISTA DO HOSPITAL BB E DA SEGURADORA EE, S.A.",1,0,0.17,Conceder provimento parcialmente,1,rule:multi-part
Decisão,NEGADA A REVISTA DO RÉU E CONCEDIDA A DO AUTOR,1,0,0.30,Negar provimento,0,rule
Decisão,NEGADA A REVISTA DO RÉU E CONCEDIDA A DO AUTOR. REPRISTINA-SE A SENTENÇA DA 1ª INSTÂNCIA.,1,0,0.25,Negar provimento,1,rule:multi-part
Decisão,NEGADA A REVISTA DO RÉU E CONCEDIDA EM PARTE A DA AUTORA,1,0,0.25,Negar provimento,0,rule
Decisão,NEGADA A REVISTA DO RÉU E CONCEDIDA EM PARTE A DO AUTOR,1,0,0.27,Negar provimento,0,rule
Decisão,NEGADA A REVISTA DO RÉU HOSPITAL; CONCEDIDA A REVISTA DO RÉU CC,1,0,0.22,Negar provimento,0,rule
Decisão,"NEGADA A REVISTA DO RÉU SANTANDER, CONCEDIDA EM PARTE A REVISTA DA RÉ NRG E ANULADO O ACÓRDÃO PARA CONHECIMENTO DO PEDIDO RECONVENCIONAL.",1,0,0.18,Anular,0,rule
Decisão,"NEGADA A REVISTA DO RÉU, CONCEDIDA, EM PARTE, A DOS AUTORES",1,0,0.31,Negar provimento,0,rule
Decisão,NEGADA A REVISTA DO RÉU; CONCEDIDA A REVISTA DA AUTORA,1,0,0.26,Negar provimento,0,rule
Decisão,NEGADA A REVISTA DO RÉU; CONCEDIDA EM PARTE A DA AUTORA.,1,0,0.25,Negar provimento,0,rule
Decisão,NEGADA A REVISTA DOS 1ºS RÉUS; CONCEDIDA EM PARTE A DA AUTORA,1,0,0.23,Negar provimento,0,rule
Decisão,NEGADA A REVISTA DOS AA,1,0,0.39,Negar provimento,0,rule
Decisão,NEGADA A REVISTA DOS AA.; CONCEDIDA EM PARTE A DA RÉ.,1,0,0.23,Conceder provimento parcialmente,1,rule:multi-part
Decisão,NEGADA A REVISTA DOS AUTORES,1,0,0.50,Negar provimento,0,rule
Decisão,NEGADA A REVISTA DOS AUTORES,1,0,0.50,Negar provimento,0,rule
Decisão,NEGADA A REVISTA DOS AUTORES E CONCEDIDA A DO RÉU.,1,0,0.29,Negar provimento,0,rule
Decisão,NEGADA A REVISTA DOS AUTORES. CONCEDIDA A REVISTA DA RÉ,1,0,0.25,Conceder provimento parcialmente,1,rule:multi-part
Decisão,NEGADA A REVISTA DOS AUTORES; CONCEDIDA A REVISTA DOS RÉUS,1,0,0.24,Negar provimento,0,rule
Decisão,NEGADA A REVISTA DOS EXECUTADOS; CONCEDIDA PARCIALMENTE A REVISTA DOS EXEQUENTES,1,0,0.26,Negar provimento,0,rule
Decisão,NEGADA A REVISTA DOS RECORRENTES EE E DD,1,0,0.28,Negar provimento,0,rule
Decisão,"NEGADA A REVISTA DOS REQUERIDOS E CONCEDIDA A REVISTA DO CREDOR BPP, SA.",1,0,0.21,Negar provimento,0,rule
Decisão,NEGADA A REVISTA DOS REUS E ORDENADA A BAIXA DOS AUTOS,1,0,0.41,Ordenar baixa dos autos,0,rule
Decisão,NEGADA A REVISTA DOS RR. CONCEDIDA EM PARTE A REVISTA  DA AUTORA,1,0,0.24,Conceder provimento parcialmente,1,rule:multi-part
Decisão,NEGADA A REVISTA DOS RÉUS E CONCEDIDA EM PARTE A REVISTA DAS RÉS,1,0,0.22,Negar provimento,0,rule
Decisão,NEGADA A REVISTA DOS RÉUS. CONCEDIDA A REVISTA DA INTERVENIENTE,1,0,0.24,Conceder provimento parcialmente,1,rule:multi-part
Decisão,NEGADA A REVISTA E CONFIRMA-SE O ACÓRDÃO RECORRIDO,1,0,0.24,Negar provimento,0,rule
Decisão,NEGADA A REVISTA E CONFIRMADA A DECISÃO RECORRIDA,1,0,0.27,Confirmar,0,rule
Decisão,NEGADA A REVISTA E CONFIRMADO O ACÓRDÃO RECORRIDO.,1,0,0.22,Confirmar,0,rule
Decisão,NEGADA A REVISTA E CONFIRMARDO O ACÓRDÃO RECORRIDO,1,0,0.24,Negar provimento,0,rule
Decisão,NEGADA A REVISTA E CONVIDAM-SE OS RECORRENTES A ELEGER UM ACÓRDÃO FUNDAMENTO PARA EFEITOS DE REVISTA EXCEPCIONAL,1,0,0.21,Negar provimento,0,rule
Decisão,NEGADA A REVISTA E ESTABELECIDA UNIFORMIZAÇÃO DE JURISPRUDÊNCIA,1,0,0.29,Fixar jurisprudência,0,rule
Decisão,NEGADA A REVISTA E FIXADA A JURISPRUDÊNCIA,1,0,0.45,Fixar jurisprudência,0,rule
Decisão,NEGADA A REVISTA E JULGADO IMPROCEDENTE O PEDIDO DE LITIGÂNCIA DE MÁ FÉ.,1,0,0.25,Negar provimento,0,rule
Decisão,NEGADA A REVISTA E NÃO CONHECIDO O RECURSO SUBORDINADO,1,0,0.22,Não conhecer,0,rule
Decisão,NEGADA A REVISTA E ORDENADA A REMESSA DOS AUTOS À FORMAÇÃO DE JUÍZES A QUE ALUDE O Nº 3 DO ARTIGO 672º DO CÓDIGO DE PROCESSO CIVIL,1,0,0.15,Remeter os autos,0,rule
Decisão,NEGADA A REVISTA E PREJUDICADO O CONHECIMENTO DA AMPLIAÇÃO DO OBJECTO DO RECURSO,1,0,0.22,Negar provimento,0,rule
Decisão,NEGADA A REVISTA E RECTIFICADO O ACÓRDÃO RECORRIDO,1,0,0.24,Negar provimento,0,rule
Decisão,NEGADA A REVISTA E REMESSA À FORMAÇÃO,1,0,0.32,Remeter os autos,0,rule
Decisão,NEGADA A REVISTA E UNIFORMIZADA JURISPRUDÊNCIA,1,0,0.39,Fixar jurisprudência,0,rule
Decisão,NEGADA A REVISTA EM PARTE. DETERMINADA A DEVOLUÇÃO DOS AUTOS À 1ª INSTÂNCIA,1,0,0.27,Negar provimento,1,rule:multi-part
Decisão,NEGADA A REVISTA INDEFERIDO O REENVIO PREJUDICIAL REQUERIDO,1,0,0.27,Indeferir,0,rule
Decisão,NEGADA A REVISTA INTERPOSTA PELO FUNDO DE GARANTIA AUTOMÓVEL.,1,0,0.25,Negar provimento,0,rule
Decisão,NEGADA A REVISTA INTERPOSTA PELO RÉU E CONCEDIDA A REVISTA INTERPOSTA PELA AUTORA,1,0,0.21,Negar provimento,0,rule
Decisão,NEGADA A REVISTA MAS ALTERADA A DECISÃO,1,0,0.31,Sem informação,0,rule
Decisão,NEGADA A REVISTA MAS COM FUNDAMENTOS NÃO COINCIDENTES COM O ACÓRDÃO RECORRIDO,1,0,0.21,Negar provimento,0,rule
Decisão,NEGADA A REVISTA NA PARTE ADMITIDA DO RECURSO,1,0,0.27,Negar provimento,0,rule
Decisão,NEGADA A REVISTA NA PARTE EM QUE NÃO SE CONHECEU DO OBJECTO DA APELAÇÃO NÃO SE CONHECENDO DO OBJECTO DO RECURSO QUANTO AO MAIS.,1,0,0.15,Não conhecer,0,rule
Decisão,NEGADA A REVISTA NORMA; ORDENADA A REMESSA À FORMAÇÃO PARA APRECIAÇÃO DOS PRESSUPOSTOS DA REVISTA EXCEPCIONAL INTERPOSTA.,1,0,0.18,Remeter os autos,0,rule
Decisão,NEGADA A REVISTA NORMAL,1,0,0.39,Negar provimento,0,rule
Decisão,NEGADA A REVISTA NORMAL E ORDENADO O REENVIO À FORMAÇÃO PARA APRECIAÇÃO DA ADMISSIBILIDADE DA REVISTA EXCEPCIONAL,1,0,0.19,Ordenar baixa dos autos,0,rule
Decisão,NEGADA A REVISTA NORMAL E REMESSA À FORMAÇÃO NO DEMAIS,1,0,0.24,Remeter os autos,0,rule
Decisão,NEGADA A REVISTA NORMAL E REMETIDO O PROCESSO À FORMAÇÃO,1,0,0.25,Remeter os autos,0,rule
Decisão,NEGADA A REVISTA NORMAL.,1,0,0.39,Negar provimento,0,rule
Decisão,NEGADA A REVISTA NORMAL. REMETIDO À FORMAÇÃO,1,0,0.30,Negar provimento,1,rule:multi-part
Decisão,NEGADA A REVISTA NORMAL;,1,0,0.39,Negar provimento,0,rule
Decisão,NEGADA A REVISTA NORMAL;,1,0,0.39,Negar provimento,0,rule
Decisão,NEGADA A REVISTA NOS TERMOS GERAIS,1,0,0.32,Negar provimento,0,rule
Decisão,NEGADA A REVISTA NÃO SE TOMANDO CONHECIMENTO DO RECURSO SUBORDINADO.,1,0,0.22,Negar provimento,0,rule
Decisão,NEGADA A REVISTA ORDINÁRIA E REMESSA À FORMAÇÃO,1,0,0.30,Remeter os autos,0,rule
Decisão,NEGADA A REVISTA ORDINÁRIA/REMESSA DO PROCESSO À FORMAÇÃO (REVISTA EXCECIONAL),1,0,0.22,Remeter os autos,0,rule
Decisão,NEGADA A REVISTA PELA RÉ. CONCEDIDA PARCIALMENTE PELO AUTOR.,1,0,0.31,Conceder provimento parcialmente,1,rule:multi-part
Decisão,NEGADA A REVISTA PELO RECLAMANTE  DD E CONCEDIDA EM PARTE AO RECLAMANTE CC,1,0,0.25,Negar provimento,0,rule
Decisão,NEGADA A REVISTA POR MAIORIA,1,0,0.32,Negar provimento,0,rule
Decisão,NEGADA A REVISTA POR MAIORIA.,1,0,0.32,Negar provimento,0,rule
Decisão,NEGADA A REVISTA PRINCIPAL / CONCEDIDA PARCIALMENTE A REVISTA SUBORDINADA,1,0,0.26,Negar provimento,0,rule
Decisão,NEGADA A REVISTA PRINCIPAL DO AUTOR. CONCEDIDA A REVISTA SUBORDINADA  DA RÉ,1,0,0.22,Conceder provimento parcialmente,1,rule:multi-part
Decisão,NEGADA A REVISTA PRINCIPAL E CONCEDIDA A REVISTA SUBORDINADA,1,0,0.25,Negar provimento,0,rule
Decisão,NEGADA A REVISTA PRINCIPAL E CONCEDIDA A SUBORDINADA,1,0,0.27,Negar provimento,0,rule
Decisão,NEGADA A REVISTA PRINCIPAL E CONCEDIDA EM PARTE A REVISTA SUBORDINADA,1,0,0.23,Negar provimento,0,rule
Decisão,NEGADA A REVISTA PRINCIPAL E NEGADA A REVISTA SUBORDINADA,1,0,0.26,Negar provimento,0,rule
Decisão,NEGADA A REVISTA PRINCIPAL E NEGADO O RECURSO SUBORDINADO,1,0,0.23,Negar provimento,0,rule
Decisão,NEGADA A REVISTA PRINCIPAL E PARCIALMENTE PROCEDENTE A REVISTA,1,0,0.29,Negar provimento,0,rule
Decisão,NEGADA A REVISTA PRINCIPAL E REVISTA SUBORDINADA,1,0,0.29,Negar provimento,0,rule
Decisão,"NEGADA A REVISTA PRINCIPAL, CONCEDIDA A REVISTA SUBORDINADA",1,0,0.25,Negar provimento,0,rule
Decisão,NEGADA A REVISTA PRINCIPAL. CONCEDIDA A REVISTA SUBORDINADA,1,0,0.25,Conceder provimento parcialmente,1,rule:multi-part
Decisão,NEGADA A REVISTA PRINCIPAL. NÃO CONHECE A REVISTA SUBORDINADA,1,0,0.26,Negar provimento,1,rule:multi-part
Decisão,NEGADA A REVISTA QUANTO AO PEDIDO PRINCIPAL E CONCEDIDA QUANTO À RECONVENÇÃO,1,0,0.22,Negar provimento,0,rule
Decisão,NEGADA A REVISTA QUANTO À ARGUIDA NULIDADE; DETERMINADA A AMPLIAÇÃO DA DECISÃO SOBRE A MATÉRIA DE FACTO,1,0,0.17,Negar provimento,0,rule
Decisão,NEGADA A REVISTA QUANTO À IMPUGNAÇÃO DA MATÉRIA DE FACTO. REMETER OS AUTOS À FORMAÇÃO,1,0,0.20,Negar provimento,1,rule:multi-part
Decisão,NEGADA A REVISTA QUANTO À MATÉRIA DE FACTO,1,0,0.29,Negar provimento,0,rule
Decisão,NEGADA A REVISTA QUANTO À MATÉRIA DE FACTO. ORDENADA A REMESSA À FORMAÇÃO,1,0,0.22,Negar provimento,1,rule:multi-part
Decisão,NEGADA A REVISTA QUANTO À QUESTÃO DA COMPETÊNCIA,1,0,0.35,Negar provimento,0,rule
Decisão,NEGADA A REVISTA SUBORDINADA CONCEDIDA PARCIALMENTE A REVISTA PRINCIPAL,1,0,0.27,Negar provimento,0,rule
Decisão,NEGADA A REVISTA SUBORDINADA DA RÉ,1,0,0.26,Negar provimento,0,rule
Decisão,NEGADA A REVISTA À AUTORA. CONCEDER A REVISTA À RÉ,1,0,0.26,Conceder provimento parcialmente,1,rule:multi-part
Decisão,NEGADA A REVISTA À RÉ E CONCEDIDA AO AUTOR.,1,0,0.31,Negar provimento,0,rule
Decisão,NEGADA A REVISTA À RÉ; CONCEDIDA PARCIALMENTE AO AUTOR,1,0,0.33,Negar provimento,0,rule
Decisão,"NEGADA A REVISTA,",1,0,0.44,Negar provimento,0,rule
Decisão,"NEGADA A REVISTA, CONCEDIDA PARCIALMENTE REVISTA NO RECURSO DO A. E DO RÉ",1,0,0.27,Negar provimento,1,rule:multi-part
Decisão,"NEGADA A REVISTA, CONFIRMADA A SENTENÇA DA PRIMEIRA INSTÂNCIA.",1,0,0.33,Confirmar,0,rule
Decisão,"NEGADA A REVISTA, CONFIRMADO O ACÓRDÃO DA RELAÇÃO",1,0,0.27,Confirmar,0,rule
Decisão,"NEGADA A REVISTA, CONFIRMADO O ACÓRDÃO IMPUGNADO",1,0,0.25,Confirmar,0,rule
Decisão,"NEGADA A REVISTA, DEVENDO ENVIAR-SE À FORMAÇÃO PARA CONHECER DA REVISTA EXCECIONAL A TÍTULO SUBSIDIÁRIO.",1,0,0.17,Negar provimento,0,rule
Decisão,"NEGADA A REVISTA, NA PARTE RESPEITANTE À VIOLAÇÃO DA LEI ADJECTIVA E, NO DEMAIS, REMETER OS AUTOS À FORMAÇÃO DE JUÍZES A QUE ALUDE O Nº. 3 DO ARTº. 672º DO C.P.CIVIL",1,0,0.13,Remeter os autos,1,rule:multi-part
Decisão,"NEGADA A REVISTA, NO QUE CONCERNE À VIOLAÇÃO DAS REGRAS DO DIREITO PROBATÓRIO MATERIAL;",1,0,0.22,Negar provimento,0,rule
Decisão,"NEGADA A REVISTA, POR MAIORIA.",1,0,0.31,Negar provimento,0,rule
Decisão,NEGADA A REVISTA.  CONCEDIDA A REVISTA.,1,0,0.27,Conceder provimento parcialmente,1,rule:multi-part
Decisão,NEGADA A REVISTA. CONCEDIDA A REVISTA. PROVIDO.,1,0,0.28,Conceder provimento parcialmente,1,rule:multi-part
Decisão,NEGADA A REVISTA. CONFIRMADO O ACÓRDÃO RECORRIDO,1,0,0.23,Negar provimento,1,rule:multi-part
Decisão,"NEGADA A REVISTA. DETERMINANDO-SE, CONTUDO, A BAIXA DO",1,0,0.24,Negar provimento,1,rule:multi-part
Decisão,NEGADA A REVISTA. NÃO AUTORIZADA A REVISÃO.,1,0,0.29,Negar provimento,1,rule:multi-part
Decisão,NEGADA A REVISTA. PROVIDA PARCIALMENTE A REVISTA.,1,0,0.35,Conceder provimento parcialmente,1,rule:multi-part
Decisão,NEGADA A REVISTA. PROVIDO PARCIAL.,1,0,0.33,Conceder provimento parcialmente,1,rule:multi-part
Decisão,NEGADA A REVISTA. REMETIDOS OS AUTOS À FORMAÇÃO PARA APRECIAÇÃO DA ADMISSÃO DA REVISTA EXCEPCIONAL.,1,0,0.18,Negar provimento,1,rule:multi-part
Decisão,NEGADA A REVISTA. REVOGADA A DECISÃO.,1,0,0.28,Negar provimento,1,rule:multi-part
Decisão,NEGADA A REVISTA.INDEFERIDO O PEDIDO DE CONDENAÇÃO DA AUTORA COMO LITIGANTE DE MÁ FÉ,1,0,0.21,Negar provimento,1,rule:multi-part
Decisão,NEGADA A REVISTA:,1,0,0.44,Negar provimento,0,rule
Decisão,"NEGADA A REVISTA; REMETIDOS OS AUTOS À FORMAÇÃO PARA VERIFICAÇÃO DOS PRESSUPOSTOS DO DISPOSTO NO ARTº. 672º, Nº 3 CO CPCIVIL.",1,0,0.15,Remeter os autos,1,rule:multi-part
Decisão,NEGADA A REVISÂO,1,0,0.44,Negar provimento,0,rule
Decisão,NEGADA A REVISÃO DA DECISÃO,1,0,0.37,Negar provimento,0,rule
Decisão,NEGADA A REVISÃO DA SENTENÇA,1,0,0.50,Negar provimento,0,rule
Decisão,NEGADA A REVISÃO PEDIDA,1,0,0.39,Negar provimento,0,rule
Decisão,"NEGADA A REVISÃO,",1,0,0.44,Negar provimento,0,rule
Decisão,NEGADA A REVITA,1,0,0.44,Negar provimento,0,rule
Decisão,NEGADA A REVSITA.,1,0,0.38,Negar provimento,0,rule
Decisão,NEGADA A RREVISTA,1,0,0.41,Negar provimento,0,rule
Decisão,NEGADA AS REVISTAS INDEPENDENTES E SUBORDINADAS,1,0,0.28,Negar provimento,0,rule
Decisão,NEGADA COM DECLARAÇÃO DE VOTO,1,0,0.31,Negar provimento,0,rule
Decisão,NEGADA COM VOTO VENCIDA,1,0,0.48,Negar provimento,0,rule
Decisão,NEGADA D REVISTA.,1,0,0.44,Negar provimento,0,rule
Decisão,NEGADA DA REVISTA,1,0,0.41,Negar provimento,0,rule
Decisão,NEGADA DA REVISÃO,1,0,0.41,Negar provimento,0,rule
Decisão,NEGADA DISTRIBUIÇÃO COMO REVISTA EXCECIONAL,1,0,0.33,Sem informação,0,rule
Decisão,NEGADA EM PARTE A REVISTA DO A E NEGADA A REVISTA DA R,1,0,0.26,Negar provimento,0,rule
Decisão,NEGADA EM PARTE A REVISTA E NÃO CONHECIDO EM PARTE O SEU OBJECTO,1,0,0.23,Não conhecer,0,rule
Decisão,NEGADA EM PARTE A REVISTA E NÃO CONHECIMENTO DO OBJECTO DO DA OUTRA,1,0,0.22,Não conhecer,0,rule
Decisão,NEGADA EM PARTE A REVISTA E ORDENADA A REMESSA DOS AUTOS,1,0,0.32,Remeter os autos,0,rule
Decisão,NEGADA O PEDIDO DE REVISÃO,1,0,0.35,Negar provimento,0,rule
Decisão,NEGADA PARCIALMENTE A REVISTA,1,0,0.38,Negar provimento,0,rule
Decisão,NEGADA PARCIALMENTE A REVISTA DO A./ NEGADA PARCIALMENTE A REVISTA DO R. / CONCEDIDA A REVISTA DO FGA,1,0,0.20,Conceder provimento parcialmente,1,rule:multi-part
Decisão,NEGADA PARCIALMENTE A REVISTA E BAIXA DOS AUTOS À RELAÇÃO,1,0,0.37,Ordenar baixa dos autos,0,rule
Decisão,NEGADA PARCIALMENTE A REVISTA E REMETIDO PARA O TRIBUNAL DA RELAÇÃO (AMPLIAÇÃO DA MATÉRIA DE FACTO).,1,0,0.20,Remeter os autos,0,rule
Decisão,"NEGADA PARCIALMENTE A REVISTA, REENVIADO À FORMAÇÃO",1,0,0.27,Ordenar baixa dos autos,0,rule
Decisão,NEGADA PARCIALMENTE A REVISTA. DECIDIDO NÃO TOMAR CONHECIMENTO.,1,0,0.27,Negar provimento,1,rule:multi-part
Decisão,NEGADA PROVIDÊNCIA,1,0,0.67,Negar provimento,0,rule
Decisão,NEGADA PROVIDÊNCIA AO RECURSO,1,0,0.45,Negar provimento,0,rule
Decisão,NEGADA PROVIMENTO AOS RECURSOS,1,0,0.50,Negar provimento,0,rule
Decisão,NEGADA REVISTA A.CONCEDIDA PARCIALMENTE REVISTA R.,1,0,0.33,Conceder provimento parcialmente,1,rule:multi-part
Decisão,NEGADA REVISTA A.CONCEDIDA RE SOC.,1,0,0.30,Conceder provimento parcialmente,1,rule:multi-part
Decisão,NEGADA REVISTA AO RÉU; CONCEDIDA PARCIALMENTE A REVISTA AOS AUTORES,1,0,0.28,Negar provimento,0,rule
Decisão,NEGADA REVISTA AOS RÉUS,1,0,0.35,Negar provimento,0,rule
Decisão,NEGADA REVISTA AUTORA. CONCEDIDA PARCIALMENTE REVISTA RÉ.,1,0,0.30,Conceder provimento parcialmente,1,rule:multi-part
Decisão,NEGADA REVISTA DA AUTORA; CONCEDIDA EM PARTE A REVISTA DO RÉU,1,0,0.23,Negar provimento,0,rule
Decisão,"NEGADA REVISTA DA RÉ. CONCEDIDA, EM PARTE, A REVISTA  DOS AA.",1,0,0.24,Conceder provimento parcialmente,1,rule:multi-part
Decisão,NEGADA REVISTA DA RÉ; CONCEDIDA EM PARTE A DA AUTORA,1,0,0.27,Negar provimento,0,rule
Decisão,NEGADA REVISTA DAS RÉS; CONCEDIDA PARCIALMENTE A DO AUTOR,1,0,0.30,Negar provimento,0,rule
Decisão,NEGADA REVISTA DO A.,1,0,0.42,Negar provimento,0,rule
Decisão,NEGADA REVISTA DO A. E CONCEDIDA PARCIALMENTE A REVISTA DO R.,1,0,0.28,Conceder provimento parcialmente,1,rule:multi-part
Decisão,NEGADA REVISTA DO AUTOR E CONCEDIDA REVISTA DA RÉ,1,0,0.27,Negar provimento,0,rule
Decisão,"NEGADA REVISTA DO AUTOR,  CONCEDIDA PARCIALMENTE PROVIMENTO À RÉ",1,0,0.30,Negar provimento,0,rule
Decisão,"NEGADA REVISTA DOS AUTORES, CONCEDIDA A REVISTA DOS RÉUS E INTERVENIENTES",1,0,0.23,Negar provimento,0,rule
Decisão,NEGADA REVISTA NORMAL; REMESSA FORMAÇÃO,1,0,0.31,Remeter os autos,0,rule
Decisão,NEGADA REVISTA R/CONC PARTE INTERVENIENTE,1,0,0.32,Negar provimento,0,rule
Decisão,NEGADA REVISTA RÉU; CONCEDIDA PARCIALMENTE AU,1,0,0.38,Negar provimento,0,rule
Decisão,NEGADA REVISTA À RÉ,1,0,0.37,Negar provimento,0,rule
Decisão,NEGADA REVISTA À RÉ.,1,0,0.37,Negar provimento,0,rule
Decisão,"NEGADA REVISTA, CONFIRMAR O ACÓRDÃO RECORRIDO E FIXADA A INTERPRETAÇÃO",1,0,0.24,Negar provimento,0,rule
Decisão,NEGADA UMA REVISTA,1,0,0.39,Negar provimento,0,rule
Decisão,NEGADA.,1,0,0.29,Negar provimento,0,rule
Decisão,NEGADAA REVISTA.,1,0,0.44,Negar provimento,0,rule
Decisão,NEGADAS  AS REVISTAS,1,0,0.37,Negar provimento,0,rule
Decisão,NEGADAS A REVISÃO PRINCIPAL E SUBORDINADA,1,0,0.29,Negar provimento,0,rule
Decisão,NEGADAS AMBAS AS REVISTAS COM O NÃO CONHECIMENTO PARCIAL DO SEU OBJECTO.,1,0,0.27,Não conhecer,0,rule
Decisão,NEGADAS AS REVISTAS (INDEPENDENTE E SUBORDINADA),1,0,0.27,Negar provimento,0,rule
Decisão,NEGADAS AS REVISTAS DAS AA E CONCEDER A REVISTA DO R,1,0,0.25,Negar provimento,0,rule
Decisão,NEGADAS AS REVISTAS DOS AUTORES E DA RÉ,1,0,0.38,Negar provimento,0,rule
Decisão,NEGADAS AS REVISTAS DOS RÉUS E A AMPLIAÇÃO DO RECURSO DO AUTOR,1,0,0.27,Negar provimento,0,rule
Decisão,NEGADAS AS REVISTAS PRINCIPAL E SUBORDINADA,1,0,0.30,Negar provimento,0,rule
Decisão,NEGADAS AS REVISTAS. CONHECIMENTO PREJUDICADO,1,0,0.29,Negar provimento,1,rule:multi-part
Decisão,NEGADO A PROVIDÊNCIA,1,0,0.60,Negar provimento,0,rule
Decisão,NEGADO A REVISTA,1,0,0.44,Negar provimento,0,rule
Decisão,NEGADO O AGRAVO,1,0,0.38,Negar provimento,0,rule
Decisão,NEGADO O AGRAVO.,1,0,0.38,Negar provimento,0,rule
Decisão,NEGADO O PEDIDO DE ACLARAÇÃO / REFORMA.,1,0,0.24,Sem informação,0,rule
Decisão,NEGADO O PEDIDO DE HABEAS CORPUS.,1,0,0.28,Negar provimento,0,rule
Decisão,NEGADO O PEDIDO DE REFORMA,1,0,0.31,Negar provimento,0,rule
Decisão,NEGADO O PEDIDO DE REVISÃO,1,0,0.35,Negar provimento,0,rule
Decisão,NEGADO O RECURSO DE REVISTA,1,0,0.33,Negar provimento,0,rule
Decisão,NEGADO O RECURSO.,1,0,0.44,Negar provimento,0,rule
Decisão,NEGADO PARCIALMENTE,1,0,0.58,Negar provimento,0,rule
Decisão,NEGADO PARCIALMENTE A REVISTA DETERMINANDO A REMESSA DO PROCESO À FORMAÇÃO DO Nº 3 DO ARTº 672º CPC,1,0,0.18,Remeter os autos,0,rule
Decisão,NEGADO PARCIALMENTE.,1,0,0.58,Negar provimento,0,rule
Decisão,NEGADO PEOVIMENTO,1,0,0.82,Negar provimento,0,rule
Decisão,NEGADO POVIMENTO,1,0,0.81,Negar provimento,0,rule
Decisão,NEGADO POVIMENTO.,1,0,0.81,Negar provimento,0,rule
Decisão,NEGADO PRIOVIMENTO,1,0,0.83,Negar provimento,0,rule
Decisão,NEGADO PRIVIMENTO.,1,0,0.82,Negar provimento,0,rule
Decisão,NEGADO PROOVIMENTO.,1,0,0.83,Negar provimento,0,rule
Decisão,NEGADO PROVIDÊNCIA,1,0,0.67,Negar provimento,0,rule
Decisão,NEGADO PROVIEMNTO,1,0,0.76,Negar provimento,0,rule
Decisão,NEGADO PROVIENTO AO RECURSO,1,0,0.48,Negar provimento,0,rule
Decisão,NEGADO PROVIMEMTO.,1,0,0.82,Negar provimento,0,rule
Decisão,NEGADO PROVIMENOTO.,1,0,0.83,Negar provimento,0,rule
Decisão,NEGADO PROVIMENTO  A DOIS RECURSOS E PROVIDO PARCIALMENTE OUTRO,1,0,0.37,Negar provimento,0,rule
Decisão,NEGADO PROVIMENTO - NEGADA A REVISTA.,1,0,0.42,Negar provimento,0,rule
Decisão,NEGADO PROVIMENTO A TODOS OS RECURSOS.,1,0,0.41,Negar provimento,0,rule
Decisão,NEGADO PROVIMENTO A UM RECURSO E PROVIDO OUTRO.,1,0,0.33,Negar provimento,0,rule
Decisão,NEGADO PROVIMENTO AGRAVO EXECUTADA; PROVIDO AGRAVO EXEQUENTE,1,0,0.32,Negar provimento,0,rule
Decisão,NEGADO PROVIMENTO AO AGRAVO E À REVISTA.,1,0,0.41,Negar provimento,0,rule
Decisão,"NEGADO PROVIMENTO AO AGRAVO, ANULAR PARCIALMENTE O ACÓRDÃO RECORRIDO E DEVOLVER OS AUTOS À RELAÇÃO PARA QUE PROCEDA NOS TERMOS ORDENADOS PELO STJ EM 17-11-2016",1,0,0.15,Negar provimento,0,rule
Decisão,NEGADO PROVIMENTO AO AGRAVO; NEGADA A REVISTA,1,0,0.36,Negar provimento,0,rule
Decisão,NEGADO PROVIMENTO AO RECURSO CONFIRMANDO A DECISÃO RECORRIDA,1,0,0.28,Negar provimento,0,rule
Decisão,NEGADO PROVIMENTO AO RECURSO DA ARGUIDA; CONCEDIDO EM PARTE PROVIMENTO AO RECURSO DO MINISTÉRIO PÚBLICO,1,0,0.25,Negar provimento,0,rule
Decisão,"NEGADO PROVIMENTO AO RECURSO DA ARGUIDA; CONCEDIDO PROVIMENTO AO RECURSO DO ARGUIDO BB; , ALTERADA A DECISÃO RECORRIDA RELATIVAMENTE AO ARGUIDO CC.",1,0,0.20,Sem informação,0,rule
Decisão,NEGADO PROVIMENTO AO RECURSO DA AUTORA / CONCEDIDO PROVIMENTO PARCIAL  AO RECURSO DA RÉ,1,0,0.31,Negar provimento,0,rule
Decisão,NEGADO PROVIMENTO AO RECURSO DA RECORRIDA E PROVIDO O RECURSO DOS RECORRENTES,1,0,0.26,Negar provimento,0,rule
Decisão,NEGADO PROVIMENTO AO RECURSO DA RÉ SÓPALHA. CONCEDIDO PROVIMENTO AO RECURSO SUBORDINADO DO AUTOR,1,0,0.24,Conceder provimento parcialmente,1,rule:multi-part
Decisão,NEGADO PROVIMENTO AO RECURSO DA RÉ SÓPALHA.CONCEDIDO PROVIMENTO AO RECURSO SUBORDINADO DO AUTOR.,1,0,0.24,Conceder provimento parcialmente,1,rule:multi-part
Decisão,NEGADO PROVIMENTO AO RECURSO DO AA E PROVIDO O RECURSO DO M. P. .,1,0,0.26,Negar provimento,1,rule:multi-part
Decisão,NEGADO PROVIMENTO AO RECURSO DO ARGUIDO A E PROVIDO EM PARTE O DO ARGUIDO B,1,0,0.24,Negar provimento,0,rule
Decisão,NEGADO PROVIMENTO AO RECURSO DO ARGUIDO AA,1,0,0.36,Negar provimento,0,rule
Decisão,NEGADO PROVIMENTO AO RECURSO DO ARGUIDO BB,1,0,0.36,Negar provimento,0,rule
Decisão,NEGADO PROVIMENTO AO RECURSO DO ARGUIDO E PROVIDO EM PARTE O DA ASSITENTE,1,0,0.27,Negar provimento,0,rule
Decisão,NEGADO PROVIMENTO AO RECURSO E MANTIDA INTEGRALMENTE A DECISÃO RECORRIDA,1,0,0.29,Negar provimento,0,rule
Decisão,NEGADO PROVIMENTO AO RECURSO E MANTIDO O DECIDIDO NO ACÓRDÃO RECORRIDO,1,0,0.24,Negar provimento,0,rule
Decisão,NEGADO PROVIMENTO AO RECURSO E REJEITADO QUANTO À SUB-ROGAÇÃO,1,0,0.28,Rejeitar,0,rule
Decisão,NEGADO PROVIMENTO AO RECURSO E UNIFORMIZADA A JURISPRUDÊNCIA,1,0,0.30,Fixar jurisprudência,0,rule
Decisão,NEGADO PROVIMENTO AO RECURSO INTERPOSTO PELO ARGUIDO / PROVIDO EM PARTE O RECURSO DO MINISTÉRIO PÚBLICO E DOS ASSISTENTES NA PARTE CRIMINAL / PROVIDO O RECURSO INTERPOSTO PELOS ASSISTENTES NA PARTE CÍVEL.,1,0,0.14,Negar provimento,0,rule
Decisão,NEGADO PROVIMENTO AO RECURSO INTERPOSTO.,1,0,0.41,Negar provimento,0,rule
Decisão,NEGADO PROVIMENTO AO RECURSO SUBORDINADO,1,0,0.38,Negar provimento,0,rule
Decisão,"NEGADO PROVIMENTO AO RECURSO, CONFIRMANDO-SE O ACÓRDÃO AGRAVADO.",1,0,0.25,Negar provimento,0,rule
Decisão,NEGADO PROVIMENTO AO RECURSO; REVOGADA A DECISÃO QUANTO AO PEDIDO CÍVEL,1,0,0.25,Revogar,0,rule
Decisão,NEGADO PROVIMENTO AOS RECURSOS DE CC E DD.,1,0,0.37,Negar provimento,0,rule
Decisão,NEGADO PROVIMENTO AOS RECURSOS.,1,0,0.50,Negar provimento,0,rule
Decisão,NEGADO PROVIMENTO DE RECURSO DO RECORRENTE,1,0,0.40,Negar provimento,0,rule
Decisão,NEGADO PROVIMENTO DO AGRAVO,1,0,0.56,Negar provimento,0,rule
Decisão,NEGADO PROVIMENTO DO RECURSO,1,0,0.54,Negar provimento,0,rule
Decisão,"NEGADO PROVIMENTO DO RECURSO DO ARGUIDO, PROVIDO O RECURSO DO Mº Pº",1,0,0.22,Negar provimento,0,rule
Decisão,NEGADO PROVIMENTO DO RECURSO DO I.P.O E CONCEDIDO PROVIMENTO PARCIAL AO RECURSO DO CC,1,0,0.31,Conceder provimento parcialmente,1,rule:multi-part
Decisão,NEGADO PROVIMENTO EM PARTE CRIMINAL,1,0,0.46,Negar provimento,0,rule
Decisão,NEGADO PROVIMENTO EM PARTE E NÃO CONHECIMENTO PARCIAL,1,0,0.36,Não conhecer,0,rule
Decisão,NEGADO PROVIMENTO EXCEPTO QUANTO À CONDENAÇÃO EM CUSTAS QUE É REVOGADA,1,0,0.26,Revogar,0,rule
Decisão,NEGADO PROVIMENTO O RECURSO AO MÁRCIO E PROVIDO DO MINISTÉRIO PÚBLICO,1,0,0.28,Negar provimento,0,rule
Decisão,NEGADO PROVIMENTO QUANTO À MEDIDA DA PENA E REJEITADO QUANTO AO DEMAIS,1,0,0.27,Rejeitar,0,rule
Decisão,"NEGADO PROVIMENTO QUANTO À PENA PARCELAR DO HOMICIDIO E DA PENA ÚNICA, E REJEITADO QUANTO AO DEMAIS",1,0,0.21,Rejeitar,0,rule
Decisão,"NEGADO PROVIMENTO QUANTO À PENA ÚNICA E QUANTO AOS DOIS PEDIDOS CÍVEIS DE EE E CC, E REJEITADO QUANTO AO DEMAIS.",1,0,0.17,Rejeitar,0,rule
Decisão,NEGADO PROVIMENTO QUANTO À PENA ÚNICA E REJEITADO QUANTO AO DEMAIS,1,0,0.29,Rejeitar,0,rule
Decisão,NEGADO PROVIMENTO QUANTO À PENA ÚNICA E REJEITADO QUANTO AOS DEMAIS SEGMENTOS DO RECURSO,1,0,0.24,Rejeitar,0,rule
Decisão,NEGADO PROVIMENTO QUANTO À PENA ÚNICA E REJEITADO QUANTO À MATÉRIA DE FACTO E PENAS PARCELARES,1,0,0.21,Rejeitar,0,rule
Decisão,"NEGADO PROVIMENTO QUANTO À PENA ÚNICA, REJEITADO QUANTO AO DEMAIS",1,0,0.29,Rejeitar,0,rule
Decisão,NEGADO PROVIMENTO UM E PROVIDO PARCIALMENTE O OUTRO.,1,0,0.45,Negar provimento,0,rule
Decisão,NEGADO PROVIMENTO UM E PROVIDO PARCIALMENTE OUTRO.,1,0,0.47,Negar provimento,0,rule
Decisão,NEGADO PROVIMENTO UM RECURSO E PROVIDO PARCIALMENTE O OUTRO,1,0,0.39,Negar provimento,0,rule
Decisão,NEGADO PROVIMENTO À REVISTA / UNIFORMIZADA JURISPRUDÊNCIA,1,0,0.32,Fixar jurisprudência,0,rule
Decisão,NEGADO PROVIMENTO À REVISTA DA RÉ; CONCEDIDO PROVIMENTO PARCIAL À REVISTA DA AUTORA AA,1,0,0.31,Negar provimento,0,rule
Decisão,"NEGADO PROVIMENTO À REVISTA DO 1.º R;  CONCEDIDO, EM PARTE, PROVIMENTO À REVISTA DO R./ FGA.",1,0,0.26,Conceder provimento parcialmente,1,rule:multi-part
Decisão,NEGADO PROVIMENTO À REVISTA DO AUTOR E CONCEDIDO PARCIALMENTE PROVIMENTO A REVISTA À RÉ,1,0,0.26,Negar provimento,0,rule
Decisão,NEGADO PROVIMENTO À REVISTA PRINCIPAL E CONCEDIDO PROVIMENTO PARCIAL À REVISTA SUBORDINADA.,1,0,0.30,Negar provimento,0,rule
Decisão,NEGADO PROVIMENTO.  CONFIRMADA A DECISÃO.,1,0,0.38,Negar provimento,1,rule:multi-part
Decisão,NEGADO PROVIMENTO.  NEGADA A REVISTA.,1,0,0.43,Negar provimento,1,rule:multi-part
Decisão,NEGADO PROVIMENTO.  TIRADO ASSENTO.,1,0,0.48,Negar provimento,1,rule:multi-part
Decisão,NEGADO PROVIMENTO. ALTERADA A DECISÃO. REJEITADO O RECURSO.,1,0,0.31,Negar provimento,1,rule:multi-part
Decisão,NEGADO PROVIMENTO. ALTERADA A DECISãO.,1,0,0.41,Negar provimento,1,rule:multi-part
Decisão,NEGADO PROVIMENTO. ALTERADA A ESPECIE DE RECURSO.,1,0,0.33,Negar provimento,1,rule:multi-part
Decisão,NEGADO PROVIMENTO. ALTERADA A ESPECIE DO RECURSO.,1,0,0.31,Negar provimento,1,rule:multi-part
Decisão,NEGADO PROVIMENTO. ALTERADA A ESPÉCIE DE RECURSO.,1,0,0.33,Negar provimento,1,rule:multi-part
Decisão,NEGADO PROVIMENTO. ALTERADA A INDEMNIZAÇÃO.,1,0,0.36,Negar provimento,1,rule:multi-part
Decisão,NEGADO PROVIMENTO. ALTERADA A QUALIFICAÇÃO JURIDICA.,1,0,0.29,Negar provimento,1,rule:multi-part
Decisão,NEGADO PROVIMENTO. DECLARADA EXTINTA A RESPONSABILIDADE CRIMINAL.,1,0,0.30,Negar provimento,1,rule:multi-part
Decisão,NEGADO PROVIMENTO. DECLARAÇÃO DE COMPETENCIA.,1,0,0.43,Negar provimento,1,rule:multi-part
Decisão,NEGADO PROVIMENTO. INCOMPETENCIA.,1,0,0.50,Negar provimento,1,rule:multi-part
Decisão,NEGADO PROVIMENTO. INCOMPETÊNCIA.,1,0,0.50,Negar provimento,1,rule:multi-part
Decisão,NEGADO PROVIMENTO. JULGADA EXTINTA A RESPONSABILIDADE CRIMINAL.,1,0,0.35,Negar provimento,1,rule:multi-part
Decisão,NEGADO PROVIMENTO. MANDADA AMPLIAR A MATERIA DE FACTO.,1,0,0.34,Negar provimento,1,rule:multi-part
Decisão,NEGADO PROVIMENTO. MANDADA AMPLIAR A MATÉRIA DE FACTO.,1,0,0.34,Negar provimento,1,rule:multi-part
Decisão,NEGADO PROVIMENTO. PROVIDO. PROVIDO PARCIAL.,1,0,0.35,Conceder provimento parcialmente,1,rule:multi-part
Decisão,NEGADO PROVIMETO,1,0,0.81,Negar provimento,0,rule
Decisão,NEGADO PROVIMEWNTO,1,0,0.83,Negar provimento,0,rule
Decisão,NEGADO PROVIMNETO,1,0,0.76,Negar provimento,0,rule
Decisão,NEGADO PROVIMNTO,1,0,0.81,Negar provimento,0,rule
Decisão,NEGADO PROVOIMENTO,1,0,0.83,Negar provimento,0,rule
Decisão,NEGADO PRVIMENTO,1,0,0.81,Negar provimento,0,rule
Decisão,NEGADO PRVIMENTO.,1,0,0.81,Negar provimento,0,rule
Decisão,NEGADO RECURSO,1,0,0.38,Negar provimento,0,rule
Decisão,NEGADO RPOVIMENTO.,1,0,0.76,Negar provimento,0,rule
Decisão,NEGAGA A REVISTA,1,0,0.44,Negar provimento,0,rule
Decisão,NEGAR A REVISTA (MATÉRIA DE FACTO) E REMETER À FORMAÇÃO,1,0,0.27,Remeter os autos,0,rule
Decisão,NEGAR A REVISTA / CONFIRMAR O ACÓRDÃO RECORRIDO.,1,0,0.26,Negar provimento,0,rule
Decisão,NEGAR A REVISTA DA RÉ,1,0,0.43,Negar provimento,0,rule
Decisão,NEGAR A REVISTA NOS TYERMOS GERAIS E REMETER OS AUTOS À FORMAÇÃO,1,0,0.25,Remeter os autos,0,rule
Decisão,NEGAR A REVISTA QUANTO À MATÉRIA DE FACTO E REMETER À FORMAÇÃO NO DEMAIS,1,0,0.22,Remeter os autos,0,rule
Decisão,"NEGAR A REVISTA, CONFIRMANDO-SE O ACÓRDÃO RECORRIDO",1,0,0.25,Negar provimento,0,rule
Decisão,NEGAR AMBAS AS REVISTAS.,1,0,0.35,Negar provimento,0,rule
Decisão,NEGAR AS REVISTAS,1,0,0.47,Negar provimento,0,rule
Decisão,NEGAR AS REVISTAS E CONFIRMAM O ACÓRDÃO RECORRIDO,1,0,0.24,Negar provimento,0,rule
Decisão,NEGAR EM PARTE A REVISTA E NÃO TOMAR CONHECIMENTO NA PARTE RESTANTE,1,0,0.28,Não conhecer,0,rule
Decisão,NEGAR PARCIALMENTE A REVISTA DOS AA E NÃO CONHECER O OBJECTO DO RECURSO DOS RR,1,0,0.19,Não conhecer,0,rule
Decisão,NEGAR PROVIMENTO AO RECURSO INTERPOSTO PELO ARGUIDO,1,0,0.33,Negar provimento,0,rule
Decisão,"NEGAR PROVIMENTO AO RECURSO, MANTENDO INTEGRALMENTE A DECISÃO RECORRIDA;",1,0,0.31,Negar provimento,0,rule
Decisão,NEGAR REVISTA,1,0,0.63,Negar provimento,0,rule
Decisão,NEGASDAS AS REVISTAS.,1,0,0.35,Sem informação,1,fallback:unparsed
Decisão,NEGAÇÃO DE CONFLITO DE COMPETÊNCIA,1,0,0.47,Negar provimento,0,rule
Decisão,NEGAÇÃO DE PROVIMENTO,1,0,0.71,Negar provimento,0,rule
Decisão,"NEGAÇÃO DE PROVOMENTO AO RECURSO, CONFIRMA-SE O ACORDÃO RECORRIDO",1,0,0.29,Negar provimento,0,rule
Decisão,NEGAÇÃO DE REVISTA,1,0,0.39,Negar provimento,0,rule
Decisão,NEGDA A REVISTA.,1,0,0.44,Negar provimento,0,rule
Decisão,NEGEDA A REVISTA,1,0,0.38,Sem informação,1,fallback:unparsed
Decisão,NEGEDA A REVISTA.,1,0,0.38,Sem informação,1,fallback:unparsed
Decisão,NEHADA A REVISTA,1,0,0.38,Sem informação,1,fallback:unparsed
Decisão,NGADO PROVIMENTO.,1,0,0.81,Conceder provimento,0,rule
Decisão,NMEGADA A REVISTA.,1,0,0.41,Sem informação,1,fallback:unparsed
Decisão,NNEGADA A REVISTA.,1,0,0.41,Negar provimento,0,rule
Decisão,NRGADO PROVIMENTO,1,0,0.82,Conceder provimento,0,rule
Decisão,NULIDADE DO ACÓRDÃO,1,0,0.26,Anular,0,rule
Decisão,NUNO CAMEIRA,1,0,0.42,Sem informação,1,fallback:unparsed
Decisão,Negada a Revista do Autor e julgada parcialmente procedente a Revista ampliada da Ré.,1,0,0.21,Negar provimento,0,rule
Decisão,Negada a Revista sobre a violação da lei de processo e remessa à Formação quanto à violação da lei substantiva,1,0,0.17,Remeter os autos,0,rule
Decisão,"Negada a Revista, declarando a competência dos Tribunais",1,0,0.34,Negar provimento,0,rule
Decisão,Negada a revista do autor. Concedido Parcial à revista da ré,1,0,0.27,Conceder provimento parcialmente,1,rule:multi-part
Decisão,Negada a revista quanto à incompetência absoluta,1,0,0.38,Declarar incompetência,0,rule
Decisão,Negadas as Revistas,1,0,0.37,Negar provimento,0,rule
Decisão,Negado o Provimento,1,0,0.79,Negar provimento,0,rule
Decisão,Negar a revista normal e determinar a remessa à Formação para aferir da admissibilidade excepcional,1,0,0.18,Remeter os autos,0,rule
Decisão,NÂO AUTORIZADA A REVISÃO.,1,0,0.29,Negar provimento,0,rule
Decisão,NÃO ADMISSIBILIDADE DO RECURSO,1,0,0.33,Sem informação,1,fallback:unparsed
Decisão,NÃO ADMISSÃO,1,0,0.67,Não admitir,0,rule
Decisão,NÃO ADMISSÃO DE RECURSO,1,0,0.39,Não admitir,0,rule
Decisão,NÃO ADMISSÃO E NÃO CONHECIMENTO DO OBJETO DE AMBAS AS REVISTAS,1,0,0.24,Não conhecer,0,rule
Decisão,NÃO ADMISÃO A REVISTA,1,0,0.43,Sem informação,1,fallback:unparsed
Decisão,NÃO ADMITE A REVISTA EXCEPCIONAL,1,0,0.31,Sem informação,1,fallback:unparsed
Decisão,NÃO ADMITIDA A ABERTURA DE INSTRUÇÃO,1,0,0.31,Não admitir,0,rule
Decisão,NÃO ADMITIDA A REVISTA .,1,0,0.50,Não admitir,0,rule
Decisão,NÃO ADMITIDA A REVISTA DA AUTORA. NEGADA A REVISTA DA RÉ,1,0,0.23,Não admitir,1,rule:multi-part
Decisão,NÃO ADMITIDA A REVISTA DO AUTOR BB; CONCEDIDA A REVISTA DO AUTOR AA.,1,0,0.25,Não admitir,0,rule
Decisão,NÃO ADMITIDA A REVISTA DO PRIMEIRO AUTOR NEGADA A REVISTA A SEGUNDA AUTO,1,0,0.24,Não admitir,0,rule
Decisão,NÃO ADMITIDA A REVISTA EXCECCIONAL,1,0,0.32,Não admitir,0,rule
Decisão,NÃO ADMITIDA A REVISTA EXCECIONAL .,1,0,0.33,Não admitir,0,rule
Decisão,NÃO ADMITIDA A REVISTA EXCEPCIONAL.,1,0,0.32,Não admitir,0,rule
Decisão,NÃO ADMITIDA A REVISTA EXECIONAL.,1,0,0.34,Não admitir,0,rule
Decisão,NÃO ADMITIDA A REVISTA REVISTA EXCECIONAL.,1,0,0.29,Não admitir,0,rule
Decisão,NÃO ADMITIDA A REVISÃI,1,0,0.50,Não admitir,0,rule
Decisão,NÃO ADMITIDA EM PARTE A REVISTA PRINCIPAL. CONCEDIDA PROVIMENTO PARCIAL À REVISTA PEINCIPAL. NEGADO PROVIMENTO AO RECURSO SUBORDINADO,1,0,0.23,Conceder provimento parcialmente,1,rule:multi-part
Decisão,NÃO ADMITIDA O RECURSO DE REVISTA EXCEPCIONAL.,1,0,0.24,Não admitir,0,rule
Decisão,NÃO ADMITIDO E RECURSO,1,0,0.50,Não admitir,0,rule
Decisão,NÃO ADMITIDO O RECURSO DE REVISTA,1,0,0.33,Não admitir,0,rule
Decisão,NÃO ADMITIDO O RECURSO DE UNIFORMIZAÇÃO DE JURISPRUDÊNCIA,1,0,0.32,Fixar jurisprudência,0,rule
Decisão,NÃO ADMITIDO O RECURSO DE UNIFORMIZAÇÃO DE JURISPRUDÊNCIA.,1,0,0.32,Fixar jurisprudência,0,rule
Decisão,NÃO ADMITIDO O RECURSO E INDEFERIDA A RECLAMAÇÃO,1,0,0.25,Não admitir,0,rule
Decisão,NÃO ADMITIDO O RECURSO POR INEXISTÊNCIA DE PRESSUPOSTOS,1,0,0.25,Não admitir,0,rule
Decisão,NÃO ADMITIDO O RECURSO À ARGUIDA CC.,1,0,0.31,Não admitir,0,rule
Decisão,"NÃO ADMITIDO O RECURSO, QUE PARA O PLENO, QUER PARA O PLENÁRIO.",1,0,0.26,Não admitir,0,rule
Decisão,"NÃO ADMITIDO O RECURSO, QUER PARA O PLENO, QUER PARA O PLENÁRIO.",1,0,0.25,Não admitir,0,rule
Decisão,NÃO ADMITIDO O RECURSO. REMETIDO À FORMAÇÃO,1,0,0.28,Não admitir,1,rule:multi-part
Decisão,NÃO ADMITIR O CONHECIMENTO DO OBJECTO DO RECURSO.,1,0,0.27,Não admitir,0,rule
Decisão,NÃO ADMITIR O RECURSO DE REVISTA EXCEPCIONAL.,1,0,0.25,Não admitir,0,rule
Decisão,NÃO ADMITIR O RECURSO DE REVISTA GERAL E REMESSA À FORMAÇÃO,1,0,0.22,Não admitir,0,rule
Decisão,NÃO ADMITIR O RECURSO DE UNIFORMIZAÇÃO DE JURISPRUDÊNCIA INTERPOSTO.,1,0,0.27,Fixar jurisprudência,0,rule
Decisão,NÃO ADMITIR O RECURSO EXTRAORDINÁRIO DE JURISPRUDÊNCIA,1,0,0.35,Não admitir,0,rule
Decisão,NÃO AUTORIZADA,1,0,0.43,Negar provimento,0,rule
Decisão,NÃO AUTORIZADA A REVISÃO DA SENTENÇA,1,0,0.42,Negar provimento,0,rule
Decisão,NÃO AUTORIZADA A REVISÃO DE SENTENÇA,1,0,0.39,Negar provimento,0,rule
Decisão,NÃO AUTORIZADA A REVISÃO. ORDENADA A BAIXA DO PROCESSO.,1,0,0.30,Negar provimento,1,rule:multi-part
Decisão,NÃO AUTORIZADA A SENTENÇA,1,0,0.56,Negar provimento,0,rule
Decisão,NÃO CABIMENTO PARCIAL DO OBJETO DO RECURSO E REVISTA IMPROCEDENTE NA PARTE CONHECIDA,1,0,0.24,Negar provimento,0,rule
Decisão,NÃO CONCEDIDA,1,0,0.62,Conceder provimento,0,rule
Decisão,NÃO CONCEDIDA  A REVISTA,1,0,0.39,Conceder provimento,0,rule
Decisão,NÃO CONCEDIDA A REVISTA QUANTO À MÁ FÉ. NEGADA QUANTO AO MAIS,1,0,0.30,Conceder provimento parcialmente,1,rule:multi-part
Decisão,NÃO CONHCIMENTO DO OBJETO DO RECURSO,1,0,0.31,Sem informação,1,fallback:unparsed
Decisão,NÃO CONHECE OBJECTO DO RECURSO,1,0,0.40,Não conhecer,0,rule
Decisão,"NÃO CONHECER  EM PARTE DA REVISTA DA RÉ E, NO MAIS, NEGADAS AS REVISTAS DA RÉ E DOS AUTORES.",1,0,0.23,Não conhecer,0,rule
Decisão,NÃO CONHECER A REVISTA DA RÉ NEGADA A REVISTA DO AUTOR,1,0,0.31,Não conhecer,0,rule
Decisão,NÃO CONHECER A REVISTA DO A.; PARCIALMENTE CONCEDIDA A R.,1,0,0.43,Conceder provimento parcialmente,1,rule:multi-part
Decisão,NÃO CONHECER AGRAVO; CONCEDIDA A REVISTA,1,0,0.30,Não conhecer,0,rule
Decisão,NÃO CONHECER DA NULIDADE ARGUIDA. CONCEDIDA A REVISTA,1,0,0.28,Não conhecer,1,rule:multi-part
Decisão,NÃO CONHECER DA NULIDADE DO ACÓRDÃO INVOCADA. NEGADA A REVISTA.,1,0,0.26,Não conhecer,1,rule:multi-part
Decisão,NÃO CONHECER DA NULIDADE DO ACÓRDÃO NEGADA A REVISTA DO AUTOR. CONCEDIDA A REVISTA DA RÉ,1,0,0.24,Não conhecer,1,rule:multi-part
Decisão,NÃO CONHECER DA NULIDADE DO ACÓRDÃO NEGADA REVISTA,1,0,0.30,Não conhecer,0,rule
Decisão,"NÃO CONHECER DA NULIDADE DO ACÓRDÃO. NÃO CONHECER PARCIALMENTE DA REVISTA E, NO MAIS, NEGÁ-LA",1,0,0.26,Não conhecer,1,rule:multi-part
Decisão,NÃO CONHECER DA REVISTA,1,0,0.52,Não conhecer,0,rule
Decisão,NÃO CONHECER DAS EXCEÇÕES DEDUZIDAS. NEGADA.,1,0,0.28,Não conhecer,1,rule:multi-part
Decisão,NÃO CONHECER DAS INVOCADAS NULIDADES DO ACÓRDÃO RECORRIDO. NEGADA A REVISTA,1,0,0.25,Não conhecer,1,rule:multi-part
Decisão,NÃO CONHECER DAS NULIDADES ARGUIDAS CONCEDIDA EM PARTE A REVISTA,1,0,0.28,Não conhecer,0,rule
Decisão,NÃO CONHECER DAS NULIDADES ARGUIDAS. NEGADA A REVISTA,1,0,0.26,Não conhecer,1,rule:multi-part
Decisão,NÃO CONHECER DO OBJECTO DA REVISTA.,1,0,0.35,Não conhecer,0,rule
Decisão,NÃO CONHECER DO RECURSO,1,0,0.52,Não conhecer,0,rule
Decisão,NÃO CONHECER DO RECURSO SUBORDINADO DA AUTORA. CONCEDIDA A REVISTA TRAZIDA PELO RÉU.,1,0,0.24,Não conhecer,1,rule:multi-part
Decisão,NÃO CONHECER DOS AGRAVOS.,1,0,0.50,Não conhecer,0,rule
Decisão,NÃO CONHECER EM PARTE DO RECURSO. NEGADA,1,0,0.30,Não conhecer,1,rule:multi-part
Decisão,NÃO CONHECER O OBJECTO DA REVISÃO,1,0,0.36,Não conhecer,0,rule
Decisão,NÃO CONHECER O OBJECTO DO RECURSO,1,0,0.36,Não conhecer,0,rule
Decisão,"NÃO CONHECER, EM PARTE, DA REVISTA DA RÉ.",1,0,0.30,Não conhecer,0,rule
Decisão,"NÃO CONHECER, EM PARTE, DA REVISTA DA RÉ. NÃO CONHECER DA REVISTA DO AUTOR. CONCEDER A REVISTA DA RÉ, NO MAIS.",1,0,0.20,Não conhecer,1,rule:multi-part
Decisão,"NÃO CONHECER, PARTE DA REVISTA. NO MAIS, NEGADA A REVISTA",1,0,0.30,Não conhecer,1,rule:multi-part
Decisão,"NÃO CONHECER, POR FALTA DE FUNDAMENTO LEGAL, DO OBJETO DO RECURSO EXTRAORDINÁRIO DE REVISÃO",1,0,0.24,Não conhecer,0,rule
Decisão,NÃO CONHECEU DO INTERESSE SUBORDINADO. NEGADA A REVISTA PRINCIPAL,1,0,0.26,Não conhecer,1,rule:multi-part
Decisão,NÃO CONHECIDA A EXCEPÇÃO DA INCOMPETÊNCIA MATERIAL. NEGADA A REVISTA QUANTO AO MAIS,1,0,0.24,Não conhecer,1,rule:multi-part
Decisão,NÃO CONHECIDA A NULIDADE PROCESSUAL; NEGADA QUANTO AO RESTO,1,0,0.25,Não conhecer,0,rule
Decisão,NÃO CONHECIDA A RECLAMAÇÃO,1,0,0.42,Não conhecer,0,rule
Decisão,NÃO CONHECIDA PARTE DA REVISTA E NEGADA QUANTO AO DEMAIS,1,0,0.29,Não conhecer,0,rule
Decisão,NÃO CONHECIDO DO OBJECTO DO RECURSO,1,0,0.34,Não conhecer,0,rule
Decisão,NÃO CONHECIDO EM PARTE DO OBJECTO DO RECURSO E NAGADA EM PARTE A REVISTA,1,0,0.28,Não conhecer,0,rule
Decisão,NÃO CONHECIDO O INCIDENTE. NEGADA A REVISTA QUANTO AO MAIS,1,0,0.28,Não conhecer,1,rule:multi-part
Decisão,NÃO CONHECIDO O OBJECTO DA REVISTA,1,0,0.35,Não conhecer,0,rule
Decisão,NÃO CONHECIDO O OBJECTO DAS REVISTAS,1,0,0.33,Não conhecer,0,rule
Decisão,"NÃO CONHECIDO O OBJECTO DE RECURSO QUANTO AO INCIDENTE DO INCUMPRIMENTO, NEGADA A RESTANTE REVISTA",1,0,0.23,Não conhecer,0,rule
Decisão,NÃO CONHECIDO O OBJECTO DO RECURSO.,1,0,0.35,Não conhecer,0,rule
Decisão,NÃO CONHECIDO O OBJETO DE RECURSO,1,0,0.36,Não conhecer,0,rule
Decisão,NÃO CONHECIDO O OBJETO DO RECURSO.,1,0,0.36,Não conhecer,0,rule
Decisão,NÃO CONHECIDO O OBJETO DO REQUERIMENTO.,1,0,0.37,Não conhecer,0,rule
Decisão,NÃO CONHECIDO O RECURSO SUBORDINADO E NEGADA A REVISTA PRINCIPAL,1,0,0.27,Não conhecer,0,rule
Decisão,NÃO CONHECIDO OBJECTO DE RECURSO,1,0,0.38,Não conhecer,0,rule
Decisão,NÃO CONHECIDOO OBJECTO DO RECURSO,1,0,0.36,Não conhecer,0,rule
Decisão,NÃO CONHECIEMNTO DO OBJETO DO RECURSO,1,0,0.32,Não conhecer,0,rule
Decisão,NÃO CONHECIMENRO DO MÉRITO DO RECURSO,1,0,0.32,Não conhecer,0,rule
Decisão,NÃO CONHECIMENTO,1,0,0.69,Não conhecer,0,rule
Decisão,NÃO CONHECIMENTO AO OBJECTO DO RECURSO,1,0,0.32,Não conhecer,0,rule
Decisão,NÃO CONHECIMENTO DA RECLAMAÇÃO,1,0,0.40,Não conhecer,0,rule
Decisão,NÃO CONHECIMENTO DA REVISTA,1,0,0.44,Não conhecer,0,rule
Decisão,NÃO CONHECIMENTO DA REVISTA INTERPOSTA,1,0,0.32,Não conhecer,0,rule
Decisão,"NÃO CONHECIMENTO DE 2 REVISTAS, NEGAR 2 REVISTAS E CONCEDER EM PARTE A REVISTA INTERPOSTA PELO AUTOR CC",1,0,0.22,Não conhecer,0,rule
Decisão,NÃO CONHECIMENTO DE OBJECTO DA REVISTA,1,0,0.32,Não conhecer,0,rule
Decisão,NÃO CONHECIMENTO DE PARTE DO OBJECTO DA REVISTA;,1,0,0.30,Não conhecer,0,rule
Decisão,NÃO CONHECIMENTO DE UM RECURSO. CONCEDIDO PROVIMENTO PARCIAL A UM RECURSO,1,0,0.40,Conceder provimento parcialmente,1,rule:multi-part
Decisão,NÃO CONHECIMENTO DO OBEJTO DE RECURSO,1,0,0.32,Não conhecer,0,rule
Decisão,NÃO CONHECIMENTO DO OBJECTO DA REVISTA,1,0,0.32,Não conhecer,0,rule
Decisão,NÃO CONHECIMENTO DO OBJECTO DA REVISTA NORMAL,1,0,0.31,Não conhecer,0,rule
Decisão,NÃO CONHECIMENTO DO OBJECTO DE RECURSO COM REMESSA DOS AUTOS AO TRIBUNAL DA RELAÇÃO PARA CONHECIEMNTO DAS NULIDADES,1,0,0.20,Não conhecer,0,rule
Decisão,NÃO CONHECIMENTO DO OBJECTO DO  RECURSO,1,0,0.32,Não conhecer,0,rule
Decisão,NÃO CONHECIMENTO DO OBJECTO DO RECURSO DA AUTORA E CONCEDIDA A REVISTA DA INTERVENIENTE E REMESSA DOS AUOS AO TRIBUNAL DA RELAÇÃO PARA CONHECIMENTO DA NULIDADE.,1,0,0.17,Não conhecer,0,rule
Decisão,NÃO CONHECIMENTO DO OBJECTO DO RECURSO DA REVISTA NORMAL E ORDENADA A REMESSA À FORMAÇÃO PARA APRECIAÇÃO DO RECEBIMENTO DO RECURSO DE REVISTA EXCEPCIONAL,1,0,0.18,Não conhecer,0,rule
Decisão,NÃO CONHECIMENTO DO OBJECTO DO RECURSO DE REVISTA NORMAL E REMESSA À FORMAÇÃO.,1,0,0.22,Não conhecer,0,rule
Decisão,"NÃO CONHECIMENTO DO OBJECTO DO RECURSO; DEVOLUÇÃO DOS AUTOS AO TRIBUNAL ""A QUO"" PARA CONHECIMENTO DA NULIDADE.",1,0,0.22,Não conhecer,0,rule
Decisão,NÃO CONHECIMENTO DO OBJECTO DOS RECURSOS,1,0,0.32,Não conhecer,0,rule
Decisão,NÃO CONHECIMENTO DO OBJETO DO RECRUSO,1,0,0.32,Não conhecer,0,rule
Decisão,NÃO CONHECIMENTO DO RECRUSO,1,0,0.44,Não conhecer,0,rule
Decisão,NÃO CONHECIMENTO DO RECURSO DA AUTORA. CONCEDIDO PROVIMENTO PARCIAL AO RECURSO DA RÉ,1,0,0.35,Conceder provimento parcialmente,1,rule:multi-part
Decisão,NÃO CONHECIMENTO DO RECURSO DA DECISÃO QUANTO ÀS NULIDADES E REVISTA NEGADA QUANTO À LITIGÂNCIA DE MÁ FÉ,1,0,0.22,Não conhecer,0,rule
Decisão,"NÃO CONHECIMENTO DO RECURSO DA RÉ, NEGADA A REVISTA DO AUTOR",1,0,0.27,Não conhecer,0,rule
Decisão,NÃO CONHECIMENTO DO RECURSO SUBORDINADO E CONCEDIDA A REVISTA.,1,0,0.28,Não conhecer,0,rule
Decisão,NÃO CONHECIMENTO DO RECURSO.,1,0,0.44,Não conhecer,0,rule
Decisão,NÃO CONHECIMENTO EM PARTE DE OBJECTO DO RECURSO E NO RESTANTE NEGADA A REVISTA,1,0,0.24,Não conhecer,0,rule
Decisão,NÃO CONHECIMENTO PARCIAL DO OBJECTO DA REVISTA E NEGADA A REVISTA.,1,0,0.29,Não conhecer,0,rule
Decisão,NÃO CONHECIMENTO PARCIAL DO OBJECTO DO RECURSO,1,0,0.33,Não conhecer,0,rule
Decisão,NÃO CONHECIMENTO PARCIAL DO OBJECTO DO RECURSO.,1,0,0.33,Não conhecer,0,rule
Decisão,NÃO CONHECIMENTO PARCIAL DO RECURSO; NEGADA A REVISTA QUANTO AO MAIS,1,0,0.25,Não conhecer,0,rule
Decisão,NÃO CONHECIMENTO PARCIAL E REMESSA DO PROCESSO À FORMAÇÃO DO Nº 3 DO ARTº 672º CPC,1,0,0.22,Não conhecer,0,rule
Decisão,NÃO CONHECIMENTO. INDEFERIDO,1,0,0.43,Não conhecer,1,rule:multi-part
Decisão,NÃO CONSENTIMENTO A REVISTA,1,0,0.37,Sem informação,1,fallback:unparsed
Decisão,NÃO CONSENTIMENTO DA REVISTA,1,0,0.36,Sem informação,1,fallback:unparsed
Decisão,NÃO DAMITIDA A REVISTA.,1,0,0.41,Sem informação,1,fallback:unparsed
Decisão,NÃO PROVIDA,1,0,0.50,Negar provimento,0,rule
Decisão,NÃO PROVIDO O ACORDÃO,1,0,0.34,Negar provimento,0,rule
Decisão,NÃO PROVIDO O RECURSO,1,0,0.38,Negar provimento,0,rule
Decisão,NÃO PROVIDO PARCIALMENTE E REENVIADO QUANTO À PERDA DO VEICULO,1,0,0.24,Ordenar baixa dos autos,0,rule
Decisão,NÃO PROVIDO UM E PROVIDO PARCIALMENTE OUTRO,1,0,0.44,Negar provimento,0,rule
Decisão,NÃO RECEBIDO O ACÓRDÃO,1,0,0.36,Não admitir,0,rule
Decisão,NÃO RECEBIDO O RECURSO,1,0,0.41,Não admitir,0,rule
Decisão,NÃO RECONHECER O OBJECTO DO RECURSO,1,0,0.34,Sem informação,1,fallback:unparsed
Decisão,NÃO RECONHECIMENTO DO OBJETO DE RECURSO,1,0,0.31,Sem informação,1,fallback:unparsed
Decisão,NÃO SE ADMITE A REVISTA,1,0,0.43,Não admitir,0,rule
Decisão,NÃO SE ADMITE O RECURSO DA UNIFORMIZAÇÃO DE JURISPRUDÊNCIA.,1,0,0.31,Fixar jurisprudência,0,rule
Decisão,NÃO SE ADMITE O RECURSO DE REVISTA,1,0,0.29,Não admitir,0,rule
Decisão,NÃO SE ADMITE O RECURSO DE UNIFORMIZAÇÃO DE JURISPRUDÊNCIA,1,0,0.31,Fixar jurisprudência,0,rule
Decisão,NÃO SE ADMITEM OS RECURSOS,1,0,0.42,Não admitir,0,rule
Decisão,NÃO SE CONHECE DA REVISTA NORMAL. REMETE À FORMAÇÃO PARA APRECIAÇÃO DOS PRESSUPOSTOS DA REVISTA EXCEPCIONAL E INDEFERE A RECLAMAÇÃO QUANTO AO EFEITO DO RECURSO.,1,0,0.16,Não conhecer,1,rule:multi-part
Decisão,NÃO SE CONHECE DA REVISTA NORMAL.DEVOLUÇÃO DOS AUTOS À FORMAÇÃO PARA AFERIR DOS PROSSUPOSTOS DA EXISTÊNCIA DA REVISTA EXCEPCIONAL,1,0,0.17,Não conhecer,1,rule:multi-part
Decisão,NÃO SE CONHECE DO AGRAVO INTERPOSTO,1,0,0.34,Não conhecer,0,rule
Decisão,NÃO SE CONHECE DO OBEJCTO DO RECURSO.,1,0,0.33,Não conhecer,0,rule
Decisão,NÃO SE CONHECE DO OBJECTO DA REVISTA NORMAL. REMETE À FORMAÇÃO PARA APRECIAÇÃO DOS PRESSUPOSTOS DA REVISTA EXCEPCIONAL.,1,0,0.21,Não conhecer,1,rule:multi-part
Decisão,NÃO SE CONHECE DO OBJECTO DA REVISTA.,1,0,0.33,Não conhecer,0,rule
Decisão,NÃO SE CONHECE DO OBJECTO DE RECURSO,1,0,0.33,Não conhecer,0,rule
Decisão,NÃO SE CONHECE DO OBJECTO DO RECURSO E ORDENA-SE AO TRIBUNAL DA RELAÇÃO PARA CONHECIMENTO DAS NULIDADES ARGUIDAS.,1,0,0.21,Não conhecer,0,rule
Decisão,"NÃO SE CONHECE DO OBJECTO DO RECURSO NORMAL;  ENVIADO À FORMAÇÃO PARA APRECIAÇÃO NOS TERMOS DO ARTIGO 672º, Nº 3",1,0,0.22,Não conhecer,0,rule
Decisão,NÃO SE CONHECE DO OBJECTO DO RECUSRO.,1,0,0.33,Não conhecer,0,rule
Decisão,NÃO SE CONHECE DO OBJETO DO RECURSO,1,0,0.34,Não conhecer,0,rule
Decisão,NÃO SE CONHECE DO RECURSO PRINCIPAL; NEGA-SE A REVISTA QUANTO AO PEDIDO ACESSÓRIO,1,0,0.25,Não conhecer,0,rule
Decisão,NÃO SE CONHECE DOS RECURSOS,1,0,0.44,Não conhecer,0,rule
Decisão,NÃO SE CONHECENDO RECURSO,1,0,0.48,Não conhecer,0,rule
Decisão,NÃO SE TEMOU CONHECIMENTO DO OBJECTO DO RECURSO,1,0,0.28,Sem informação,1,fallback:unparsed
Decisão,NÃO SE TOMA CONHECIMENTO,1,0,0.46,Não conhecer,0,rule
Decisão,NÃO SE TOMA CONHECIMENTO DO OBECTO DO RECURSO.,1,0,0.27,Não conhecer,0,rule
Decisão,NÃO SE TOMA CONHECIMENTO DO OBJECTO DO RECURSO DA AUTORA E NEGADA A REVISTA INTERPOSTA PELA RÉ.,1,0,0.21,Não conhecer,0,rule
Decisão,NÃO SE TOMA CONHECIMENTO DO OBJETO DO RECURSO,1,0,0.27,Não conhecer,0,rule
Decisão,NÃO SE TOMA CONHECIMENTO DO RECURSO SUBORDINADO DOS RÉUS E JULGADO PARCIALMENTE PROCEDENTE A REVISTA QUANTO À TAXA DE JUSTIÇA.,1,0,0.21,Não conhecer,0,rule
Decisão,NÃO SE TOMA CONHECIMENTO DO REQUERIMENTO APRESENTADO,1,0,0.31,Não conhecer,0,rule
Decisão,NÃO SE TOMOU CONHECIMENTO DO RECURSO.,1,0,0.33,Não conhecer,0,rule
Decisão,NÃO TOMADO CONHECIMENTO DO OBJECTO DO RECURSO,1,0,0.27,Sem informação,1,fallback:unparsed
Decisão,NÃO TOMADO CONHECIMENTO DO OBJETO DE RECURSO,1,0,0.27,Sem informação,1,fallback:unparsed
Decisão,NÃO TOMADO CONHECIMENTO DO OBJETO DO RECURSO,1,0,0.27,Sem informação,1,fallback:unparsed
Decisão,NÃO TOMADO CONHECIMENTO DO PROCESSO,1,0,0.34,Sem informação,1,fallback:unparsed
Decisão,NÃO TOMAM RECONHECIMENTO DO RECURSO,1,0,0.34,Sem informação,1,fallback:unparsed
Decisão,NÃO TOMAR CONHECIMENTO  DO RECURSO,1,0,0.36,Não conhecer,0,rule
Decisão,NÃO TOMAR CONHECIMENTO DAS REVISTAS INTERPOSTAS NAS AÇÕES APENSAS E CONCEDER EM PARTE A REVISTA INTERPOSTA NA AÇÃO PRINCIPAL PELA RÉ,1,0,0.19,Não conhecer,0,rule
Decisão,NÃO TOMAR CONHECIMENTO DO OBJECTO DO AGRAVO,1,0,0.28,Não conhecer,0,rule
Decisão,NÃO TOMAR CONHECIMENTO DO OBJECTO DO RECURSO,1,0,0.27,Não conhecer,0,rule
Decisão,NÃO TOMAR CONHECIMENTO DO OBJETO DO RECURSO,1,0,0.28,Não conhecer,0,rule
Decisão,NÃO TOMOU CONHECIMENTO DE PARTES DAS REVISTAS. NEGADA A REVISTA NO RESTANTE.,1,0,0.28,Não conhecer,1,rule:multi-part
Decisão,NÃO TOMOU CONHECIMENTO DO RECURSO,1,0,0.36,Não conhecer,0,rule
Decisão,NÃOI ADMITIDA A REVISTA EXCECIONAL,1,0,0.32,Admitir,0,rule
Decisão,Não Fixada jurisprudência,1,0,0.76,Fixar jurisprudência,0,rule
Decisão,Não admitida a revista,1,0,0.50,Não admitir,0,rule
Decisão,Não admitido o recurso de revista independente e prejudicado o conhecimento do recurso subordinado,1,0,0.20,Não admitir,0,rule
Decisão,Não conhecer do requerimento de recusa,1,0,0.37,Não conhecer,0,rule
Decisão,Não conhecido o objecto de recurso,1,0,0.35,Não conhecer,0,rule
Decisão,Não conhecimento da revista e envio do processo à Relação,1,0,0.30,Não conhecer,0,rule
Decisão,Não conhecimento do Recurso,1,0,0.44,Não conhecer,0,rule
Decisão,Não conhecimento do objecto do recurso,1,0,0.32,Não conhecer,0,rule
Decisão,Não se toma conhecimento da reclamação,1,0,0.37,Não conhecer,0,rule
Decisão,Não se toma conhecimento do objecto do recurso,1,0,0.26,Não conhecer,0,rule
Decisão,Não se toma conhecimento do requerido,1,0,0.32,Não conhecer,0,rule
Decisão,Não tomar conhecimento do objecto da revista,1,0,0.32,Não conhecer,0,rule
Decisão,"O ACÓRDÃO UNIFORMIZADOR ESTABELECE: ""O DANO DA PERDA DE CHANCE PROCESSUAL, FUNDAMENTO DA OBRIGAÇÃO DE INDEMNIZAR, TEM DE SER CONSISTENTE E SÉRIO, CABENDO AO LESADO O ÓNUS DA PROVA DE TAL CONSISTÊNCIA E SERIEDADE.""",1,0,0.13,Fixar jurisprudência,1,rule:multi-part
Decisão,O STJ NÃO É COMPETENTE PARA CONHECER DO RECURSO INTERPOSTO,1,0,0.24,Sem informação,1,fallback:unparsed
Decisão,ONDEFERIDA A PROVIDÊNCIA.,1,0,0.50,Deferir,0,rule
Decisão,ORDENA-SE A BAIXA AO TRIBUNAL DA RELAÇÃO PARA AMPLIAÇÃO DA MATÉRIA DE FACTO,1,0,0.24,Ordenar baixa dos autos,0,rule
Decisão,ORDENA-SE QUE OS AUTOS BAIXEM À RELAÇÃO.,1,0,0.36,Sem informação,1,fallback:unparsed
Decisão,ORDENADA A AMPLIAÇÃO DA MATERIA DE FACTO.,1,0,0.38,Sem informação,1,fallback:unparsed
Decisão,ORDENADA A APRESENTAÇÃO DO ARGUIDO AO JUIZ,1,0,0.36,Sem informação,1,fallback:unparsed
Decisão,ORDENADA A BAIXA AO TRIBUNAL DA RELAÇÃO,1,0,0.41,Ordenar baixa dos autos,0,rule
Decisão,ORDENADA A BAIXA DO PROCESO.,1,0,0.59,Ordenar baixa dos autos,0,rule
Decisão,ORDENADA A BAIXA DO PROCESSO AO TRIBUNAL DA RELAÇÃO PARA SANAR A CONTRADIÇÃO ENTRE FACTOS DADOS COMO PROVADOS,1,0,0.20,Ordenar baixa dos autos,0,rule
Decisão,ORDENADA A BAIXA DO PROCESSO AO TRIBUNAL DA RELAÇÃO.,1,0,0.37,Ordenar baixa dos autos,0,rule
Decisão,ORDENADA A BAIXA DO PROCESSO À 1ª INSTÂNCIA,1,0,0.44,Ordenar baixa dos autos,0,rule
Decisão,ORDENADA A BAIXA DO PROCESSO. AMPLIADA A DECISÃO.,1,0,0.40,Ordenar baixa dos autos,1,rule:multi-part
Decisão,ORDENADA A BAIXA DO PROCESSO. CONCEDIDA PARCIALMENTE A REVISTA.,1,0,0.32,Conceder provimento parcialmente,1,rule:multi-part
Decisão,ORDENADA A BAIXA DO PROCESSO. DECIDIDO NÃO TOMAR CONHECIMENTO.,1,0,0.33,Não conhecer,1,rule:multi-part
Decisão,ORDENADA A BAIXA DO PROCESSO. INDEFERIDO.,1,0,0.43,Indeferir,1,rule:multi-part
Decisão,ORDENADA A BAIXA DO PROCESSO. MANDA AMPLIAR A MATÉRIA DE FACTO.,1,0,0.31,Ordenar baixa dos autos,1,rule:multi-part
Decisão,ORDENADA A BAIXA DO ROCESSO,1,0,0.59,Ordenar baixa dos autos,0,rule
Decisão,ORDENADA A BAIXA DOS AUTOS PARA REAPRECIAÇÃO DE MATÉRIA DE FACTO,1,0,0.34,Ordenar baixa dos autos,0,rule
Decisão,ORDENADA A BAIXA DOS AUTOS À RELAÇÃO.,1,0,0.61,Ordenar baixa dos autos,0,rule
Decisão,ORDENADA A BAIXA À RELAÇÃO DE ÉVORA,1,0,0.43,Ordenar baixa dos autos,0,rule
Decisão,ORDENADA A BAIXA Á RELAÇÃO,1,0,0.54,Ordenar baixa dos autos,0,rule
Decisão,ORDENADA A DILIGÊNCIA.,1,0,0.43,Ordenar baixa dos autos,0,rule
Decisão,ORDENADA A NOTIFICAÇÃO DO RECORRENTE NOS TERMOS DO DISPOSTO NO ARTº 3º DO C.P.CIVIL,1,0,0.20,Sem informação,1,fallback:unparsed
Decisão,ORDENADA A REMESSA  DOS AUTOS AO TRIBUNAL DA RELAÇÃO DE GUIMARÃES,1,0,0.28,Remeter os autos,0,rule
Decisão,ORDENADA A REMESSA AO T. R. GUIMARÃES POR SER O COMPETENTE,1,0,0.28,Remeter os autos,1,rule:multi-part
Decisão,ORDENADA A REMESSA AO TRIBUNAL DA RELAÇÃO,1,0,0.32,Remeter os autos,0,rule
Decisão,ORDENADA A REMESSA AO TRIBUNAL DA RELAÇÃO DE ÉVORA,1,0,0.28,Remeter os autos,0,rule
Decisão,ORDENADA A REMESSA AO TRIBUNAL DA RELAÇÃO DO PORTO,1,0,0.30,Remeter os autos,0,rule
Decisão,ORDENADA A REMESSA DOS AUTOS AO TRIBUNAL DA RELAÇÃO DE LISBOA PARA SUPRESSÃO DA NULIDADE,1,0,0.22,Remeter os autos,0,rule
Decisão,ORDENADA A REMESSA DOS AUTOS AO TRIBUNAL DA RELAÇÃO PARA AMPLIAR A MATÉRIA DE FACTO,1,0,0.22,Remeter os autos,0,rule
Decisão,ORDENADA A REMESSA DOS AUTOS AO TRIBUNAL DA RELAÇÃO PARA REAPRECIAÇÃO DA MATÉRIA DE FACTO,1,0,0.20,Remeter os autos,0,rule
Decisão,ORDENADA A REMESSA À RELAÇÃO DE COIMBRA,1,0,0.28,Remeter os autos,0,rule
Decisão,ORDENADA A REVISÃO,1,0,0.43,Sem informação,1,fallback:unparsed
Decisão,ORDENADA BAIXA AO T. R. DE LISBOA,1,0,0.48,Ordenar baixa dos autos,1,rule:multi-part
Decisão,ORDENADA BAIXA DE PROCESSO,1,0,0.58,Ordenar baixa dos autos,0,rule
Decisão,ORDENADA DILIGÊNCIA. INDEFERIMENTO.,1,0,0.35,Indeferir,1,rule:multi-part
Decisão,ORDENADO 0 REENVIO DO PROCESSO,1,0,0.37,Ordenar baixa dos autos,0,rule
Decisão,ORDENADO A REMESSA AO TRIBUNAL DE CONFLITOS.,1,0,0.37,Remeter os autos,0,rule
Decisão,ORDENADO A REMESSA À RELAÇÃO DE LISBOA,1,0,0.32,Remeter os autos,0,rule
Decisão,ORDENADO O CUMPRIMENTO DO ARTº 670º DO CPC,1,0,0.33,Sem informação,1,fallback:unparsed
Decisão,ORDENADO O ENVIO DO PROC. PARA JULGAMENTO.,1,0,0.34,Sem informação,1,fallback:unparsed
Decisão,ORDENADO O PRESSEGUIMENTO DO PROCESSO.,1,0,0.32,Sem informação,1,fallback:unparsed
Decisão,ORDENADO O PROSSEGUIMENTO DO PRECESSO,1,0,0.35,Prosseguir os autos,0,rule
Decisão,ORDENADO O PROSSEGUIMENTO DO PROCESSO. AUTORIZADA A REVISÃO.,1,0,0.31,Conceder provimento,1,rule:multi-part
Decisão,ORDENADO O PROSSEGUIMENTO DO PROCESSO. CONCEDIDA A REVISTA.,1,0,0.33,Conceder provimento,1,rule:multi-part
Decisão,ORDENADO O PROSSEGUIMENTO DO PROCESSO. ORDENADA A BAIXA DO PROCESSO.,1,0,0.27,Prosseguir os autos,1,rule:multi-part
Decisão,ORDENADO O PROSSEGUIMENTO DO RECURSO,1,0,0.33,Prosseguir os autos,0,rule
Decisão,ORDENADO O REENVIO DO PROCESSO PARA NOVO JULGAMENTO,1,0,0.31,Ordenar baixa dos autos,0,rule
Decisão,ORDENADO REENVIO.,1,0,0.35,Ordenar baixa dos autos,0,rule
Decisão,ORDENAR A BAIXA DO PROCESSO AO TRIBUNAL DA RELAÇÃO PARA AMPLIAÇÃO DA MATÉRIA DE FACTO,1,0,0.25,Ordenar baixa dos autos,0,rule
Decisão,ORDENAR A BAIXA DOS AUTOS AO TRIBUNAL DA RELAÇÃO.,1,0,0.48,Ordenar baixa dos autos,0,rule
Decisão,ORDENAR A REMASSA DOS AUTOS AO TRIBUNAL DA RELAÇÃO PARA AMPLIAÇÃO DA MATÉRIA DE FACTO,1,0,0.24,Sem informação,1,fallback:unparsed
Decisão,ORDENAR A REMESSA DOS AUTOS AO TRIBUNAL DA RELAÇÃO,1,0,0.38,Remeter os autos,0,rule
Decisão,ORDENAR A REMESSA DOS AUTOS AO TRIBUNAL DA RELAÇÃO PARA ELIMINAR A CONTRADIÇÃO DA MATÉRIA DE FACTO,1,0,0.19,Remeter os autos,0,rule
Decisão,PAECIALMENTE PROCEDENTE A REVISTA E REMESSA À FORMAÇÃO,1,0,0.28,Remeter os autos,0,rule
Decisão,PARA APRECIAÇÃO DOS PRESSUPOSTOS DA REVISTA,1,0,0.28,Sem informação,1,fallback:unparsed
Decisão,"PARA QUE SE POSSA IMPUTAR O ACIDENTE E SUAS CONSEQUÊNCIAS DANOSAS À VIOLAÇÃO CULPOSA DAS REGRAS DE SEGURANÇA PELO EMPREGADOR OU POR UMA QUALQUER DAS PESSOAS MENCIONADAS NO ARTIGO 18º, Nº1 DA LAT, É NECESSÁRIO APURAR SE NAS CIRCUNSTÂNCIAS DO CASO CONCRETO TAL VIOLAÇÃO SE TRADUZIU EM UM AUMENTO DA PROBABILIDADE DE OCORRÊNCIA DO ACIDENTE, TAL COMO ELE EFETIVAMENTE VEIO A VERIFICAR-SE, EMBORA NÃO SEJA EXIGÍVEL A DEMONSTRAÇÃO DE QUE O ACIDENTE NÃO TERIA OCORRIDO SEM A REFERIDA VIOLAÇÃO.",1,0,0.07,Sem informação,1,fallback:unparsed
Decisão,PARCIAL PROVIMENTO AO RECURSO.,1,0,0.44,Conceder provimento parcialmente,0,rule
Decisão,PARCIAL PROVIMENTO DO RECURSO,1,0,0.41,Conceder provimento parcialmente,0,rule
Decisão,PARCIAL PROVIMENTO À REVISTA.,1,0,0.47,Conceder provimento parcialmente,0,rule
Decisão,PARCIAL PROVIMENTO.,1,0,0.67,Conceder provimento parcialmente,0,rule
Decisão,"PARCIALMENTE CONCEDIDA A REVISTA E REMESSA DA REVISTA EXCECIONAL PARA A FORMAÇÃO PREVISTA NO ARTIGO 672º, Nº 3 DO CPC",1,0,0.20,Remeter os autos,0,rule
Decisão,PARCIALMENTE CONCEDIDA A REVISTA INDEPENDENTE (DO LESADO);,1,0,0.25,Conceder provimento parcialmente,0,rule
Decisão,PARCIALMENTE CONCEDIDAS AS REVISTAS.,1,0,0.31,Conceder provimento parcialmente,0,rule
Decisão,PARCIALMENTE CONCEDIDO,1,0,0.27,Conceder provimento parcialmente,0,rule
Decisão,PARCIALMENTE DEFERIDA,1,0,0.38,Deferir,0,rule
Decisão,PARCIALMENTE PROCEDENTE A RECLAMAÇÃO.,1,0,0.36,Conceder provimento parcialmente,0,rule
Decisão,PARCIALMENTE PROCEDENTE A REVISTA,1,0,0.27,Conceder provimento parcialmente,0,rule
Decisão,PARCIALMENTE PROCEDENTE A REVISTA DA RÉ FIDELIDADE.,1,0,0.30,Conceder provimento parcialmente,0,rule
Decisão,PARCIALMENTE PROCEDENTE A REVISTA.,1,0,0.27,Conceder provimento parcialmente,0,rule
Decisão,PARCIALMENTE PROCEDENTE O PEDIDO DE DISPENSA DE PAGAMENTO DA TAXA DE JUSTIÇA (REDUÇÃO 25%).,1,0,0.23,Conceder provimento parcialmente,0,rule
Decisão,PARCIALMENTE PROCEDENTE O RECURSO,1,0,0.30,Conceder provimento parcialmente,0,rule
Decisão,PARCIALMENTE PROCEDENTE O RECURSO DO ARGUIDO AA; IMPROCEDENTES OS RESTANTES RECURSOS.,1,0,0.24,Negar provimento,0,rule
Decisão,PARCIALMENTE PROCEDENTE O RECURSO DOS RÉUS,1,0,0.31,Conceder provimento parcialmente,0,rule
Decisão,PARCIALMENTE PROCEDENTE O RECURSO.,1,0,0.30,Conceder provimento parcialmente,0,rule
Decisão,PARCIALMENTE PROCEDENTES OS RECURSOS.,1,0,0.36,Conceder provimento parcialmente,0,rule
Decisão,PARCIALMENTE PROVIDA.,1,0,0.25,Conceder provimento parcialmente,0,rule
Decisão,PEDIDO E ORDENADA A LIBERTAÇÃO,1,0,0.33,Sem informação,1,fallback:unparsed
Decisão,PENAL,1,0,0.29,Sem informação,1,fallback:unparsed
Decisão,PETICIONÁRIO MANDADO LIBERTAR CONDICIONALMENTE,1,0,0.37,Sem informação,1,fallback:unparsed
Decisão,PETIÇÃO INDEFERIDA,1,0,0.44,Indeferir,0,rule
Decisão,PETIÇÃO INFUNDADA,1,0,0.35,Sem informação,1,fallback:unparsed
Decisão,PIRES DA GRAÇA,1,0,0.33,Sem informação,1,fallback:unparsed
Decisão,PORVIDO PARCIALMENTE,1,0,0.56,Sem informação,1,fallback:unparsed
Decisão,POVIDO PARCIALMENTE,1,0,0.56,Sem informação,1,fallback:unparsed
Decisão,PRESCRIÇÃO DA PENA APLICADA E LIBERTAÇÃO IMEDIATA,1,0,0.24,Sem informação,1,fallback:unparsed
Decisão,PREVISTA PROCEDENTE REPRESTINANDO DA DECISÃO DA 1ª INSTÂNCIA,1,0,0.33,Conceder provimento,0,rule
Decisão,PRINCIPAL NA PARTE RESPEITANTE À LITIGÂNCIA DE MÁ FÉ,1,0,0.33,Sem informação,1,fallback:unparsed
Decisão,PROCEDA-SE À CORRESPONDENTE ANOTAÇÃO.,1,0,0.31,Sem informação,1,fallback:unparsed
Decisão,PROCEDENTE (ACÓRDÃO REFORMADO),1,0,0.33,Conceder provimento,0,rule
Decisão,PROCEDENTE A APELAÇÃO.,1,0,0.33,Conceder provimento,0,rule
Decisão,PROCEDENTE A REFORMA (PROVIDO),1,0,0.30,Conceder provimento,0,rule
Decisão,PROCEDENTE NA MEDIDA DA PENA ÚNICA / IMPROCEDENTE QUANTO AO PEDIDO DE SUSPENSÃO DE EXECUÇAÕ DA PENA,1,0,0.19,Negar provimento,0,rule
Decisão,"PROCEDENTE O RECURSO DE REVISTA, REVOGANDO-SE O ACÓRDÃO RECORRIDO",1,0,0.25,Conceder provimento,0,rule
Decisão,PROCEDENTE O RECURSO DO ARGUIDO.,1,0,0.32,Conceder provimento,0,rule
Decisão,PROCEDENTE O RECURSO INTERPOSTO,1,0,0.35,Conceder provimento,0,rule
Decisão,"PROCEDENTE O RECURSO INTERPOSTO, DECLARANDO-SE A ANULAÇÃO DA DELIBERAÇÃO RECORRIDA",1,0,0.23,Conceder provimento,0,rule
Decisão,"PROCEDENTE O RECURSO, ANULADA A DELIBERAÇÃO IMPUGNADA",1,0,0.25,Anular,0,rule
Decisão,"PROCEDENTE O RECURSO, ANULADA A DELIBERAÇÃO RECORRIDA",1,0,0.25,Anular,0,rule
Decisão,PROCEDÊNCIA / DESCRETAMENTO TORAL,1,0,0.33,Conceder provimento,0,rule
Decisão,PROCEDÊNCIA / DESCRETAMENTO TOTAL,1,0,0.33,Conceder provimento,0,rule
Decisão,PROCEDÊNCIA /DECRETAMENTO TOTAL,1,0,0.35,Conceder provimento,0,rule
Decisão,PROCEDÊNCIA DA AÇÃO,1,0,0.42,Conceder provimento,0,rule
Decisão,PROCEDÊNCIA DO RECURSO,1,0,0.36,Conceder provimento,0,rule
Decisão,PROCEDÊNCIA DO RECURSO - VERIFICADA A OPOSIÇÃO DE JULGADOS,1,0,0.28,Sem informação,0,rule
Decisão,PROCEDÊNCIA PARCIAL ANTECIPADA NO PROCEDIMENTO CAUTELAR.,1,0,0.33,Conceder provimento parcialmente,0,rule
Decisão,PROCEDÊNCIA PARCIAL DA REVISTA NA PARTE CONHECIDA.,1,0,0.31,Conceder provimento parcialmente,0,rule
Decisão,PROCEDÊNCIA TOTAL,1,0,0.35,Conceder provimento,0,rule
Decisão,PROCEDÊNCIA. DECRETAMENTO TOTAL,1,0,0.35,Conceder provimento,1,rule:multi-part
Decisão,PROCEDÊNCIA/ DECRETAMENTO TOTAL,1,0,0.35,Conceder provimento,0,rule
Decisão,PROCEDÊNCIA/DECRETAMENTO,1,0,0.42,Conceder provimento,0,rule
Decisão,"PROCESSANDO-SE A PARTIR DAÍ A EVOLUÇÃO NA CATEGORIA EM CONFORMIDADE COM O ACORDO DE EMPRESA E CONDENANDO-SE IGUALMENTE A TAP A PAGAR ÀS AUTORAS TODAS AS DIFERENÇAS SALARIAIS DEVIDAS QUER A TÍTULO DE SALÁRIO BASE, QUER DE AJUDAS DE CUSTO, VERIFICADAS EM VIRTUDE DA SUA ERRADA INTEGRAÇÃO NAS CATEGORIAS DE CAB INÍCIO E CAB 0, AO INVÉS DA CATEGORIA DE CAB 1, A CONTAR DESDE O INÍCIO DOS SEUS RESPETIVOS CONTRATOS DE TRABALHO, MONTANTES QUE DEVERÃO SER CALCULADOS PELAS INSTÂNCIAS, SEM PREJUÍZO DA EVENTUAL NECESSIDADE DE UM INCIDENTE DE LIQUIDAÇÃO.",1,0,0.06,Sem informação,1,fallback:unparsed
Decisão,PROCESSO,1,0,0.32,Sem informação,1,fallback:unparsed
Decisão,PROCESSO À RELAÇÃO PARA APRECIAR O RESTANTE DO PEDIDO DO AUTOR,1,0,0.26,Sem informação,1,fallback:unparsed
Decisão,PROCIDO PARCIAL. JULGADA EXTINTA A RESPONSABILIDADE CRIMINAL.,1,0,0.37,Julgar extinta a instância,1,rule:multi-part
Decisão,PROFERIDA A DECISÃO,1,0,0.32,Sem informação,1,fallback:unparsed
Decisão,PROFERIDA PRONÚNCIA,1,0,0.38,Sem informação,0,rule
Decisão,PROSSEGUE O RECURSO,1,0,0.53,Prosseguir os autos,0,rule
Decisão,PROVIDA A REVISTA,1,0,0.41,Conceder provimento,0,rule
Decisão,PROVIDA EM PARTE,1,0,0.34,Conceder provimento parcialmente,0,rule
Decisão,PROVIDA PARCIALAMENTE,1,0,0.53,Conceder provimento parcialmente,0,rule
Decisão,PROVIDA PARCIALMENTE A REVISTA,1,0,0.30,Conceder provimento parcialmente,0,rule
Decisão,PROVIDA PARCIALMENTE.,1,0,0.56,Conceder provimento parcialmente,0,rule
Decisão,PROVIDAS EM PARTE E DETERMINADA A BAIXA DO PROCESSO À RELAÇÃO,1,0,0.30,Ordenar baixa dos autos,0,rule
Decisão,PROVIDO A RECURSO QUANTO À QUESTÃO DO REENVIO,1,0,0.27,Ordenar baixa dos autos,0,rule
Decisão,PROVIDO DO Mº Pº E NEG. PROV. OUTRO,1,0,0.29,Conceder provimento,1,rule:multi-part
Decisão,PROVIDO EM PARTE O RECURSO,1,0,0.31,Conceder provimento parcialmente,0,rule
Decisão,PROVIDO EM PARTE O RECURSO DO ARGUIDO; NEGADO PROVIMENTO AOS RECURSOS DOS ASSISTENTES.,1,0,0.27,Negar provimento,0,rule
Decisão,PROVIDO EM PARTE O RECURSO DO MINISTÉRIO PÚBLICO E NEGADO PROVIMENTO AO DO ARGUIDO,1,0,0.23,Negar provimento,0,rule
Decisão,PROVIDO EM PARTE O RECURSO DO RECORRENTE AA; IMPROCEDENTE O RECURSO DO RECORRENTE BB.,1,0,0.23,Negar provimento,0,rule
Decisão,PROVIDO EM PARTE QUANTO À MEDIDA DA PENA,1,0,0.30,Conceder provimento parcialmente,0,rule
Decisão,PROVIDO O AGRAVO E ORDENADA A BAIXA À RELAÇÃO PARA CONHECER DA APELAÇÃO,1,0,0.23,Ordenar baixa dos autos,0,rule
Decisão,PROVIDO O RECURSO DO MINISTÉRIO PÚBLICO,1,0,0.26,Conceder provimento,0,rule
Decisão,PROVIDO O RECURSO DO Mº Pº,1,0,0.27,Conceder provimento,0,rule
Decisão,PROVIDO O RECURSO E ANULAÇÃO DO ACÓRDÃO DO PLENÁRIO DO CSM,1,0,0.24,Conceder provimento,0,rule
Decisão,PROVIDO O RECURSO INTERLOCUTÓRIO,1,0,0.28,Conceder provimento,0,rule
Decisão,PROVIDO O RECURSO INTERLOCUTÓRIO E PREJUDICADO O CONHECIMENTO DOS RESTANTES RECURSOS,1,0,0.24,Conceder provimento,0,rule
Decisão,PROVIDO O RECURSO PENAL E IMPROVIDO O RECURSO CIVIL,1,0,0.24,Conceder provimento,0,rule
Decisão,"PROVIDO O RECURSO, REVOGADO O DESPACHO RECORRIDO",1,0,0.23,Revogar,0,rule
Decisão,PROVIDO O RECURSO.,1,0,0.29,Conceder provimento,0,rule
Decisão,PROVIDO PARCIAL UM E ANUL. ACÓ. RESTANTE,1,0,0.28,Conceder provimento parcialmente,1,rule:multi-part
Decisão,PROVIDO PARCIAL.   ALTERADA A QUALIFICAÇÃO JURÍDICA.,1,0,0.24,Conceder provimento parcialmente,1,rule:multi-part
Decisão,PROVIDO PARCIAL.  ANULADO O JULGAMENTO.,1,0,0.30,Conceder provimento parcialmente,1,rule:multi-part
Decisão,PROVIDO PARCIAL.  NEGADO PROVIMENTO.,1,0,0.44,Conceder provimento parcialmente,1,rule:multi-part
Decisão,PROVIDO PARCIAL. ALTERADA A QUALIFICAÇÃO JURÍDICA.,1,0,0.24,Conceder provimento parcialmente,1,rule:multi-part
Decisão,PROVIDO PARCIAL. ANULADO O JULGAMENTO.,1,0,0.30,Conceder provimento parcialmente,1,rule:multi-part
Decisão,PROVIDO PARCIAL. CONCEDIDA A REVISTA.,1,0,0.28,Conceder provimento parcialmente,1,rule:multi-part
Decisão,PROVIDO PARCIAL. CONCEDIDA PARCIALMENTE A REVISTA.,1,0,0.35,Conceder provimento parcialmente,1,rule:multi-part
Decisão,PROVIDO PARCIAL. CONFIRMADA A DECISÃO.,1,0,0.30,Conceder provimento parcialmente,1,rule:multi-part
Decisão,PROVIDO PARCIAL. EXTINÇÃO DO PROCESSO.,1,0,0.30,Conceder provimento parcialmente,1,rule:multi-part
Decisão,PROVIDO PARCIAL. JULGADO EXTINTO O PROCEDIMENTO CRIMINAL.,1,0,0.34,Conceder provimento parcialmente,1,rule:multi-part
Decisão,PROVIDO PARCIAL. NEGADA A REVISTA.,1,0,0.30,Conceder provimento parcialmente,1,rule:multi-part
Decisão,PROVIDO PARCIAL. NEGADA A REVISTA. ORDENADA A BAIXA DO PROCESSO.,1,0,0.25,Conceder provimento parcialmente,1,rule:multi-part
Decisão,PROVIDO PARCIAL:,1,0,0.44,Conceder provimento parcialmente,0,rule
Decisão,PROVIDO PARCIALMENTE E ORDENADA A LIBERTAÇÃO DO ARGUIDO DD,1,0,0.26,Conceder provimento parcialmente,0,rule
Decisão,PROVIDO PARCIALMENTE O DO ARGUIDO,1,0,0.30,Conceder provimento parcialmente,0,rule
Decisão,"PROVIDO PARCIALMENTE O RECURSO DA ARGUIDA, SEGUE PARA JULGAMENTO EM CONFERÊNCIA O RECURSO DO MINISTÉRIO PÚBLICO",1,0,0.20,Conceder provimento parcialmente,0,rule
Decisão,PROVIDO PARCIALMENTE O RECURSO DO ARGUIDO AA. REJEITADO O RECURSO DO ARGUIDO BB,1,0,0.22,Conceder provimento parcialmente,1,rule:multi-part
Decisão,PROVIDO PARCIALMENTE O RECURSO DO ARGUIDO E PROVIDO O RECURSO DO MINISTÉRIO PÚBLICO,1,0,0.20,Conceder provimento parcialmente,0,rule
Decisão,PROVIDO PARCIALMENTE O RECURSO PENAL E PROVIDO O RECURSO CÍVEL,1,0,0.24,Conceder provimento parcialmente,0,rule
Decisão,PROVIDO PARCIALMENTE O RECURSO.,1,0,0.30,Conceder provimento parcialmente,0,rule
Decisão,PROVIDO PARCIALMENTE QUANTO AO RECURSO INTERPOSTO CONTRA O FUNDO DE GARANTIA AUTOMÓVEL E O DEMANDADO AA   E PROVIDO QUANTO AO RECURSO DA DEMANDADA CIVIL CC,1,0,0.15,Conceder provimento parcialmente,0,rule
Decisão,PROVIDO PARCIALMENTE RELATIVO AO ARGUIDO AA E REJEITADO À ARGUIDA BB,1,0,0.22,Rejeitar,0,rule
Decisão,PROVIDO PARCIALMENTE UM E NEGADO PROVIMENTO OUTRO.,1,0,0.31,Negar provimento,0,rule
Decisão,PROVIDO PARCIALMENTE UM E PROVIDO O OUTRO,1,0,0.29,Conceder provimento parcialmente,0,rule
Decisão,PROVIDO PARCIALMENTE À ARGUIDA AA.,1,0,0.27,Conceder provimento parcialmente,0,rule
Decisão,PROVIDO PARCIALMENTE. NEGADO PROVIMENTO.,1,0,0.38,Conceder provimento parcialmente,1,rule:multi-part
Decisão,PROVIDO PARCIALMNETE,1,0,0.53,Conceder provimento parcialmente,0,rule
Decisão,PROVIDO PROVIMENTO.,1,0,0.63,Conceder provimento,0,rule
Decisão,PROVIDO QUANTO OS ARGUIDOS ... E ....,1,0,0.38,Conceder provimento,1,rule:multi-part
Decisão,PROVIDO QUANTO À PENA ÚNICA E REJEITADO NO DEMAIS,1,0,0.24,Rejeitar,0,rule
Decisão,PROVIDO RECURSO DO M. P. E NAGADO O PROVIMENTO AO RECURSO DO ARGUIDO,1,0,0.28,Conceder provimento parcialmente,1,rule:multi-part
Decisão,PROVIDO REVOGANDO-SE O ACÓRDÃO RECORRIDO,1,0,0.22,Conceder provimento,0,rule
Decisão,PROVIDO UM E NEGADO PROVIMENTO A OUTRO,1,0,0.39,Negar provimento,0,rule
Decisão,"PROVIDO, JULGANDO COMPET. O TRIB. CIV. LX.",1,0,0.29,Conceder provimento,1,rule:multi-part
Decisão,PROVIDO.   NEGADO PROVIMENTO.,1,0,0.58,Conceder provimento parcialmente,1,rule:multi-part
Decisão,PROVIDO.   ORDENADO O PROSSEGUIMENTO DO PROCESSO.,1,0,0.30,Conceder provimento,1,rule:multi-part
Decisão,PROVIDO.  NEGADO PROVIMENTO.,1,0,0.58,Conceder provimento parcialmente,1,rule:multi-part
Decisão,PROVIDO.  ORDENADA A BAIXA DO PROCESSO.,1,0,0.43,Conceder provimento,1,rule:multi-part
Decisão,PROVIDO.  PROVIDO PARCIAL.,1,0,0.50,Conceder provimento parcialmente,1,rule:multi-part
Decisão,PROVIDO.  REVOGADA A DECISÃO.,1,0,0.30,Conceder provimento,1,rule:multi-part
Decisão,PROVIDO.  TIRADO ASSENTO.,1,0,0.35,Conceder provimento,1,rule:multi-part
Decisão,PROVIDO. DECIDIDO NÃO TOMAR CONHECIMENTO,1,0,0.32,Conceder provimento,1,rule:multi-part
Decisão,PROVIDO. DEFERIMENTO.,1,0,0.40,Conceder provimento,1,rule:multi-part
Decisão,PROVIDO. DESERÇÃO.,1,0,0.32,Conceder provimento,1,rule:multi-part
Decisão,PROVIDO. EXTINÇÃO DO PROCESSO.,1,0,0.28,Conceder provimento,1,rule:multi-part
Decisão,PROVIDO. INCOMPETÊNCIA.,1,0,0.64,Conceder provimento,1,rule:multi-part
Decisão,PROVIDO. ORDENADO O PROSSEGUIMENTO DO PROCESSO.,1,0,0.30,Conceder provimento,1,rule:multi-part
Decisão,PROVIDO. PROVIDO PARCIAL. NEGADO PROVIMENTO.,1,0,0.40,Conceder provimento parcialmente,1,rule:multi-part
Decisão,PROVIDO. REVOGADA A DECISÃO. DECLARAÇÃO DE COMPETENCIA.,1,0,0.35,Conceder provimento,1,rule:multi-part
Decisão,PROVIDO. TIRADO ASSENTO.,1,0,0.35,Conceder provimento,1,rule:multi-part
Decisão,PROVIDOS AMBOS OS RECURSOS DOS ARGUIDOS DE FORMA PARCIAL,1,0,0.27,Conceder provimento parcialmente,0,rule
Decisão,PROVIDOS PARCIALMENTE OS RECURSOS,1,0,0.36,Conceder provimento parcialmente,0,rule
Decisão,PROVIDOS PARCIALMENTE OS RECURSOS DO MINISTÉRIO PÚBLICO E DO ASSISTENTE,1,0,0.27,Conceder provimento parcialmente,0,rule
Decisão,"PROVIDOS PARCIALMENTE QUATRO RECURSOS INTERLOCUTÓRIOS, NEGADO PROVIMENTO AOS OUTROS QUATRO. PROVIDO O RECURSO DO ACÓRDÃO FINAL, DECLARANDO O MESMO NULO.",1,0,0.17,Conceder provimento parcialmente,1,rule:multi-part
Decisão,PROVIMENTO EM PARTE.,1,0,0.44,Conceder provimento parcialmente,0,rule
Decisão,PROVIMENTO PARCIAL AO RECURSO.,1,0,0.41,Conceder provimento parcialmente,0,rule
Decisão,PROVIMENTO PARCIAL DA REVISTA DO AUTOR. NEGADA A REVISTA DA RÉ,1,0,0.27,Conceder provimento parcialmente,1,rule:multi-part
Decisão,PROVIMENTO PARCIAL DE AMBAS AS REVISTAS,1,0,0.33,Conceder provimento parcialmente,0,rule
Decisão,PROVIMENTO PRACIAL DA REVISTA,1,0,0.38,Conceder provimento,0,rule
Decisão,PROVIMENTO TOTAL,1,0,0.41,Conceder provimento,0,rule
Decisão,PROVIMENTO.,1,0,0.63,Conceder provimento,0,rule
Decisão,PROVUDO PARCIALMENTE,1,0,0.56,Sem informação,1,fallback:unparsed
Decisão,Procedente o Recurso do arguido. Parcialmente procedente o Recurso da arguida,1,0,0.27,Conceder provimento parcialmente,1,rule:multi-part
Decisão,Provido o Recurso,1,0,0.29,Conceder provimento,0,rule
Decisão,Provido o recurso,1,0,0.29,Conceder provimento,0,rule
Decisão,Provido parcialmente o Recurso,1,0,0.30,Conceder provimento parcialmente,0,rule
Decisão,Provido parcialmente o recurso,1,0,0.30,Conceder provimento parcialmente,0,rule
Decisão,QUALIFICA-SE COMO MANIFESTAMENTE INFINDADO O INCIDENTE E ORDENADA A EXTRACÇÃO DE CERTIDÃO.,1,0,0.20,Sem informação,1,fallback:unparsed
Decisão,QUALIFICA-SE COMO MANIFESTAMENTE INFUNDADO O INCIDENTE E ORDENA-SE A EXTRACÇÃO DE CERTIDÃO.,1,0,0.21,Rejeitar,0,rule
Decisão,QUALIFICADO O INCIDENTE COMO MANIFESTAMENTE INFUNDADO E ORDENADO A EXTRACÇÃO DA CERTIDÃO.,1,0,0.24,Rejeitar,0,rule
Decisão,QUALIFICAÇÃO DO INCIDENTE COMO MANIFESTAMENTE INFUNDADO E ORDENADA A EXTRAÇÃO DE TRANSLADO.,1,0,0.22,Rejeitar,0,rule
Decisão,QUE ALUDE O Nº 3 DO ARTº. 672º DO CPC QUANTO À REVISTA,1,0,0.24,Sem informação,1,fallback:unparsed
Decisão,REC. AUTORES - PARCIALMENTE PROCEDENTE;,1,0,0.37,Conceder provimento parcialmente,1,rule:multi-part
Decisão,"REC. RÉUS FCP, FCP SAD, FCP MÉDIA PARCIALMENTE PROCEDENTE;",1,0,0.33,Conceder provimento parcialmente,1,rule:multi-part
Decisão,RECALAMÇÃO INDEFERIDA,1,0,0.41,Indeferir,0,rule
Decisão,RECEBIDO COM DECISÃO FINAL,1,0,0.35,Sem informação,1,fallback:unparsed
Decisão,RECLAMADO,1,0,0.33,Sem informação,1,fallback:unparsed
Decisão,RECLAMAÇAO INDEFERIDA,1,0,0.41,Indeferir,0,rule
Decisão,RECLAMAÇÃO - ARTº 643 CPC,1,0,0.28,Sem informação,1,fallback:unparsed
Decisão,RECLAMAÇÃO ATENDIDA,1,0,0.50,Sem informação,1,fallback:unparsed
Decisão,RECLAMAÇÃO INDEDERIDA QUANTO AO EFEITO DO RECURSO; NÃO CONHECIMENTO DO OBJECTO DO RECURSO,1,0,0.24,Não conhecer,0,rule
Decisão,RECLAMAÇÃO INDEFERIDA (CONFIRMAÇÃO DA DECISÃO SINGULAR DA RELATORA),1,0,0.28,Indeferir,0,rule
Decisão,RECLAMAÇÃO INDEFERIDA COM REMESSA DOS AUTOS À FORMAÇÃO,1,0,0.30,Indeferir,0,rule
Decisão,RECLAMAÇÃO INDEFERIDA COM REMESSA À FORMAÇÃO,1,0,0.32,Indeferir,0,rule
Decisão,"RECLAMAÇÃO INDEFERIDA DIGO, NÃO CONHECIMENTO DO OBJETO DO RECURSO",1,0,0.25,Não conhecer,0,rule
Decisão,RECLAMAÇÃO INDEFERIDA PARCIALMETE,1,0,0.39,Indeferir,0,rule
Decisão,RECLAMAÇÃO INDEFERIDA;,1,0,0.41,Indeferir,0,rule
Decisão,RECLAMAÇÃO INDEFERIDA; CONDENAÇÃO EM LITIGÂNCIA DE MÁ FÉ DO RECLAMANTE.,1,0,0.27,Indeferir,0,rule
Decisão,RECLAMAÇÃO INDEFERIDO.,1,0,0.38,Indeferir,0,rule
Decisão,RECLAMAÇÃO PARCIALMENTE DEFERIDA,1,0,0.38,Deferir,0,rule
Decisão,RECLAMAÇÕES INDEFERIDAS,1,0,0.35,Indeferir,0,rule
Decisão,RECLAMÇAÕ INDEFERIDA,1,0,0.45,Indeferir,0,rule
Decisão,"RECONHECER LEGITIMIDADE AO MINISTÉRIO PÚBLICO PARA EMITIR PARECER NESTES AUTOS / DECLARADA A NULIDADE DA SENTENÇA PROFERIDA PELO 1.º JUÍZO DO TRIBUNAL DA CONCORRÊNCIA, REGULAÇÃO E SUPERVISÃO",1,0,0.14,Anular,1,rule:multi-part
Decisão,RECONHECIDA A OPOSIÇÃO DE JULGADOS,1,0,0.32,Sem informação,1,fallback:unparsed
Decisão,RECTIFICADA A DECISÃO.,1,0,0.36,Sem informação,1,fallback:unparsed
Decisão,RECTIFICADO O ACÓRDÃO,1,0,0.33,Sem informação,1,fallback:unparsed
Decisão,RECTIFICADO O LAPSO MATERIAL E INDEFERIDA A RECLAMAÇÃO.,1,0,0.26,Deferir,0,rule
Decisão,RECURSO ADMITIDO.,1,0,0.50,Sem informação,1,fallback:unparsed
Decisão,RECURSO CIVIL REJEITADO,1,0,0.30,Rejeitar,0,rule
Decisão,RECURSO CRIMINAL PARCIALMENTE PROCEDENTE,1,0,0.40,Conceder provimento parcialmente,0,rule
Decisão,RECURSO CÍVEL IMPROCEDENTE,1,0,0.42,Negar provimento,0,rule
Decisão,RECURSO DA REVISTA PRINCIPAL PARCIALMENTE PROCEDENTE. O RECURSO DA REVISTA SUBORDINADA IMPROCEDENTE.,1,0,0.23,Conceder provimento parcialmente,1,rule:multi-part
Decisão,RECURSO DA RÉ - NEGADA,1,0,0.32,Negar provimento,0,rule
Decisão,RECURSO DE REVISTA IMPROCEDENTE,1,0,0.35,Negar provimento,0,rule
Decisão,RECURSO DOS AUTORES - CONCEDIDA PARCIALMENTE,1,0,0.41,Conceder provimento parcialmente,0,rule
Decisão,RECURSO DOS RÉUS NÃO ADMITIDO; CONCEDIDA A REVISTA DO AUTOR,1,0,0.27,Não admitir,0,rule
Decisão,RECURSO NÃO ADMITIDO,1,0,0.50,Não admitir,0,rule
Decisão,RECURSO PARA NOVO JULG.,1,0,0.32,Sem informação,1,fallback:unparsed
Decisão,RECURSO PARCIALMENTE NÃO ATENDIDO. NEGADA NA PATE CONHECIDA,1,0,0.31,Negar provimento,1,rule:multi-part
Decisão,RECURSO PARCIALMENTE PROCEDENTE E REVOGADO O ACÓRDÃO RECORRIDO,1,0,0.26,Revogar,0,rule
Decisão,RECURSO PRINCIPAL - CONCEDIDA A REVISTA,1,0,0.31,Conceder provimento,0,rule
Decisão,RECURSO PRINCIPAL:,1,0,0.35,Sem informação,1,fallback:unparsed
Decisão,RECURSO PROCEDENTE.,1,0,0.50,Conceder provimento,0,rule
Decisão,RECURSO SUBORDINADO IMPROCEDENTE.,1,0,0.31,Negar provimento,0,rule
Decisão,RECURSO SUBORDINADO PROCEDENTE.,1,0,0.33,Conceder provimento,0,rule
Decisão,RECURSO SUBORDINADO:,1,0,0.32,Sem informação,1,fallback:unparsed
Decisão,RECURSO.,1,0,0.32,Sem informação,1,fallback:unparsed
Decisão,RECURSOS IMPROCEDENTES.,1,0,0.41,Negar provimento,0,rule
Decisão,RECUSADA A ENTREGA,1,0,0.50,Sem informação,1,fallback:unparsed
Decisão,RECUSADA A REVISÃO DO ACÓRDÃO,1,0,0.28,Negar provimento,0,rule
Decisão,RECUSADO O REQUERIMENTO,1,0,0.43,Sem informação,1,fallback:unparsed
Decisão,REENVIADO O PROCESSO A RELAÇÃO,1,0,0.27,Ordenar baixa dos autos,0,rule
Decisão,REENVIADO O PROCESSO PARA NOVO JULGAMENTO,1,0,0.37,Ordenar baixa dos autos,0,rule
Decisão,REENVIADO O PROCESSO À RELAÇÃO DE LISBOA.,1,0,0.28,Ordenar baixa dos autos,0,rule
Decisão,REENVIADO O PROCESSO.,1,0,0.30,Ordenar baixa dos autos,0,rule
Decisão,REENVIADO PARA A RELAÇÃO,1,0,0.38,Ordenar baixa dos autos,0,rule
Decisão,REENVIADO PARA NOVO JULGAMENTO.,1,0,0.40,Ordenar baixa dos autos,0,rule
Decisão,REENVIO DO PROCESSO RELATIVAMENTE AO PEDIDO DE INDEMNIZAÇÃO CIVIL,1,0,0.26,Ordenar baixa dos autos,0,rule
Decisão,REENVIO DO PROCESSO.,1,0,0.32,Ordenar baixa dos autos,0,rule
Decisão,REFORMADO O ACORDÂO. DESATENDIDA A RECLAMAÇÂO.,1,0,0.29,Indeferir,1,rule:multi-part
Decisão,REFORMADO O ACÓRDÃO QUANTO ÀS CUSTAS,1,0,0.33,Sem informação,0,rule
Decisão,REFORMAR A JURISPRUDÊNCIA FIXADA / REENVIAR O PROCESSO AO TRIBUNAL DA RELAÇÃO DE COIMBRA,1,0,0.20,Sem informação,1,fallback:unparsed
Decisão,REFORMAR O ACÓRDÃO QUANTO A CUSTAS,1,0,0.32,Sem informação,1,fallback:unparsed
Decisão,REFORMULADO O ACORDÃO.,1,0,0.33,Sem informação,1,fallback:unparsed
Decisão,REGADA A REVISTA,1,0,0.38,Sem informação,1,fallback:unparsed
Decisão,REGEITADA A REVISTA.,1,0,0.45,Rejeitar,0,rule
Decisão,REGEITADO,1,0,0.67,Rejeitar,0,rule
Decisão,REJEITADA  A REVISTA EXCEPCIONAL,1,0,0.35,Rejeitar,0,rule
Decisão,REJEITADA A ADMISSÃO DE REVISTA,1,0,0.32,Rejeitar,0,rule
Decisão,REJEITADA A PROVIDÊNCIA,1,0,0.43,Rejeitar,0,rule
Decisão,REJEITADA A RECLAMAÇÃO DO DESPACHO DE NÃO ADMISSÃO DO RECURSO DE REVISTA,1,0,0.19,Não admitir,0,rule
Decisão,REJEITADA A REVISTA DA RÉ E NEGADA A REVISTA DA AUTORA,1,0,0.26,Rejeitar,0,rule
Decisão,REJEITADA A REVISTA EXCECIONAL,1,0,0.37,Rejeitar,0,rule
Decisão,REJEITADA A REVISÃO,1,0,0.42,Rejeitar,0,rule
Decisão,REJEITADA ADMISSÃO DA REVISTA,1,0,0.31,Rejeitar,0,rule
Decisão,REJEITADA EM PARTE E NEGADA NO DEMAIS,1,0,0.27,Rejeitar,0,rule
Decisão,REJEITADA EM PARTE E REMETIDA À FORMAÇÃO NO DEMAIS,1,0,0.26,Remeter os autos,0,rule
Decisão,REJEITADA PARCIALMENTE E DETERMINADA A REMESSA À FORMAÇÃO DO Nº 3 DO ARTº 672º CPC E CONCEDIDO PROVIMENTO PARCIAL À REVISTA,1,0,0.22,Remeter os autos,0,rule
Decisão,REJEITADA QUANTO ÀS PENAS PARCELARES E PROVIDO PARCIALMENTE QUANTO AO DEMAIS,1,0,0.29,Rejeitar,0,rule
Decisão,REJEITADA RECLAMAÇÃO PARA A CONFERÊNCIA,1,0,0.41,Rejeitar,0,rule
Decisão,"REJEITADO A IMPUGNAÇÃO, POR ILEGÍTIMIDADE",1,0,0.27,Rejeitar,0,rule
Decisão,REJEITADO DO RECURSO,1,0,0.40,Rejeitar,0,rule
Decisão,REJEITADO E CONVOLADO EM RECURSO ORDINÁRIO A REMETER AO TRIBUNAL DA RELAÇÃO,1,0,0.23,Remeter os autos,0,rule
Decisão,REJEITADO E REMETIDO AO TRIBUNAL DA RELAÇÃO DE ...,1,0,0.26,Remeter os autos,0,rule
Decisão,REJEITADO EM PARTE E ANUL. DEC. RECORRIDO,1,0,0.24,Rejeitar,1,rule:multi-part
Decisão,REJEITADO EM PARTE E IMPROCEDENTE NO MAIS,1,0,0.32,Rejeitar,0,rule
Decisão,REJEITADO EM PARTE E NEGADO PROVIMENTO AO RESTANTE,1,0,0.36,Rejeitar,0,rule
Decisão,REJEITADO EM PARTE E PROVIDO PARCIALMENTE,1,0,0.49,Rejeitar,0,rule
Decisão,REJEITADO EM PARTE. NEGADA,1,0,0.31,Rejeitar,1,rule:multi-part
Decisão,REJEITADO EM PARTE; NEGADO PROVIMENTO ÀS DEMAIS QUESTÕES SUSCITADAS.,1,0,0.28,Rejeitar,0,rule
Decisão,"REJEITADO EM RELAÇÃO AOS ARGUIDOS BB, CC E DD E PROVIDO EM RELAÇÃO AO ARGUIDO AA",1,0,0.20,Rejeitar,0,rule
Decisão,REJEITADO LIMINARMENTE O RECURSO,1,0,0.28,Rejeitar,0,rule
Decisão,REJEITADO NA PARTE CRIMINAL E JULGADO PARCIALMENTE QUANTO AO CIVEL,1,0,0.32,Rejeitar,0,rule
Decisão,REJEITADO O PEDIDO DE REFORMA,1,0,0.28,Rejeitar,0,rule
Decisão,REJEITADO O PEDIDO DE REVISÃO,1,0,0.28,Rejeitar,0,rule
Decisão,REJEITADO O PEDIDO DE UNIFORMIZAÇÃO DE JURISPRUDÊNCIA,1,0,0.34,Fixar jurisprudência,0,rule
Decisão,REJEITADO O PROVIMENTO E O RECURSO,1,0,0.38,Rejeitar,0,rule
Decisão,REJEITADO O RCURSO,1,0,0.44,Rejeitar,0,rule
Decisão,REJEITADO O RECURSO A UNS E REJEITADO PARCIALMENTE O RECURSO A OUTROS,1,0,0.29,Rejeitar,0,rule
Decisão,REJEITADO O RECURSO DA ASSISTENTE MM E PROVIDO PARCIALMENTE OS RESTANTES,1,0,0.31,Rejeitar,0,rule
Decisão,REJEITADO O RECURSO DA RECORRENTE E CONCEDIDO PARCIALMENTE O RECURSO DO RECORRENTE,1,0,0.27,Rejeitar,0,rule
Decisão,REJEITADO O RECURSO DA REVISTA,1,0,0.33,Rejeitar,0,rule
Decisão,REJEITADO O RECURSO DE CC. NEGADO PROVIMENTO NO MAIS.,1,0,0.29,Rejeitar,1,rule:multi-part
Decisão,REJEITADO O RECURSO DE PENAL E CÍVEL E ADMITIDO O RECURSO DE REVISTA,1,0,0.22,Rejeitar,0,rule
Decisão,REJEITADO O RECURSO DE REVISTA EXCEPCIONAL E DECLARADA A CADUCIDADE DA REVISTA SUBORDINADA,1,0,0.20,Rejeitar,0,rule
Decisão,REJEITADO O RECURSO DE REVISÃO,1,0,0.30,Rejeitar,0,rule
Decisão,REJEITADO O RECURSO DO ARGUIDO BB E NEGADO PROVIMENTO QUANTO AO RECURSO DO ARGUIDO AA,1,0,0.24,Rejeitar,0,rule
Decisão,REJEITADO O RECURSO DO ARGUIDO BB; JULGADO IMPROCEDENTE O RECURSO DO ARGUIDO AA.,1,0,0.20,Rejeitar,0,rule
Decisão,REJEITADO O RECURSO DO ARGUIDO MM E PROVIDOS PARCIALMENTE OS RESTANTES,1,0,0.31,Rejeitar,0,rule
Decisão,REJEITADO O RECURSO DO ARGUIDO NA PARTE RELATIVA À CONDENAÇÃO PELO CRIME DE DETENÇÃO DE ARMA PROIBIDA.,1,0,0.20,Rejeitar,0,rule
Decisão,REJEITADO O RECURSO DO RECORRENTE DD. NEGADO PROVIMENTO DO RECORRENTE BB,1,0,0.32,Rejeitar,1,rule:multi-part
Decisão,"REJEITADO O RECURSO DOS ARGUIDOS ""AA"" E ""BB""; NEGADO PROVIMENTO AO RECURSO DO ARGUIDO ""CC"".",1,0,0.21,Rejeitar,0,rule
Decisão,REJEITADO O RECURSO E PROVIDO PARCIALMENTE OUTRO,1,0,0.42,Rejeitar,0,rule
Decisão,REJEITADO O RECURSO EM MATÉRIA PENAL,1,0,0.25,Rejeitar,0,rule
Decisão,REJEITADO O RECURSO EXTRAORDINÁRIO,1,0,0.29,Rejeitar,0,rule
Decisão,REJEITADO O RECURSO EXTRAORDINÁRIO DE DECISÃO PROFERIDA CONTRA JURISPRUDÊNCIA FIXADA,1,0,0.23,Rejeitar,0,rule
Decisão,REJEITADO O RECURSO EXTRAORDINÁRIO DE FIXAÇÃO DE JURISPRUDÊNCIA,1,0,0.30,Fixar jurisprudência,0,rule
Decisão,"REJEITADO O RECURSO EXTRAORDINÁRIO, CONVOLADO EM RECURSO ORDINÁRIO PARA O TRIBUNAL DA RELAÇÃO DE ...",1,0,0.21,Rejeitar,0,rule
Decisão,REJEITADO O RECURSO FALTA OPOS. JULGADOS,1,0,0.32,Rejeitar,1,rule:multi-part
Decisão,REJEITADO O RECURSO INDEPENDENTE PREJUDICADA A APRECIAÇÃO DO RECURSO SUBORDINADO.,1,0,0.21,Rejeitar,0,rule
Decisão,REJEITADO O RECURSO INTERLUCUTÓRIO DA ARGUIDA E O RECURSO QUE INTERPÔS DA DECISÃO FINAL NA PARTE RELATIVA À CONDENAÇÃO PELOS CRIMES DE DETENÇÃO DE ARMA PROIBIDA E DE PROFANAÇÃO DO CADÁVER.,1,0,0.13,Rejeitar,0,rule
Decisão,REJEITADO O RECURSO INTERPOSTO POR IRRECORRIBILIDADE DA DECISÃO IMPUGNADA,1,0,0.22,Rejeitar,0,rule
Decisão,REJEITADO O RECURSO INTERPOSTO QUANTO À DECISÃO INTERLOCUTÓRIA. NEGADO PROVIMENTO AO DEMAIS.,1,0,0.22,Negar provimento,1,rule:multi-part
Decisão,REJEITADO O RECURSO PARA UNIFORMIZAÇÃO DE JURISPRUDÊNCIA,1,0,0.32,Fixar jurisprudência,0,rule
Decisão,REJEITADO O RECURSO PENAL E JULGADO IMPROCEDENTE O RECURSO CÍVEL DO MESMO ARGUIDO. PROVIDO EM PARTE O RECURSO DO MINISTÉRIO PÚBLICO.,1,0,0.18,Conceder provimento parcialmente,1,rule:multi-part
Decisão,REJEITADO O RECURSO PENAL E PROVIDO PARCIALMENTE O CÍVEL,1,0,0.36,Rejeitar,0,rule
Decisão,REJEITADO O RECURSO POR DUPLA CONFORME E NEGADO PROVIMENTO NO RESTANTE,1,0,0.27,Rejeitar,0,rule
Decisão,REJEITADO O RECURSO POR EXTEMPORANEIDADE,1,0,0.30,Rejeitar,0,rule
Decisão,REJEITADO O RECURSO POR INADMISSIBILIDADE.,1,0,0.27,Rejeitar,0,rule
Decisão,REJEITADO O RECURSO QUANTO Á MATÉRIA CRIMINAL,1,0,0.29,Rejeitar,0,rule
Decisão,"REJEITADO O RECURSO, ORDENADA A REMESSA AO TRIBUNAL DA RELAÇÃO",1,0,0.23,Remeter os autos,0,rule
Decisão,REJEITADO O RECURSO.   ALTERADA A DECISÃO.,1,0,0.28,Rejeitar,1,rule:multi-part
Decisão,REJEITADO O RECURSO.  PROVIDO PARCIAL.,1,0,0.31,Conceder provimento parcialmente,1,rule:multi-part
Decisão,REJEITADO O RECURSO. ATENDIDA A QUESTÃO PRÉVIA.,1,0,0.33,Rejeitar,1,rule:multi-part
Decisão,REJEITADO O RECURSO. DECIDIDO CONHECER DO RECURSO.,1,0,0.22,Rejeitar,1,rule:multi-part
Decisão,REJEITADO O RECURSO. FINDO O RECURSO POR NÃO EXISTIR OPOSIÇÃO.,1,0,0.23,Rejeitar,1,rule:multi-part
Decisão,REJEITADO O RECURSO. FINDO O RECURSO POR NÃO HAVER OPOSIÇÃO.,1,0,0.22,Rejeitar,1,rule:multi-part
Decisão,REJEITADO O RECURSO. ORDENADO O PROSSEGUIMENTO DO PROCESSO.,1,0,0.26,Rejeitar,1,rule:multi-part
Decisão,REJEITADO O RECURSO. PROVIDO.,1,0,0.29,Rejeitar,1,rule:multi-part
Decisão,REJEITADO O RECURSO/ DETERMINADA A REMESSA DO PROCESSO AO TRIBUNAL DA RELAÇÃO DE COIMBRA,1,0,0.19,Remeter os autos,0,rule
Decisão,REJEITADO O SUMÁRIO,1,0,0.42,Rejeitar,0,rule
Decisão,REJEITADO OS RECURSOS,1,0,0.52,Rejeitar,0,rule
Decisão,"REJEITADO OS RECURSOS INTERLOCUTÓRIOS, NEGADO PROVIMENTO AOS RECURSOS PRINCIPAIS",1,0,0.25,Rejeitar,0,rule
Decisão,REJEITADO OS RECURSOS.,1,0,0.52,Rejeitar,0,rule
Decisão,REJEITADO PALCIALMENTE,1,0,0.50,Rejeitar,0,rule
Decisão,REJEITADO PARCIALMENTE A ARGUIÇÃO DE NULIDADES,1,0,0.33,Rejeitar,0,rule
Decisão,REJEITADO PARCIALMENTE E NEGADO PROVIMENTO NA PARTE RESTANTE,1,0,0.37,Rejeitar,0,rule
Decisão,REJEITADO PARCIALMENTE O RECURSO,1,0,0.34,Rejeitar,0,rule
Decisão,REJEITADO POR EXTEMPORANEIDADE,1,0,0.33,Rejeitar,0,rule
Decisão,REJEITADO POR FALTA DE OPOSIÇÃO DE JULGADOS,1,0,0.33,Rejeitar,0,rule
Decisão,REJEITADO POR INADMISSIBILIDADE LEGAL,1,0,0.24,Rejeitar,0,rule
Decisão,REJEITADO POR INADMISSÍVEL,1,0,0.35,Rejeitar,0,rule
Decisão,REJEITADO POR MANIFESTA IMPROCEDÊNCIA,1,0,0.38,Rejeitar,0,rule
Decisão,REJEITADO POR NÃO OPOSIÇÃO DE JULGADOS,1,0,0.32,Rejeitar,0,rule
Decisão,REJEITADO QUANDO AS PESSOAS PARCELARES. NEGADO PROVIMENTO NO MAIS,1,0,0.25,Rejeitar,1,rule:multi-part
Decisão,REJEITADO QUANTO AO 1º RECURSO E ANULADO O ACÓRDÃO POR OMISSÃO DE PRONÚNCIA,1,0,0.21,Sem informação,0,rule
Decisão,REJEITADO QUANTO À DUPLA CONFORME E NEGADO PROVIMENTO QUANTO AOS DEMAIS,1,0,0.28,Rejeitar,0,rule
Decisão,REJEITADO QUANTO À MATÉRIA DE FACTO E QUANTO AO CRIME DE VIOLÊNCIA DOMÉSTICA E NEGADO PROVIMENTO QUANTO AO DEMAIS,1,0,0.19,Rejeitar,0,rule
Decisão,REJEITADO QUANTO ÀS NULIDADES E QUANTO À MATÉRIA DE FACTO. NEGADO PROVIMENTO QUANTO AO MAIS,1,0,0.21,Rejeitar,1,rule:multi-part
Decisão,REJEITADO RELATIVAMENTE À DUPLA CONFORME E NEGADO PROVIMENTO QUANTO AO DEMAIS,1,0,0.26,Rejeitar,0,rule
Decisão,REJEITADO UM RECURSO E JULGADO IMPROCEDENTE O OUTRO,1,0,0.24,Rejeitar,0,rule
Decisão,"REJEITADO, MAS CONVOLADO EM RECURSO ORDINÁRIO PARA O TRIBUNAL DA RELAÇÃO",1,0,0.25,Rejeitar,0,rule
Decisão,"REJEITADO, POR NÃO SER ADMISSÍVEL, O RECURSO INTERPOSTO",1,0,0.25,Rejeitar,0,rule
Decisão,"REJEITADOS OS RECURSOS DA ARGUIDA DD, DO ARGUIDO CC (DO ACÓRDÃO DE 17/09/2014 E DO DESPACHO DE 05/09/2014); NEGADO PROVIMENTO AOS RECURSOS DOS ARGUIDOS AA E BB;",1,0,0.14,Rejeitar,0,rule
Decisão,REJEITADOS OS RECURSOS DE CC E BB (ESTES DOIS PARCIALMENTE); CONCEDIDO PARCIALMENTE PROVIMENTO AOS RECURSOS DE AA E BB. NEGADO PROVIMENTO AO RESTANTE,1,0,0.18,Rejeitar,1,rule:multi-part
Decisão,"REJEITADOS OS RECURSOS DOS ARGUIDOS AA  E BB  E CONCEDIDO PROVIMENTO AO RECURSO DA CAIXA ECONÓMICA M. G., ANULANDO-SE O ACÓRDÃO EXCLUSIVAMENTE QUANTO AO PEDIDO CÍVEL",1,0,0.17,Rejeitar,1,rule:multi-part
Decisão,REJEITADOS OS RECURSOS DOS ARGUIDOS AA E BB. PROVIDO O DO ARGUIDO DD,1,0,0.21,Rejeitar,1,rule:multi-part
Decisão,REJEITADOS OS RECURSOS DOS ARGUIDOS BB E CC; ANULADA A DECISÃO RECORRIDA QUANTO AO ARGUIDO AA.,1,0,0.18,Anular,0,rule
Decisão,REJEITADOS OS RECURSOS EXTRAORDINÁRIOS PARA FIXAÇÃO DE JURISPRUDÊNCIA,1,0,0.28,Fixar jurisprudência,0,rule
Decisão,"REJEITADOS OS RECURSOS INTERPOSTOS PELAS RECORRENTES FF, QQ E LL; REJEITADO O RECURSO DO ARGUIDO AA, NO QUE TOCA ÀS QUESTÕES RELATIVAS ÀS CONDENAÇÕES NAS PENAS PARCELARES; NO MAIS, JULGADO IMPROCEDENTE O RECURSO.",1,0,0.13,Rejeitar,0,rule
Decisão,"REJEITADOS OS RECURSOS INTERPOSTOS POR TODOS OS RECORRENTES, NO QUE RESPEITA À APRECIAÇÃO DA MATÉRIA DE FACTO; REJEITADOS OS RECURSOS INTERPOSTOS PELOS RECORRENTES QUANTO À MEDIDA DAS PENAS PARCELARES, RELATIVAS AOS CRIMES DE EXTORSÃO, NA FORMA TENTADA; E, NEGADO PROVIMENTO AOS RECURSOS, NA PARTE RESTANTE.",1,0,0.09,Rejeitar,0,rule
Decisão,"REJEITADOS TOTALMENTE OS RECURSOS DOS ARGUIDOS HH, GG E PP E PARCIALMENTE OS DEMAIS E NEGADO PROVIMENTO QUANTO AOS RESTANTES",1,0,0.19,Rejeitar,0,rule
Decisão,REJEITAR O RECURSO,1,0,0.44,Rejeitar,0,rule
Decisão,"REJEITAR, POR INADMISSIBILIDADE, O RECURSO EXTRAORDINÁRIO PARA FIXAÇÃO DE JURISPRUDÊNCIA",1,0,0.22,Fixar jurisprudência,0,rule
Decisão,REJEIÇÃO DA REVISTA EXCEPCIONAL,1,0,0.32,Rejeitar,0,rule
Decisão,REJEIÇÃO DE RECURSO,1,0,0.37,Rejeitar,0,rule
Decisão,REJEIÇÃO DO RECURSO,1,0,0.37,Rejeitar,0,rule
Decisão,REJEIÇÃO PARCIAL DECORRENTE DA DUPLA CONFORME E NEGADO PROVIMENTO QUANTO AO DEMAIS,1,0,0.26,Rejeitar,0,rule
Decisão,REJITADO QUNTO À MATÉRIA DE FACTO E NEGADO PROVIMENTO QUANTO AO DEMAIS,1,0,0.29,Negar provimento,0,rule
Decisão,RELAÇÃO DO PORTO,1,0,0.39,Sem informação,1,fallback:unparsed
Decisão,REM. TRIBUNAL RELAÇÃO DE LISBOA,1,0,0.32,Sem informação,1,fallback:unparsed
Decisão,REMESSA DOS AUTOS AO TROBUNAL A QUO PARA AMPLIAÇÃO DA MATÉRIA DE FACTO,1,0,0.20,Remeter os autos,0,rule
Decisão,REMESSA DOS AUTOS À 1ª INSTÂNCIA,1,0,0.47,Remeter os autos,0,rule
Decisão,REMESSA DOS AUTOS À FORMAÇÃO PARA CONHECIMENTO DO PEDIDO SUBSIDIÁRIO DE REVISTA EXCEPCIONAL.,1,0,0.22,Remeter os autos,0,rule
Decisão,"REMESSA DOS AUTOS Á FORMAÇÃO DE JUÍZES, A QUE ALUDE O Nº. 3 DO ARTº. 672º DO CÓDIGO DE PROCESSO CIVIL (REVISTA EXCECIONAL)",1,0,0.14,Remeter os autos,1,rule:multi-part
Decisão,REMESSA À DISTRIBUIÇÃO,1,0,0.32,Sem informação,0,rule
Decisão,REMETAM-SE OS AUTOS ÀS INSTÂNCIAS PARA AMPLIAÇÃO DO JULGAMENTO DA MATÉRIA DE FACTO,1,0,0.22,Sem informação,1,fallback:unparsed
Decisão,REMETER OS AUTOS À FORMAÇÃO DE JUÍZES A QUE ALUDE O Nº. 3 DO ARTº. 672º DO CÓDIGO DE PROCESSO CÍVIL.,1,0,0.16,Remeter os autos,1,rule:multi-part
Decisão,REMETER À FORMAÇÃO (RECURSO DE REVISTA EXCEPCIONAL),1,0,0.25,Remeter os autos,0,rule
Decisão,"REMETIDA À FORMAÇÃO PREVISTA NO ARTº 672º, Nº 3 DO C.P.C.",1,0,0.23,Remeter os autos,1,rule:multi-part
Decisão,REMETIDO AO TRIBUNAL DA RELAÇÃO DE LISBOA,1,0,0.32,Remeter os autos,0,rule
Decisão,REMETIDO AO TRIBUNAL DA RELAÇÃO DE LISBOA.,1,0,0.32,Remeter os autos,0,rule
Decisão,REMETIDO AO TRIBUNAL DA RELAÇÃO DE ÉVORA,1,0,0.32,Remeter os autos,0,rule
Decisão,REMETIDO AO TRIBUNAL DA RELAÇÃO.,1,0,0.35,Remeter os autos,0,rule
Decisão,REMETIDO AO TRIBUNAL DO FUNDÃO,1,0,0.30,Remeter os autos,0,rule
Decisão,REMETIDO AO TRIBUNAL RELAÇÃO DE LISBOA,1,0,0.32,Remeter os autos,0,rule
Decisão,REMETIDO O PROCESSO AO TRIB. REL. EVORA,1,0,0.31,Remeter os autos,1,rule:multi-part
Decisão,REMETIDO O PROCESSO AO TRIBUNAL DA RELAÇÃO DE ÉVORA,1,0,0.29,Remeter os autos,0,rule
Decisão,REMETIDO O PROCESSO AO TRIBUNAL DA RELAÇÃO DO PORTO,1,0,0.25,Remeter os autos,0,rule
Decisão,REMETIDO O PROCESSO À FORMAÇÃO,1,0,0.37,Remeter os autos,0,rule
Decisão,REMETIDO O PROCESSO À RELAÇÃO,1,0,0.34,Remeter os autos,0,rule
Decisão,REMETIDO À FORMAÇÃO PARA CONHECIMENTO DOS PRESSUPOSTOS DA ADMISSIBILIDADE DA REVISTA EXCEPCIONAL.,1,0,0.21,Remeter os autos,0,rule
Decisão,REMETIDO À RELAÇÃO,1,0,0.44,Remeter os autos,0,rule
Decisão,"REMETIDO À RELAÇÃO DE LISBOA, POR SER O TRIBUNAL COMPETENTE",1,0,0.29,Remeter os autos,0,rule
Decisão,REMETIDO À RELAÇÃO PARA AMPLIAÇÃO DA MATÉRIA DE FACTO.,1,0,0.25,Remeter os autos,0,rule
Decisão,RETIFICADO ACÓRDÃO QUANTO A CUSTAS.,1,0,0.32,Sem informação,1,fallback:unparsed
Decisão,RETIFICADO O ACÓRDÃO,1,0,0.35,Sem informação,1,fallback:unparsed
Decisão,RETIFICADO O ACÓRDÃO OFICIOSAMENTE,1,0,0.29,Sem informação,1,fallback:unparsed
Decisão,"RETIFICADO O ACÓRDÃO RELATIVAMENTE A UM LAPSO MATERIAL, INDEFERIDA A ARGUIÇÃO DE NULIDADES E INDEFERIDO O PEDIDO DE REFORMA DO ACÓRDÃO.",1,0,0.15,Indeferir,0,rule
Decisão,REVISTA A REVISTA DA RÉ E NEGADA A REVISTA DO AUTOR,1,0,0.29,Negar provimento,0,rule
Decisão,REVISTA CONCEDIDA,1,0,0.41,Conceder provimento,0,rule
Decisão,REVISTA DA AUTORA PARCIALMENTE PROCEDENTE. REVISTA DA RÉ PREJUDICADA.,1,0,0.24,Conceder provimento parcialmente,1,rule:multi-part
Decisão,REVISTA DA AUTORA PROCEDENTE;,1,0,0.36,Conceder provimento,0,rule
Decisão,REVISTA DA REQUERIDA CONCEDIDA,1,0,0.37,Conceder provimento,0,rule
Decisão,REVISTA DA RÉ - IMPROCEDENTE,1,0,0.36,Negar provimento,0,rule
Decisão,REVISTA DA RÉ IMPROCEDENTE,1,0,0.38,Negar provimento,0,rule
Decisão,REVISTA DO AUTOR - PROCEDENTE,1,0,0.34,Conceder provimento,0,rule
Decisão,REVISTA DO AUTOR PARCIALMENTE PROCEDENTE.,1,0,0.35,Conceder provimento parcialmente,0,rule
Decisão,REVISTA DOS AUTORES E DOS RÉUS IMPROCEDENTE,1,0,0.28,Negar provimento,0,rule
Decisão,REVISTA IMPROCEDENTE COM BAIXA DOS AUTOS PARA CONHECIMENTO DA NULIDADE.,1,0,0.29,Ordenar baixa dos autos,0,rule
Decisão,REVISTA IMPROCEDENTE COM DECLARAÇÃO DE VOTO.,1,0,0.30,Negar provimento,0,rule
Decisão,REVISTA IMPROCEDENTE COM DEFERIMENTO DO PEDIDO DE DISPENSA DO PAGAMENTO DO REMANESCENTE DA TAXA DE JUSTIÇA,1,0,0.21,Deferir,0,rule
Decisão,REVISTA IMPROCEDENTE COM REMESSA DOS AUTOS À RELAÇÃO,1,0,0.31,Remeter os autos,0,rule
Decisão,REVISTA IMPROCEDENTE COM VOTO DE VENCIDO,1,0,0.30,Negar provimento,0,rule
Decisão,REVISTA IMPROCEDENTE E DA LITIGÂNCIA DE MÁ FÉ.,1,0,0.31,Negar provimento,0,rule
Decisão,REVISTA IMPROCEDENTE E IMPROCEDÊNCIA DO PEDIDO DE CONDENAÇÃO DE LITIGÂNCIA DE MÁ FÉ DO RECORRENTE.,1,0,0.23,Negar provimento,0,rule
Decisão,REVISTA IMPROCEDENTE E NÃO CONHECIMENTO DO RECURSO (LITIGÂNCIA DE MÁ FÉ),1,0,0.26,Não conhecer,0,rule
Decisão,REVISTA IMPROCEDENTE;,1,0,0.41,Negar provimento,0,rule
Decisão,REVISTA NEGADA COM UNANIMIDADE,1,0,0.33,Negar provimento,0,rule
Decisão,REVISTA NORMAL IMPROCEDENTE COM REMESSA DO PROCESSO À FORMAÇÃO,1,0,0.24,Remeter os autos,0,rule
Decisão,REVISTA PARCIAL,1,0,0.38,Sem informação,1,fallback:unparsed
Decisão,REVISTA PARCIALMENTE,1,0,0.53,Sem informação,1,fallback:unparsed
Decisão,REVISTA PARCIALMENTE CONCEDIDA.,1,0,0.47,Conceder provimento parcialmente,0,rule
Decisão,REVISTA PARCIALMENTE CONCEDIDA; NEGADO O RECURSO SUBORDINADO,1,0,0.23,Negar provimento,0,rule
Decisão,REVISTA PARCIALMENTE NEGADA.,1,0,0.48,Negar provimento,0,rule
Decisão,REVISTA PARCIALMENTE PROCEDENTE BAIXANDO OS AUTOS À 1ª INSTÃNCIA,1,0,0.31,Ordenar baixa dos autos,0,rule
Decisão,REVISTA PARCIALMENTE PROCEDENTE COM DEVOLUÇÃO DO PROCESSO AO TRIBUNAL RECORRIDO,1,0,0.23,Conceder provimento parcialmente,0,rule
Decisão,"REVISTA PARCIALMENTE PROCEDENTE COM DEVOLUÇÃO DOS AUTOS AO TRIBUNAL ""A QUO""",1,0,0.22,Conceder provimento parcialmente,0,rule
Decisão,REVISTA PARCIALMENTE PROCEDENTE E DEVOLUÇÃO DOS AUTOS AO TRIBUNAL RECORRIDO,1,0,0.21,Conceder provimento parcialmente,0,rule
Decisão,REVISTA PARCILAMENTE PROCEDENTE,1,0,0.38,Conceder provimento,0,rule
Decisão,REVISTA PERCIALMENTE PROCEDENTE,1,0,0.38,Conceder provimento,0,rule
Decisão,"REVISTA PRINCIPAL IMPROCEDENTE, ",1,0,0.33,Negar provimento,0,rule
Decisão,"REVISTA PRINCIPAL IMPROCEDENTE, REVISTA SUBSIDIÁRIA PARCIALMENTE PROCEDENTE",1,0,0.29,Negar provimento,0,rule
Decisão,REVISTA PRINCIPAL PARCIALMENTE PROCEDENTE.,1,0,0.34,Conceder provimento parcialmente,0,rule
Decisão,REVISTA PROCEDENTE .,1,0,0.45,Conceder provimento,0,rule
Decisão,"REVISTA PROCEDENTE COM ANULAÇÃO DO ACÓRDÃO E REMESSA AO TRIBUNAL ""A QUO""",1,0,0.20,Remeter os autos,0,rule
Decisão,"REVISTA PROCEDENTE COM REMESA DOS AUTIS AO TRIBUNAL ""A QUO""",1,0,0.26,Conceder provimento,0,rule
Decisão,"REVISTA PROCEDENTE COM REMESSA DOS AUTOS AO TRIBUNAL ""A QUO""",1,0,0.27,Remeter os autos,0,rule
Decisão,REVISTA PROCEDENTE E SUA DEVOLUÇÃO AO TRIBUNAL RECORRIDO,1,0,0.23,Conceder provimento,0,rule
Decisão,"REVISTA PROCEDENTE EM BAIXA DOS AUTOS AO TRIBUNAL ""A QUO""",1,0,0.36,Ordenar baixa dos autos,0,rule
Decisão,REVISTA PROCEDENTE REPRESTINANDO DA DECISÃO DA 1ª INSTÂNCIA,1,0,0.34,Conceder provimento,0,rule
Decisão,REVISTA PROVIDA,1,0,0.36,Conceder provimento,0,rule
Decisão,REVISTA PROVIDA DA RÉ E NÃO PROVIDA A AUTORA,1,0,0.30,Negar provimento,0,rule
Decisão,REVISTA PROVIDA REVOGADO O ACÓRDÃO,1,0,0.29,Revogar,0,rule
Decisão,REVISTA SUBORDINADA DA AUTORA PROCEDENTE EM ALTERAÇÃO DO ACÓRDÃO RECORRIDO,1,0,0.23,Conceder provimento,0,rule
Decisão,REVISTA SUBORDINADA DA RÉ IMPROCEDENTE.,1,0,0.34,Negar provimento,0,rule
Decisão,REVISTA SUBORDINADA PARCIALMENTE CONCEDIDA,1,0,0.38,Conceder provimento parcialmente,0,rule
Decisão,REVISTA SUBORDINADA PARCIALMENTE PROCEDENTE NA PARTE NÃO PREJUDICADA,1,0,0.25,Conceder provimento parcialmente,0,rule
Decisão,"REVISTA SUBORDINADA, NÃO CONHECIMENTO DO OBJECTO DO",1,0,0.27,Não conhecer,0,rule
Decisão,REVISTA À AUTORA.,1,0,0.50,Sem informação,1,fallback:unparsed
Decisão,REVISTA.,1,0,0.50,Sem informação,0,rule
Decisão,REVISTAS DOS AUTORES PROCEDENTES.,1,0,0.38,Conceder provimento,0,rule
Decisão,REVISTAS PROCEDENTES,1,0,0.45,Conceder provimento,0,rule
Decisão,REVISTAS SUBORDINADAS IMPROCEDENTES.,1,0,0.34,Negar provimento,0,rule
Decisão,REVISÃO CONCEDIDA,1,0,0.41,Conceder provimento,0,rule
Decisão,REVISÃO DENEGADA,1,0,0.41,Negar provimento,0,rule
Decisão,REVISÃO DENEGADA.,1,0,0.41,Negar provimento,0,rule
Decisão,REVISÃO NEGADA,1,0,0.43,Negar provimento,0,rule
Decisão,REVOGA-SE O ACÓRDÃO RECORRIDO,1,0,0.28,Sem informação,1,fallback:unparsed
Decisão,REVOGADA A DECISÃO / ORDENADA A BAIXA DO PROCESSO.,1,0,0.33,Revogar,0,rule
Decisão,REVOGADA A DECISÃO RECLAMADA,1,0,0.29,Revogar,0,rule
Decisão,REVOGADA A DECISÃO RECORRIDA E JULGADO IMPROCEDENTE O PEDIDO DE INDEMNIZAÇÃO CIVIL,1,0,0.22,Revogar,0,rule
Decisão,REVOGADA A DECISÃO RECORRIDA PARA SER SUBSTITUÍDA POR OUTRA,1,0,0.24,Revogar,0,rule
Decisão,REVOGADA A DECISÃO REVIVENDA,1,0,0.32,Revogar,0,rule
Decisão,REVOGADA A DECISÃO SUMÁRIA / REJEITADO O RECURSO,1,0,0.25,Revogar,0,rule
Decisão,REVOGADA A DECISÃO. CONCEDIDA A REVISTA.,1,0,0.26,Revogar,1,rule:multi-part
Decisão,REVOGADA A DECISÃO. DECLARAÇÃO DE COMPETENCIA.,1,0,0.42,Revogar,1,rule:multi-part
Decisão,REVOGADA A DECISÃO. MANDADA AMPLIAR A MATERIA DE FACTO.,1,0,0.26,Revogar,1,rule:multi-part
Decisão,REVOGADA A DECISÃO. MANDADA AMPLIAR A MATÉRIA DE FACTO.,1,0,0.26,Revogar,1,rule:multi-part
Decisão,REVOGADA A DECISÃO. PROVIDO.,1,0,0.26,Revogar,1,rule:multi-part
Decisão,REVOGADA A DECISãO.,1,0,0.33,Revogar,0,rule
Decisão,REVOGADA A DELIBERAÇÃO RECORRIDA,1,0,0.31,Revogar,0,rule
Decisão,REVOGADA A REVISTA,1,0,0.39,Revogar,0,rule
Decisão,REVOGADA EM PARTE.,1,0,0.41,Revogar,0,rule
Decisão,REVOGADA PARCIALMENTE A DECISÃO RECORRIDA E BAIXA DOS AUTOS À RELAÇÃO,1,0,0.32,Revogar,0,rule
Decisão,REVOGADO,1,0,0.75,Revogar,0,rule
Decisão,REVOGADO O ACORDÃO DA RELAÇÃO,1,0,0.31,Revogar,0,rule
Decisão,"REVOGADO O ACORDÃO RECORRIDO, PARA QUE A RELAÇÃO CONHEÇA DO RECURSO DE APELAÇÃO",1,0,0.20,Revogar,0,rule
Decisão,REVOGADO O ACÓDÃO RECORRIDO,1,0,0.30,Revogar,0,rule
Decisão,REVOGADO O ACÓRDÃO,1,0,0.39,Revogar,0,rule
Decisão,REVOGADO O ACÓRDÃO DA RELAÇÃO E BAIXA A ESTA DOS AUTOS,1,0,0.39,Revogar,0,rule
Decisão,REVOGADO O ACÓRDÃO DA RELAÇÃO E BAIXA DOS AUTOS,1,0,0.45,Revogar,0,rule
Decisão,REVOGADO O ACÓRDÃO DA RELAÇÃO E REPOSTA A DECISÃO DA 1ª INSTÂNCIA,1,0,0.29,Revogar,0,rule
Decisão,REVOGADO O ACÓRDÃO DO TRIBUNAL DA RELAÇÃO DA LISBOA NA PARTE EM QUE CONFIRMA A DECISÃO DA 1ª INSTÂNCIA.,1,0,0.21,Revogar,0,rule
Decisão,REVOGADO O ACÓRDÃO DO TRIBUNAL DA RELAÇÃO DE ÉVORA E  REPRISTINADA A DECISÃO DA 1ª INSTÂNCIA,1,0,0.24,Revogar,0,rule
Decisão,REVOGADO O ACÓRDÃO E ANULADO O JULGAMENTO.,1,0,0.27,Anular,0,rule
Decisão,REVOGADO O ACÓRDÃO RECORRIDO / JULGADA A INCOMPETÊNCIA DOS TRIBUNAIS JUDICIAIS PORTUGUESES PARA O CONHECIMENTO DO PEDIDO,1,0,0.18,Declarar incompetência,0,rule
Decisão,REVOGADO O ACÓRDÃO RECORRIDO E ABSOLVIDO O RÉU,1,0,0.22,Revogar,0,rule
Decisão,REVOGADO O ACÓRDÃO RECORRIDO E DETERMINADA A AMPLIAÇÃO DA DECISÃO DE FACTO,1,0,0.23,Revogar,0,rule
Decisão,"REVOGADO O ACÓRDÃO RECORRIDO, DETERMINADA A BAIXA DOS AUTOS",1,0,0.37,Revogar,0,rule
Decisão,"REVOGADO O ACÓRDÃO RECORRIDO, FIXANDO-SE A UNIFORMIZAÇÃO DE JURISPRUDÊNCIA NO SEGUINTE SENTIDO: ""É APLICÁVEL À IMPUGNAÇÃO JUDICIAL DA DECISÃO DA AUTORIDADE ADMINISTRATIVA PROFERIDA EM SEDE DE PROCEDIMENTO DE CONTRA-ORDENAÇÃO LABORAL, PREVISTA NO ARTIGO 33.º DA LEI N.º 107/09, DE 14-09, O DISPOSTO NOS ARTIGOS 107.º, N.º 5, 107.º-A DO CÓDIGO DE PROCESSO PENAL E 139.º, N.º 5 DO CÓDIGO DE PROCESSO CIVIL, POR REMISSÃO DOS ARTIGOS 6.º, N.º 1 DA LEI N.º 107/09, DE 14-09 E 104.º, N.º 1 DO CÓDIGO DE PROCESSO PENAL.""",1,0,0.06,Fixar jurisprudência,1,rule:multi-part
Decisão,"REVOGADO O ACÓRDÃO, ENVIANDO-SE À RELAÇÃO",1,0,0.27,Revogar,0,rule
Decisão,"REVOGADO O ACÓRDÃO, REMETENDO-SE OS AUTOS AO TRIBUNAL DA RELAÇÃO",1,0,0.23,Revogar,0,rule
Decisão,REVOGADO O DESPACHO DO PRESIDENTE DO TRIBUNAL DA,1,0,0.25,Revogar,0,rule
Decisão,REVOGAR PARCIALMENTE O ACÓRDÃO RECORRIDO E ORDENAR QUE OS AUTOS BAIXEM PARA AMPLIAÇÃO DA MATÉRIA DE FACTO,1,0,0.20,Sem informação,1,fallback:unparsed
Decisão,REVOGAÇÃO A SETENÇA. REMESSA À 1º INSTÂNCIA,1,0,0.42,Remeter os autos,1,rule:multi-part
Decisão,REVOGAÇÃO DO ACORDO RECORRIDO E CONCEDIDA A REVISTA,1,0,0.24,Conceder provimento,0,rule
Decisão,REVOGAÇÃO DO ACORDÃO RECORRIDO,1,0,0.27,Sem informação,1,fallback:unparsed
Decisão,Reconhecimento da exequibilidade de acórdão arbitral,1,0,0.25,Sem informação,1,fallback:unparsed
Decisão,Recurso de revisão,1,0,0.28,Sem informação,1,fallback:unparsed
Decisão,Recurso julgado improcedente,1,0,0.36,Negar provimento,0,rule
Decisão,Regada a Revista,1,0,0.38,Sem informação,1,fallback:unparsed
Decisão,Rejeitada,1,0,0.78,Rejeitar,0,rule
Decisão,Rejeitada a Reclamação,1,0,0.41,Rejeitar,0,rule
Decisão,Rejeitada a admissão da Revista,1,0,0.29,Rejeitar,0,rule
Decisão,Rejeitada a revista,1,0,0.45,Rejeitar,0,rule
Decisão,Rejeitado a admissão do recurso,1,0,0.32,Admitir,0,rule
Decisão,Rejeitado o Recurso do arguido DD; Julgados improcedentes os outros dois.,1,0,0.22,Rejeitar,0,rule
Decisão,Rejeitado o pedido de reforma,1,0,0.28,Rejeitar,0,rule
Decisão,Rejeitado o recurso de revista da Autora. Concedida parcialmente a revista da Ré,1,0,0.28,Conceder provimento parcialmente,1,rule:multi-part
Decisão,Rejeitado o recurso de revista excepcional,1,0,0.26,Rejeitar,0,rule
Decisão,Rejeitado o recurso do arguido BB; julgado improcedente o recurso do arguido AA,1,0,0.20,Rejeitar,0,rule
Decisão,"Rejeitados os recursos interlocutórios, rejeitado o recurso da arguida do acórdão final; improcedente o recurso do arguido do acórdão final.",1,0,0.17,Rejeitar,0,rule
Decisão,"Remessa dos autos à formação prevista no artº 672º, nº 3 do C.P.C.",1,0,0.20,Remeter os autos,1,rule:multi-part
Decisão,Remetido às secções cíveis,1,0,0.38,Remeter os autos,0,rule
Decisão,Revista parcialmente procedente,1,0,0.39,Conceder provimento parcialmente,0,rule
Decisão,"RÉ A..., SA - NEGADA",1,0,0.27,Negar provimento,1,rule:multi-part
Decisão,SANÇÃO PROCESSUAL,1,0,0.32,Sem informação,1,fallback:unparsed
Decisão,SECÇÃO CRIMINAL INCOMPETENTE EM RAZÃO DA MATÉRIA / COMPETÊNCIA DAS SECÇÕES CÍVEIS,1,0,0.23,Sem informação,1,fallback:unparsed
Decisão,SEM EFEITO POR INUTILIDADE SUPERVENIENTE DA LIDE.,1,0,0.27,Julgar extinta a instância,0,rule
Decisão,SEM EFEITO UM REC. E NÃO PROV. OUTRO,1,0,0.28,Sem informação,1,fallback:unparsed
Decisão,SOLICITADO AO TRIBUNAL DE JUSTIÇA DA UNIÃO EUROPEIA A RESOLUÇÃO DO REENVIO PREJUDICIAL,1,0,0.21,Ordenar baixa dos autos,0,rule
Decisão,SUBORDINADA,1,0,0.33,Sem informação,1,fallback:unparsed
Decisão,"SUBORDINADA DA ""AA""",1,0,0.35,Sem informação,1,fallback:unparsed
Decisão,SUCEDER PARCIAL PROVIMENTO AO RECURSO.,1,0,0.41,Conceder provimento parcialmente,0,rule
Decisão,"SUPRE-SE A OMISSÃO, MANTENDO-SE A DECISÃO DE IMPROCEDÊNCIA DO RECURSO",1,0,0.23,Negar provimento,0,rule
Decisão,SUPRIMENTO DA NULIDADE,1,0,0.38,Sem informação,1,fallback:unparsed
Decisão,SUSPENDE-SE A INSTÂNCIA E PROCEDA-SE AO REENVIO PARA O TRIBUNAL DE JUSTIÇA.,1,0,0.27,Ordenar baixa dos autos,0,rule
Decisão,SUSPENSO PARA PUBLICAÇÃO,1,0,0.38,Sem informação,1,fallback:unparsed
Decisão,SUSPENSÃO ATÉ DECISÃO DO PROCESSO 2569.07 - 3ª SECÇÃO,1,0,0.25,Sem informação,1,fallback:unparsed
Decisão,SUSPENSÃO DOS TERMOS DO RECURSO,1,0,0.32,Sem informação,1,fallback:unparsed
Decisão,TOTAL,1,0,0.29,Sem informação,1,fallback:unparsed
Decisão,TRIBUNAL DA RELAÇÃO,1,0,0.36,Sem informação,1,fallback:unparsed
Decisão,TRL COMPETENTE PARA CONHECER DOS RECURSOS,1,0,0.34,Sem informação,1,fallback:unparsed
Decisão,UMA DAS REVISTAS NEGADA EM PARTE E REMETIDA PARA A FORMAÇÃO NA PARTE RESTANTE E NEGADA A OUTRA DAS REVISTAS,1,0,0.17,Remeter os autos,0,rule
Decisão,UNIFOMIZADA JURISPRUDÊNCIA,1,0,0.69,Sem informação,1,fallback:unparsed
Decisão,"UNIFORMIZA-SE A JURISPRUDÊNCIA NOS SEGUINTES TERMOS. "" A OBRA EDIFICADA (CASA DE MORADA DE FAMÍLIA) POR DOIS CÔNJUGES, CASADOS NO REGIME DA COMUNHÃO DE BENS ADQUIRIDOS, COM DINHEIRO OU BENS COMUNS, EM TERRENO PRÓPRIO DE UM DELES, CONSTITUI COISA NOVA QUE É BEM PRÓPRIO DO CÔNJUGE TITULAR DO TERRENO E DÁ LUGAR A UM CRÉDITO DE COMPENSAÇÃO DO PATRIMÓNIO COMUM SOBRE O PATRIMÓNIO DO DONO DA COISA NOVA, COM VISTA À REPOSIÇÃO DO EQUILÍBRIO PATRIMONIAL"".",1,0,0.07,Fixar jurisprudência,1,rule:multi-part
Decisão,UNIFORMIZADA  JURISPRUDÊNCIA,1,0,0.67,Fixar jurisprudência,0,rule
Decisão,UNIFORMIZADA DE JURISPRUDÊNCIA,1,0,0.60,Fixar jurisprudência,0,rule
Decisão,UNIFORMIZADA JURISPRUDENCIA,1,0,0.67,Fixar jurisprudência,0,rule
Decisão,UNIFORMIZAÇÃO JURISPRUDÊNCIA,1,0,0.64,Fixar jurisprudência,0,rule
Decisão,VEREFICADA A OPOSIÇÃO,1,0,0.32,Sem informação,1,fallback:unparsed
Decisão,VERIFICADA A OPOSIÇÃO DE JULGADO,1,0,0.28,Sem informação,0,rule
Decisão,VERIFICADA A OPOSIÇÃO DE JULGADOS / ADMITIDO O RECURSO,1,0,0.26,Sem informação,0,rule
Decisão,VERIFICADA A OPSOSIÇÃO DE JULGADOS,1,0,0.29,Sem informação,1,fallback:unparsed
Decisão,VERIFICADA A TRANSACÇÃO.,1,0,0.39,Sem informação,1,fallback:unparsed
Decisão,"concedida a revista, com baixa dos autos à 1ª instância",1,0,0.36,Ordenar baixa dos autos,0,rule
Decisão,julgado improcedente,1,0,0.45,Negar provimento,0,rule
Decisão,"É COMPETENTE PARA A INSTAURAÇÃO E TRAMITAÇÃO DA EXECUÇÃO POR COIMAS APLICADAS POR AUTORIDADES ADMINISTRATIVAS RELATIVAMENTE A CONTRAORDENAÇÕES PREVISTAS NO CÓDIGO DA ESTRADA “O TRIBUNAL” – NA ATUAL ACEÇÃO DE “JUÍZO” FUNCIONAL E TERRITORIALMENTE COMPETENTE –, NOS TERMOS DAS DISPOSIÇÕES CONJUGADAS DOS ARTIGOS 89.º, N.ºS 1 E 2 E 61.º, N.º 1, DO REGIME GERAL DAS CONTRAORDENAÇÕES, APROVADO PELO DECRETO-LEI N.º 433/82, DE 27 DE OUTUBRO, 183.º E 185.º-A, DO CÓDIGO DA ESTRADA E 491.º, N.ºS 1 E 2, DO CÓDIGO DE PROCESSO PENAL.",1,0,0.06,Sem informação,1,fallback:unparsed
Decisão,É REENVIADO PARA A RELAÇÃO PARA NOVO JULGAMENTO DA QUESTÃO DA SUBSISTÊNCIA DO SEGURO,1,0,0.23,Ordenar baixa dos autos,0,rule
Meio Processual,REVISTA,39455,0,0.39,Recurso de revista,0,rule
Meio Processual,REC PENAL,10177,0,0.44,Recursos penais das decisões do STJ em 1.ª e 2.ª instâncias,0,rule
Meio Processual,AGRAVO,7334,0,0.30,Outro,1,fallback:no-home
Meio Processual,RECURSO PENAL,5039,0,0.67,Recursos penais das decisões do STJ em 1.ª e 2.ª instâncias,0,rule
Meio Processual,REVISTA (COMÉRCIO),664,0,0.34,Recurso de revista,1,rule
Meio Processual,RECLAMAÇÃO,449,0,0.40,Outro,1,fallback:no-home
Meio Processual,Revista,432,0,0.39,Recurso de revista,0,rule
Meio Processual,RECURSO DE FIXAÇÃO DE JURISPRUDÊNCIA (PENAL),395,0,0.45,Recurso extraordinário de uniformização/fixação de jurisprudência,0,rule
Meio Processual,REVISTA EXCEPCIONAL,362,0,0.59,Recurso de revista excecional,0,rule
Meio Processual,-,331,0,0.00,Outro,1,fallback:junk
Meio Processual,INCIDENTE,331,0,0.26,Outro,1,fallback:no-home
Meio Processual,REC TRIB PLENO,323,0,0.33,Recurso extraordinário de revisão,1,fallback:no-home
Meio Processual,/,318,0,0.02,Outro,1,fallback:junk
Meio Processual,RECURSO PARA O PLENO,288,0,0.60,Recurso extraordinário de revisão,1,fallback:no-home
Meio Processual,ESCUSA,235,0,0.31,Escusa/Recusa,1,fallback:no-home
Meio Processual,RECUSA,217,0,0.33,Escusa/Recusa,1,fallback:no-home
Meio Processual,ARTº 643 CPC,186,0,0.44,Reclamação art. 643.º CPC,0,rule
Meio Processual,M.D.E,171,0,0.17,Mandado de detenção europeu,0,rule
Meio Processual,RECURSO CONTENCIOSO,156,0,0.54,Recurso de revista,1,fallback:no-home
Meio Processual,Recurso Penal,138,0,0.67,Recursos penais das decisões do STJ em 1.ª e 2.ª instâncias,0,rule
Meio Processual,APELAÇÃO,133,0,0.40,Outro,1,fallback:no-home
Meio Processual,RECURSO UNIFORMIZAÇÃO DE JURISPRUDÊNCIA (CÍVEL),110,0,0.48,Recurso extraordinário de uniformização/fixação de jurisprudência,0,rule
Meio Processual,REVISTA (PROPRIEDADE INTELECTUAL),104,0,0.33,Recurso de revista,1,rule
Meio Processual,FIXAÇÃO DE JURISPRUDÊNCIA,103,0,0.44,Recurso extraordinário de uniformização/fixação de jurisprudência,0,rule
Meio Processual,AÇÃO ADMINISTRATIVA,100,0,0.32,Impugnação das deliberações do CSM,1,fallback:no-home
Meio Processual,RECONHECIMENTO SENTENÇA ESTRANGEIRA,96,0,0.69,Revisão de sentença estrangeira,0,rule
Meio Processual,REVISTA. INCIDENTE,96,0,0.35,Recurso de revista,1,rule
Meio Processual,REVISÃO DE SENTENÇA,90,0,0.61,Revisão de sentença estrangeira,0,rule
Meio Processual,REVISTA. AGRAVO,83,0,0.31,Recurso de revista,1,rule
Meio Processual,RECURSO,79,0,0.39,Recurso de revista,1,fallback:no-home
Meio Processual,REVISÃO,72,0,0.40,Recurso de revista,1,fallback:no-home
Meio Processual,RECURSO DE CONTENCIOSO,66,0,0.65,Recurso de revista,1,fallback:no-home
Meio Processual,AGRAVO. REVISTA,65,0,0.50,Recurso de revista,1,fallback:no-home
Meio Processual,REC PENAL. INCIDENTE,60,0,0.34,Recursos penais das decisões do STJ em 1.ª e 2.ª instâncias,0,rule
Meio Processual,RECL CONFERÊNCIA,57,0,0.55,Reclamação para a conferência,0,rule
Meio Processual,REC FIXAÇÃO JURIS,52,0,0.33,Recurso extraordinário de uniformização/fixação de jurisprudência,0,rule
Meio Processual,RECURSO PARA O TRIBUNAL PLENO,52,0,0.45,Recurso extraordinário de revisão,1,fallback:no-home
Meio Processual,REC CONTENCIOSO,50,0,0.38,Recurso de revista,1,fallback:no-home
Meio Processual,RECL CONFERENCIA,49,0,0.55,Reclamação para a conferência,0,rule
Meio Processual,RECURSO UNIFORMIZAÇÃO DE JURISPRUDÊNCIA,47,0,0.60,Recurso extraordinário de uniformização/fixação de jurisprudência,0,rule
Meio Processual,AGRAVO. INCIDENTE,46,0,0.30,Outro,1,fallback:no-home
Meio Processual,RECURSO PARA FIXAÇÃO DE JURISPRUDÊNCIA,45,0,0.57,Recurso extraordinário de uniformização/fixação de jurisprudência,0,rule
Meio Processual,Revista (Comércio),42,0,0.34,Recurso de revista,1,rule
Meio Processual,RECLAMAÇÃO – ARTIGO 405.º DO CPP,38,0,0.75,Reclamação art. 405.º CPP,0,rule
Meio Processual,RECURSO DE UNIFORMIZAÇÃO DE JURISPRUDÊNCIA (CÍVEL),32,0,0.52,Recurso extraordinário de uniformização/fixação de jurisprudência,0,rule
Meio Processual,RECURSO PARA UNIFORMIZAÇÃO DE JURISPRUDÊNCIA,32,0,0.66,Recurso extraordinário de uniformização/fixação de jurisprudência,0,rule
Meio Processual,CONFLITO,31,0,0.36,Conflito de jurisdição,0,rule
Meio Processual,ART.º 643 CPC,30,0,0.44,Reclamação art. 643.º CPC,0,rule
Meio Processual,DECISÃO SUMÁRIA,28,0,0.35,Outro,1,fallback:no-home
Meio Processual,REVISTA EXCECIONAL,28,0,0.62,Recurso de revista excecional,0,rule
Meio Processual,REC PENAL. RECLAMAÇÃO,27,0,0.38,Recursos penais das decisões do STJ em 1.ª e 2.ª instâncias,0,rule
Meio Processual,INCIDENTE. REC PENAL,26,0,0.31,Recursos penais das decisões do STJ em 1.ª e 2.ª instâncias,0,rule
Meio Processual,ARTº 643 CPC (COMÉRCIO),25,0,0.24,Reclamação art. 643.º CPC,1,rule
Meio Processual,DECISÃO SINGULAR,25,0,0.32,Outro,1,fallback:no-home
Meio Processual,SUSPENSÃO DE EFICÁCIA,25,0,0.38,Outro,1,fallback:no-home
Meio Processual,RECONHECIMENTO DE SENTENÇA ESTRANGEIRA,23,0,0.74,Revisão de sentença estrangeira,0,rule
Meio Processual,RECURSO DE FIXAÇÃO DE JURISPRUDÊNCIA,22,0,0.55,Recurso extraordinário de uniformização/fixação de jurisprudência,0,rule
Meio Processual,UNIFORMIZAÇÃO DE JURISPRUDÊNCIA,22,0,0.48,Recurso extraordinário de uniformização/fixação de jurisprudência,0,rule
Meio Processual,Recurso de Fixação de Jurisprudência (Penal),21,0,0.45,Recurso extraordinário de uniformização/fixação de jurisprudência,0,rule
Meio Processual,RECURSO DE UNIFORMIZAÇÃO DE JURISPRUDÊNCIA,20,0,0.65,Recurso extraordinário de uniformização/fixação de jurisprudência,0,rule
Meio Processual,Reclamação - artº 643 CPC,20,0,0.80,Reclamação art. 643.º CPC,0,rule
Meio Processual,REVISTA AMPLIADA,19,0,0.34,Recurso de revista excecional,0,rule
Meio Processual,Decisão Sumária,18,0,0.35,Outro,1,fallback:no-home
Meio Processual,CONFERÊNCIA,17,0,0.43,Reclamação para a conferência,0,rule
Meio Processual,CONFLITO NEGATIVO DE COMPETÊNCIA,16,0,0.72,Conflito de competência,0,rule
Meio Processual,RECURSO PARA PLENO,16,0,0.61,Recurso extraordinário de revisão,1,fallback:no-home
Meio Processual,ÚNICA INSTÂNCIA,16,0,0.35,Outro,1,fallback:no-home
Meio Processual,MDE,13,0,0.17,Mandado de detenção europeu,0,rule
Meio Processual,Recurso de Contencioso,13,0,0.65,Recurso de revista,1,fallback:no-home
Meio Processual,Revista excepcional,13,0,0.59,Recurso de revista excecional,0,rule
Meio Processual,PROCESSOS NÃO CLASSIFICADOS,12,0,0.30,Outro,1,fallback:no-home
Meio Processual,,11,0,0.00,Outro,1,fallback:junk
Meio Processual,DESPACHO,11,0,0.30,Outro,1,fallback:no-home
Meio Processual,INST ÚNICA,10,0,0.32,Outro,1,fallback:no-home
Meio Processual,Recurso de Uniformização de Jurisprudência (Cível),10,0,0.52,Recurso extraordinário de uniformização/fixação de jurisprudência,0,rule
Meio Processual,RECURSO EXTRAORDINÁRIO DE FIXAÇÃO DE JURISPRUDÊNCIA,9,0,0.78,Recurso extraordinário de uniformização/fixação de jurisprudência,0,rule
Meio Processual,ART.º 643.º CPC (COMÉRCIO),8,0,0.24,Reclamação art. 643.º CPC,1,rule
Meio Processual,CONTENCIOSO,8,0,0.32,Recurso de revista,1,fallback:no-home
Meio Processual,INCIDENTES,8,0,0.28,Outro,1,fallback:no-home
Meio Processual,REVISTAS,8,0,0.33,Recurso de revista,0,rule
Meio Processual,ACLARAÇÃO,7,0,0.40,Outro,1,fallback:no-home
Meio Processual,Escusa/Recusa,7,0,0.39,Escusa/Recusa,1,fallback:no-home
Meio Processual,RECURSO EXTRAORDINÁRIO PARA FIXAÇÃO DE JURISPRUDÊNCIA,7,0,0.77,Recurso extraordinário de uniformização/fixação de jurisprudência,0,rule
Meio Processual,RECURSO UNIFORMIZADOR DE JURISPRUDÊNCIA (CÍVEL),7,0,0.45,Recurso extraordinário de uniformização/fixação de jurisprudência,0,rule
Meio Processual,ARTIGO 405.º DO CPP,6,0,0.36,Reclamação art. 405.º CPP,0,rule
Meio Processual,INST UNICA,6,0,0.32,Outro,1,fallback:no-home
Meio Processual,RECURSO DO CONTENCIOSO,6,0,0.62,Recurso de revista,1,fallback:no-home
Meio Processual,RECURSO PARA UNIFORMIZAÇÃO DE JURISPRUDÊNCIA (CÍVEL),6,0,0.54,Recurso extraordinário de uniformização/fixação de jurisprudência,0,rule
Meio Processual,RECURSO UNIFORMIZAÇÃO JURISPRUDÊNCIA,6,0,0.55,Recurso extraordinário de uniformização/fixação de jurisprudência,0,rule
Meio Processual,REVSITA,6,0,0.33,Outro,1,fallback:no-home
Meio Processual,COMUM,5,0,0.23,Outro,1,fallback:no-home
Meio Processual,Despacho,5,0,0.30,Outro,1,fallback:no-home
Meio Processual,REC PENAL. INCIDENTES,5,0,0.36,Recursos penais das decisões do STJ em 1.ª e 2.ª instâncias,0,rule
Meio Processual,RECURSO (CONTRAORDENAÇÃO),5,0,0.85,Recurso de contraordenação,0,rule
Meio Processual,RECURSO UNIFORMIZAÇÃO DE JURISPRUDÊNCIA (PENAL),5,0,0.48,Recurso extraordinário de uniformização/fixação de jurisprudência,0,rule
Meio Processual,REVISTA (CONCORRÊNCIA),5,0,0.42,Recurso de revista,1,rule
Meio Processual,REVISTA (MARÍTIMO),5,0,0.29,Recurso de revista,1,rule
Meio Processual,Recurso Uniformização de Jurisprudência (Cível),5,0,0.48,Recurso extraordinário de uniformização/fixação de jurisprudência,0,rule
Meio Processual,ACÓRDÃO DE FIXAÇÃO DE JURISPRUDÊNCIA,4,0,0.54,Recurso extraordinário de uniformização/fixação de jurisprudência,0,rule
Meio Processual,AGRAVO AMPLIADO,4,0,0.29,Outro,1,fallback:no-home
Meio Processual,AGRAVO. RECL CONFERÊNCIA,4,0,0.52,Reclamação para a conferência,0,rule
Meio Processual,ART.º 643 CPCP,4,0,0.40,Reclamação art. 643.º CPC,0,rule
Meio Processual,ART.º 643º CPC,4,0,0.48,Reclamação art. 643.º CPC,0,rule
Meio Processual,ART° 643 CPC,4,0,0.44,Reclamação art. 643.º CPC,0,rule
Meio Processual,ARTº 405º CPP,4,0,0.48,Reclamação art. 405.º CPP,0,rule
Meio Processual,ARTº 643 CPC (PROPRIEDADE INTELECTUAL),4,0,0.26,Reclamação art. 643.º CPC,1,rule
Meio Processual,ARTº 643º CPC,4,0,0.48,Reclamação art. 643.º CPC,0,rule
Meio Processual,FIXAÇÃO DE JURSIPRUDÊNCIA,4,0,0.40,Recurso extraordinário de uniformização/fixação de jurisprudência,0,rule
Meio Processual,INQUÉRITO,4,0,0.28,Outro,1,fallback:no-home
Meio Processual,NEGADA A REVISTA,4,0,0.56,Outro,1,fallback:no-home
Meio Processual,REC. PENAL,4,0,0.44,Recursos penais das decisões do STJ em 1.ª e 2.ª instâncias,0,rule
Meio Processual,RECURSO PARA O  PLENO,4,0,0.60,Recurso extraordinário de revisão,1,fallback:no-home
Meio Processual,Revista (Propriedade Intelectual),4,0,0.33,Recurso de revista,1,rule
Meio Processual,Revista excecional,4,0,0.62,Recurso de revista excecional,0,rule
Meio Processual,TRIBUNAL PLENO,4,0,0.22,Recurso extraordinário de revisão,1,fallback:no-home
Meio Processual,ACÓRDÃO PARA FIXAÇÃO DE JURISPRUDÊNCIA,3,0,0.52,Recurso extraordinário de uniformização/fixação de jurisprudência,0,rule
Meio Processual,ART. 643 CPC,3,0,0.48,Reclamação art. 643.º CPC,0,rule
Meio Processual,ART.º 643 CPC (COMÉRCIO),3,0,0.24,Reclamação art. 643.º CPC,1,rule
Meio Processual,ARTº 643º CPC (COMÉRCIO),3,0,0.24,Reclamação art. 643.º CPC,1,rule
Meio Processual,CONFLITO NEGATIVO DE COMPETÊNCIA TERRITORIAL,3,0,0.52,Conflito de competência,0,rule
Meio Processual,Extradição/M.D.E.,3,0,0.63,Extradição,0,rule
Meio Processual,M. D. E,3,0,0.28,Mandado de detenção europeu,0,rule
Meio Processual,QUESTÃO PRELIMINAR,3,0,0.42,Outro,1,fallback:no-home
Meio Processual,RECURSO PARA FIXAÇÃO DE JURISPRUDÊNCIA (PENAL),3,0,0.45,Recurso extraordinário de uniformização/fixação de jurisprudência,0,rule
Meio Processual,RECUSO PENAL,3,0,0.61,Recursos penais das decisões do STJ em 1.ª e 2.ª instâncias,0,rule
Meio Processual,REVISTA (COMÉRCIO,3,0,0.39,Recurso de revista,1,rule
Meio Processual,REVISTA (MARITIMO),3,0,0.29,Recurso de revista,1,rule
Meio Processual,Recurso Uniformização de Jurisprudência,3,0,0.60,Recurso extraordinário de uniformização/fixação de jurisprudência,0,rule
Meio Processual,SUSPENSÃO DA EFICÁCIA,3,0,0.33,Outro,1,fallback:no-home
Meio Processual,Suspensão de Eficácia,3,0,0.38,Outro,1,fallback:no-home
Meio Processual,UNICA INSTÂNCIA,3,0,0.35,Outro,1,fallback:no-home
Meio Processual,UNIFORMIZAÇÃO DE JURSIPRUDÊNCIA,3,0,0.45,Recurso extraordinário de uniformização/fixação de jurisprudência,0,rule
Meio Processual,ACÓRDÃO DE UNIFORMIZAÇÃO DE JURISPRUDÊNCIA,2,0,0.63,Recurso extraordinário de uniformização/fixação de jurisprudência,0,rule
Meio Processual,AGRAVO ALARGADO,2,0,0.26,Outro,1,fallback:no-home
Meio Processual,ART.º 405º CPP,2,0,0.48,Reclamação art. 405.º CPP,0,rule
Meio Processual,ART.º 643.º CPC,2,0,0.52,Reclamação art. 643.º CPC,0,rule
Meio Processual,ART.º 643º CPC (COMÉRCIO),2,0,0.24,Reclamação art. 643.º CPC,1,rule
Meio Processual,ARTº 643,2,0,0.28,Reclamação art. 643.º CPC,0,rule
Meio Processual,ARTº 643º DO CPC,2,0,0.36,Reclamação art. 643.º CPC,0,rule
Meio Processual,ARTº643 CPC,2,0,0.40,Reclamação art. 643.º CPC,0,rule
Meio Processual,CONCEDIDA A REVISTA,2,0,0.47,Outro,1,fallback:no-home
Meio Processual,CONFLITO NEGATIVO DE COMPETÊNCIA MATERIAL (FUNCIONAL),2,0,0.43,Conflito de competência,0,rule
Meio Processual,DECLARAÇÃO DE COMPETÊNCIA,2,0,0.68,Conflito de competência,1,fallback:no-home
Meio Processual,FIXAÇÃO JURISPRUDÊNCIA,2,0,0.38,Recurso extraordinário de uniformização/fixação de jurisprudência,0,rule
Meio Processual,HABEAS COPRUS,2,0,0.85,Habeas corpus,0,rule
Meio Processual,INCIDENTE. REVISTA,2,0,0.50,Recurso de revista,1,fallback:no-home
Meio Processual,NEGADO PROVIMENTO,2,0,0.31,Outro,1,fallback:no-home
Meio Processual,PEDIDO DE ESCUSA,2,0,0.44,Escusa/Recusa,1,fallback:no-home
Meio Processual,PROCESSO NÃO CLASSIFICADO,2,0,0.32,Outro,1,fallback:no-home
Meio Processual,REC  PENAL,2,0,0.44,Recursos penais das decisões do STJ em 1.ª e 2.ª instâncias,0,rule
Meio Processual,RECLAMÇÃO,2,0,0.40,Outro,1,fallback:no-home
Meio Processual,RECONHECIMENTO DE SETENÇA ESTRANGEIRA,2,0,0.70,Revisão de sentença estrangeira,1,fallback:no-home
Meio Processual,RECURDO PENAL,2,0,0.61,Recursos penais das decisões do STJ em 1.ª e 2.ª instâncias,0,rule
Meio Processual,RECURO PENAL,2,0,0.61,Recursos penais das decisões do STJ em 1.ª e 2.ª instâncias,0,rule
Meio Processual,RECURSO DE CONTENCISO,2,0,0.69,Impugnação das deliberações do CSM,1,fallback:no-home
Meio Processual,RECURSO DE DECISÃO CONTRA JURISPRUDÊNCIA FIXADA,2,0,0.49,Recurso extraordinário de uniformização/fixação de jurisprudência,0,rule
Meio Processual,RECURSO DE FIXAÇÃO DE JURISPRIDÊNCIA (PENAL),2,0,0.45,Recurso extraordinário de uniformização/fixação de jurisprudência,0,rule
Meio Processual,RECURSO DE FIXAÇÃO DEJURISPRUDÊNCIA (PENAL),2,0,0.47,Recurso extraordinário de uniformização/fixação de jurisprudência,0,rule
Meio Processual,RECURSO EXTRAORDINÁRIO,2,0,0.69,Recurso extraordinário de revisão,1,fallback:no-home
Meio Processual,RECURSO EXTRAORDINÁRIO PARA UNIFORMIZAÇÃO DE JURISPRUDÊNCIA,2,0,0.82,Recurso extraordinário de uniformização/fixação de jurisprudência,0,rule
Meio Processual,RECURSO PARA  FIXAÇÃO DE JURISPRUDÊNCIA,2,0,0.57,Recurso extraordinário de uniformização/fixação de jurisprudência,0,rule
Meio Processual,RECURSO PARA O PRIBUNAL PLENO,2,0,0.45,Recurso extraordinário de revisão,1,fallback:no-home
Meio Processual,RECURSO PNEAL,2,0,0.61,Recursos penais das decisões do STJ em 1.ª e 2.ª instâncias,0,rule
Meio Processual,RECURSO UNIFORMIZAÇÃO DE JURISPRUDÊNCIA (CIVEL),2,0,0.48,Recurso extraordinário de uniformização/fixação de jurisprudência,0,rule
Meio Processual,RECURSO UNIFORMIZAÇÃO DE JURISPRUDÊNCIA (CÍCEL),2,0,0.48,Recurso extraordinário de uniformização/fixação de jurisprudência,0,rule
Meio Processual,RECURSO UNIFORMIZAÇÃO JURISPRUDÊNCIA (CÍVEL),2,0,0.43,Recurso extraordinário de uniformização/fixação de jurisprudência,0,rule
Meio Processual,RECURSP PENAL,2,0,0.61,Recursos penais das decisões do STJ em 1.ª e 2.ª instâncias,0,rule
Meio Processual,RECUSRO PENAL,2,0,0.56,Recursos penais das decisões do STJ em 1.ª e 2.ª instâncias,0,rule
Meio Processual,REVISTA (COMÉRCO),2,0,0.31,Recurso de revista,0,rule
Meio Processual,REVISTA E AGRAVO,2,0,0.39,Recurso de revista,1,rule
Meio Processual,REVISTA ECXEPCIONAL,2,0,0.52,Recurso de revista excecional,0,rule
Meio Processual,"REVISTA,",2,0,0.39,Recurso de revista,0,rule
Meio Processual,REVISTA. QUESTÃO PREVIA,2,0,0.39,Recurso de revista,0,rule
Meio Processual,REVISÃO DA SENTENÇA,2,0,0.58,Revisão de sentença estrangeira,0,rule
Meio Processual,REVITA,2,0,0.33,Recurso de revista,0,rule
Meio Processual,RVISTA,2,0,0.33,Recurso de revista,0,rule
Meio Processual,Revista (Concorrência),2,0,0.42,Recurso de revista,1,rule
Meio Processual,Revista Excepcional,2,0,0.59,Recurso de revista excecional,0,rule
Meio Processual,(ST) EXTRADIÇÃO,1,0,0.67,Extradição,0,rule
Meio Processual,405.º CPP,1,0,0.36,Reclamação art. 405.º CPP,0,rule
Meio Processual,A,1,0,0.10,Outro,1,fallback:no-home
Meio Processual,A REVISTA,1,0,0.44,Recurso de revista,0,rule
Meio Processual,ACLARAÇÃO DO ACÓRDÃO,1,0,0.45,Outro,1,fallback:no-home
Meio Processual,ACÃO ADMINISTRATIVA,1,0,0.32,Impugnação das deliberações do CSM,1,fallback:no-home
Meio Processual,ACÇÃO ADMINISTRATIVA,1,0,0.32,Outro,1,fallback:no-home
Meio Processual,ACÓRDÃO DE UNIFORMIZAÇÃO,1,0,0.50,Outro,1,fallback:no-home
Meio Processual,ACÓRDÃO PARA FIXAÇÃO DE JURSIPRUDÊNCIA,1,0,0.49,Recurso extraordinário de uniformização/fixação de jurisprudência,0,rule
Meio Processual,ACÓRDÃO PARA UNIFORMIZAÇÃO DE JURISPRUDÊNCIA,1,0,0.58,Recurso extraordinário de uniformização/fixação de jurisprudência,0,rule
Meio Processual,ACÓRDÃO UNIFORMIZADOR,1,0,0.29,Recurso extraordinário de uniformização/fixação de jurisprudência,0,rule
Meio Processual,ACÓRDÃO UNIFORMIZADOR DE JURISPRUDÊNCIA,1,0,0.55,Recurso extraordinário de uniformização/fixação de jurisprudência,0,rule
Meio Processual,AGRAGO,1,0,0.30,Outro,1,fallback:no-home
Meio Processual,AGRAVO. REC TRIB PLENO,1,0,0.27,Recurso extraordinário de revisão,1,fallback:no-home
Meio Processual,AGRVO,1,0,0.20,Outro,1,fallback:no-home
Meio Processual,ALG. ESCRITAS,1,0,0.27,Outro,1,fallback:no-home
Meio Processual,APELAÇÃO. AGRAVO,1,0,0.28,Outro,1,fallback:no-home
Meio Processual,ARF 643 CPC,1,0,0.40,Reclamação art. 643.º CPC,0,rule
Meio Processual,ARGUIÇÃO DE NULIDADE,1,0,0.36,Outro,1,fallback:no-home
Meio Processual,ART 643 CPC,1,0,0.44,Reclamação art. 643.º CPC,0,rule
Meio Processual,"ART,º 643.º CPC (COMÉRCIO)",1,0,0.24,Reclamação art. 643.º CPC,1,rule
Meio Processual,ART. 643.º CPC (COMÉRCIO),1,0,0.24,Reclamação art. 643.º CPC,1,rule
Meio Processual,ART. º 643º CPC,1,0,0.44,Reclamação art. 643.º CPC,0,rule
Meio Processual,ART.ª 643 CPC (COMÉRCIO),1,0,0.24,Reclamação art. 643.º CPC,1,rule
Meio Processual,ART.º 634 CPC,1,0,0.40,Reclamação art. 643.º CPC,1,fallback:no-home
Meio Processual,ART.º 643 CPC (PROPRIEDADE INTELECTUAL),1,0,0.26,Reclamação art. 643.º CPC,1,rule
Meio Processual,ART.º 643 DO CPC,1,0,0.40,Reclamação art. 643.º CPC,0,rule
Meio Processual,ART.º 643.º DO CPC,1,0,0.40,Reclamação art. 643.º CPC,0,rule
Meio Processual,ARTIGO 405.º DO CP,1,0,0.32,Reclamação art. 405.º CPP,0,rule
Meio Processual,ARTO 643 CPC,1,0,0.44,Reclamação art. 643.º CPC,0,rule
Meio Processual,ARTº  643 CPC,1,0,0.44,Reclamação art. 643.º CPC,0,rule
Meio Processual,ARTº 643 CCPC,1,0,0.40,Reclamação art. 643.º CPC,0,rule
Meio Processual,ARTº 6434 CPCP,1,0,0.40,Reclamação art. 643.º CPC,0,rule
Meio Processual,ARTº 643CPC,1,0,0.40,Reclamação art. 643.º CPC,0,rule
Meio Processual,ARTº 688º CPC,1,0,0.40,Reclamação art. 643.º CPC,0,rule
Meio Processual,ARTº 688º CPP,1,0,0.36,Reclamação art. 643.º CPC,0,rule
Meio Processual,ATº 643 CPC,1,0,0.40,Reclamação art. 643.º CPC,0,rule
Meio Processual,AUDÊNCIAS ORAIS,1,0,0.40,Outro,1,fallback:no-home
Meio Processual,AÇÃO ADMINISTRATIVO,1,0,0.30,Impugnação das deliberações do CSM,1,fallback:no-home
Meio Processual,CONCEDIDA EM PARTE A REVISTA DAS RÉS DD E EE E NEGADA A REVISTA DA RÉ CC,1,0,0.26,Outro,1,fallback:no-home
Meio Processual,CONCEDIDA PARCIALMENTE A REVISTA,1,0,0.34,Outro,1,fallback:no-home
Meio Processual,CONCEDIDO PROVIMENTO À REVISTA DA RÉ,1,0,0.33,Outro,1,fallback:no-home
Meio Processual,CONFERÊNCIAS,1,0,0.39,Reclamação para a conferência,0,rule
Meio Processual,CONFIRMAÇÃO SENTENÇA PENAL ESTRANGEIRA,1,0,0.58,Revisão de sentença estrangeira,0,rule
Meio Processual,CONFLITO JURISIDIÇÃO,1,0,0.82,Conflito de jurisdição,0,rule
Meio Processual,CONFLITO JURISIÇÃO,1,0,0.82,Conflito de jurisdição,0,rule
Meio Processual,CONFLITO NEGATIVO,1,0,0.55,Conflito de jurisdição,0,rule
Meio Processual,CONFLITO NEGATIVO DE COMPETÊNCIA MATERIAL (FUNCIONAL),1,0,0.43,Conflito de competência,0,rule
Meio Processual,CONTRA,1,0,0.27,Outro,1,fallback:no-home
Meio Processual,CONTRA ORDENAÇÃO,1,0,0.54,Recurso de contraordenação,0,rule
Meio Processual,DEBATE INSTRUTÓRIO,1,0,0.29,Outro,1,fallback:no-home
Meio Processual,"DECISÃO LIMINAR DO OBJECTO DO RECURSO (ARTº 705º APLICÁVEL POR MOR DO ESTATUÍDO NO ARTº 726, AMBOS DO CPC)",1,0,0.25,Outro,1,fallback:no-home
Meio Processual,DECISÇÃO SUMÁRIA,1,0,0.34,Outro,1,fallback:no-home
Meio Processual,DESPACHO DE NÃO ADMISSIBILIDADE DE ABERTURA DE INSTRUÇÃO,1,0,0.32,Outro,1,fallback:no-home
Meio Processual,DESPACHO DE PRONÚNCIA,1,0,0.41,Outro,1,fallback:no-home
Meio Processual,EXTRADIÇÃO M.D.E,1,0,0.63,Extradição,0,rule
Meio Processual,Extradição / M.D.E.,1,0,0.56,Extradição,0,rule
Meio Processual,Extradição /M.D.E.,1,0,0.59,Extradição,0,rule
Meio Processual,FERNANDO BAPTISTA,1,0,0.39,Outro,1,fallback:no-home
Meio Processual,FIXADA JURISPRUDÊNCIA,1,0,0.32,Recurso extraordinário de uniformização/fixação de jurisprudência,0,rule
Meio Processual,FIXAÇÃO DE JURIPRUDÊNCIA,1,0,0.42,Recurso extraordinário de uniformização/fixação de jurisprudência,0,rule
Meio Processual,FIXAÇÃO DE JURISPRUDENCIA,1,0,0.44,Recurso extraordinário de uniformização/fixação de jurisprudência,0,rule
Meio Processual,HABILITAÇÃO,1,0,0.27,Outro,1,fallback:no-home
Meio Processual,HABILITAÇÃO DE HERDEIROS,1,0,0.38,Outro,1,fallback:no-home
Meio Processual,HEBAS CORPUS,1,0,0.85,Habeas corpus,0,rule
Meio Processual,HENRIQUE ARAÚJO,1,0,0.31,Outro,1,fallback:no-home
Meio Processual,IMPROCEDÊNCIA,1,0,0.35,Outro,1,fallback:no-home
Meio Processual,IMPUGNAÇÃO JUDICIAL,1,0,0.42,Outro,1,fallback:no-home
Meio Processual,INCIDENTE DE ESCUSA,1,0,0.33,Escusa/Recusa,1,fallback:no-home
Meio Processual,INCIDENTE.  AGRAVO,1,0,0.29,Outro,1,fallback:no-home
Meio Processual,INDEFERIDA A RECLAMAÇÃO,1,0,0.39,Outro,1,fallback:no-home
Meio Processual,INDEFERIDO,1,0,0.32,Outro,1,fallback:no-home
Meio Processual,INQUÉRITO. REC PENAL,1,0,0.31,Recursos penais das decisões do STJ em 1.ª e 2.ª instâncias,0,rule
Meio Processual,JULGAMENTO SUSP. E ADIADO PARA PUB. AC,1,0,0.26,Outro,1,fallback:no-home
Meio Processual,M.D:E:,1,0,0.17,Mandado de detenção europeu,1,fallback:no-home
Meio Processual,MD.D.E,1,0,0.17,Mandado de detenção europeu,0,rule
Meio Processual,NEGADA A REVISTA DO AUTOR,1,0,0.41,Outro,1,fallback:no-home
Meio Processual,NEGADO PROVIMENTO AO RECURSO DA REVISTA; CONCEDIDO PROVIMENTO PARCIAL AO RECURSO DA RÉ,1,0,0.30,Outro,1,fallback:no-home
Meio Processual,ORDENAÇÃO,1,0,0.39,Outro,1,fallback:no-home
Meio Processual,OUTROS,1,0,0.20,Outro,1,fallback:no-home
Meio Processual,PLENO,1,0,0.16,Recurso extraordinário de revisão,1,fallback:no-home
Meio Processual,PROCESSOS NÃO CLASSIFICADOS (TRANSLADO),1,0,0.33,Outro,1,fallback:no-home
Meio Processual,PROVIDO,1,0,0.30,Outro,1,fallback:no-home
Meio Processual,PROVIDO PARCIAL,1,0,0.42,Outro,1,fallback:no-home
Meio Processual,PROVIDO PARCIAL UNS E NEGADO OUTROS,1,0,0.29,Outro,1,fallback:no-home
Meio Processual,PROVIDO PARCIALMENTE,1,0,0.30,Outro,1,fallback:no-home
Meio Processual,PROVIDO. PROVIDO PARCIAL,1,0,0.42,Outro,1,fallback:no-home
Meio Processual,QUESTÕES PRELIMINARES,1,0,0.29,Outro,1,fallback:no-home
Meio Processual,RCLAMAÇÃO,1,0,0.40,Outro,1,fallback:no-home
Meio Processual,RCURSO PENAL,1,0,0.61,Recursos penais das decisões do STJ em 1.ª e 2.ª instâncias,0,rule
Meio Processual,REC ENAL,1,0,0.39,Recursos penais das decisões do STJ em 1.ª e 2.ª instâncias,0,rule
Meio Processual,REC FIX JURIS,1,0,0.39,Recurso extraordinário de uniformização/fixação de jurisprudência,0,rule
Meio Processual,REC FIX JURISPRUDÊNCIA,1,0,0.41,Recurso extraordinário de uniformização/fixação de jurisprudência,0,rule
Meio Processual,REC JURIS OBRIGATÓRIA,1,0,0.38,Outro,1,fallback:no-home
Meio Processual,REC PANAL,1,0,0.39,Recursos penais das decisões do STJ em 1.ª e 2.ª instâncias,0,rule
Meio Processual,REC PENAL. REVISÃO,1,0,0.50,Recursos penais das decisões do STJ em 1.ª e 2.ª instâncias,0,rule
Meio Processual,REC UNIFORMIZAÇÃO DE JURISPRUDÊNCIA,1,0,0.54,Recurso extraordinário de uniformização/fixação de jurisprudência,0,rule
Meio Processual,REC. CONFERÊNCIA,1,0,0.52,Reclamação para a conferência,0,rule
Meio Processual,REC. EXTRAORDINÁRIO PARA FIXAÇÃO DE JURISPRUDÊNCIA,1,0,0.71,Recurso extraordinário de uniformização/fixação de jurisprudência,0,rule
Meio Processual,RECEURSO PENAL,1,0,0.61,Recursos penais das decisões do STJ em 1.ª e 2.ª instâncias,0,rule
Meio Processual,RECL PARA A CONFERENCIA,1,0,0.79,Reclamação para a conferência,0,rule
Meio Processual,RECL PARA O PRESIDENTE,1,0,0.45,Reclamação para a conferência,0,rule
Meio Processual,RECL. CONFERÊNCIA,1,0,0.55,Reclamação para a conferência,0,rule
Meio Processual,RECLAMAÇÃO (PROPRIEDADE INTELECTUAL),1,0,0.50,Outro,1,fallback:no-home
Meio Processual,RECLAMAÇÃO - ARTº 643 CPC (COMÉRCIO),1,0,0.58,Reclamação art. 643.º CPC,1,rule
Meio Processual,RECLAMAÇÃO ARTIGO 405.º DO CPP,1,0,0.80,Reclamação art. 405.º CPP,0,rule
Meio Processual,RECLAMAÇÃO ARTO 643 CPC (CONCORRÊNCIA),1,0,0.61,Reclamação art. 643.º CPC,1,rule
Meio Processual,RECLAMAÇÃO INDEFERIDA,1,0,0.52,Outro,1,fallback:no-home
Meio Processual,RECLAMAÇÃO N,1,0,0.44,Outro,1,fallback:no-home
Meio Processual,RECLAMAÇÃO – ARGUIÇÃO DE NULIDADE,1,0,0.52,Outro,1,fallback:no-home
Meio Processual,RECLAMAÇÃO – ARTIGO 405.º DO CPP,1,0,0.75,Reclamação art. 405.º CPP,0,rule
Meio Processual,RECLAMÇÃO ARTº 688 CPC,1,0,0.76,Reclamação art. 643.º CPC,0,rule
Meio Processual,RECOINHECIEMNTO DE SENTENÇA ESTRANGEIRA,1,0,0.72,Revisão de sentença estrangeira,0,rule
Meio Processual,RECONHECIMENTO E EXECUÇÃO DE SENTENÇA PENAL EUROPEIA,1,0,0.40,Revisão de sentença estrangeira,0,rule
Meio Processual,RECONHECIMENTO SENTENÇA EXTRANGEIRA,1,0,0.66,Revisão de sentença estrangeira,0,rule
Meio Processual,RECONHECIMENTOSENTENÇA ESTRANGEIRA,1,0,0.68,Revisão de sentença estrangeira,0,rule
Meio Processual,RECUESO UNIFORMIZAÇÃO DE JURISPRUDÊNCIA (CÍVEL),1,0,0.46,Recurso extraordinário de uniformização/fixação de jurisprudência,0,rule
Meio Processual,RECURDO DE FIXAÇÃO DE JURISPRUDFÊNCIA (PENAL),1,0,0.42,Recurso extraordinário de uniformização/fixação de jurisprudência,0,rule
Meio Processual,RECUROS PARA O PLENO,1,0,0.50,Recurso extraordinário de revisão,1,fallback:no-home
Meio Processual,RECUROS PARA O TRIBUNAL PLENO,1,0,0.38,Recurso extraordinário de revisão,1,fallback:no-home
Meio Processual,RECURSA,1,0,0.39,Outro,1,fallback:no-home
Meio Processual,RECURSO  PENAL,1,0,0.67,Recursos penais das decisões do STJ em 1.ª e 2.ª instâncias,0,rule
Meio Processual,RECURSO DE  FIXAÇÃO DE JURISPRUDÊNCIA (PENAL),1,0,0.45,Recurso extraordinário de uniformização/fixação de jurisprudência,0,rule
Meio Processual,RECURSO DE AGRAVO,1,0,0.61,Outro,1,fallback:no-home
Meio Processual,RECURSO DE APELAÇÃO,1,0,0.65,Outro,1,fallback:no-home
Meio Processual,RECURSO DE FIXAÇÃO DE JURISDPRUDÊNCIA (PENAL),1,0,0.44,Recurso extraordinário de uniformização/fixação de jurisprudência,0,rule
Meio Processual,RECURSO DE FIXAÇÃO DE JURISPREDENCIA,1,0,0.54,Recurso extraordinário de uniformização/fixação de jurisprudência,0,rule
Meio Processual,RECURSO DE FIXAÇÃO DE JURISPRIDÊNCIA,1,0,0.54,Recurso extraordinário de uniformização/fixação de jurisprudência,0,rule
Meio Processual,RECURSO DE FIXAÇÃO DE JURISPRUDÊNCIA (PENAL)´,1,0,0.44,Recurso extraordinário de uniformização/fixação de jurisprudência,0,rule
Meio Processual,RECURSO DE FIXAÇÃO DE JURISPRUDÊNCUA (PENAL),1,0,0.45,Recurso extraordinário de uniformização/fixação de jurisprudência,0,rule
Meio Processual,RECURSO DE FIXAÇÃO DE JURSIPRUDÊNCIA (PENAL),1,0,0.45,Recurso extraordinário de uniformização/fixação de jurisprudência,0,rule
Meio Processual,RECURSO DE FIXAÇÃO DE JUSRISPRUDÊNCIA (PENAL),1,0,0.44,Recursos penais das decisões do STJ em 1.ª e 2.ª instâncias,0,rule
Meio Processual,RECURSO DE FIXAÇÃO JURISPRUDÊNCIA (PENAL),1,0,0.49,Recurso extraordinário de uniformização/fixação de jurisprudência,0,rule
Meio Processual,RECURSO DE FIXÇÃO DE JURISPRUDÊNCIA (PENAL),1,0,0.47,Recursos penais das decisões do STJ em 1.ª e 2.ª instâncias,0,rule
Meio Processual,RECURSO DE IMPUGNAÇÃO DE APOIO JUDICIÁRIO,1,0,0.49,Outro,1,fallback:no-home
Meio Processual,RECURSO DE UNIFOMIZAÇÃO DE JURISPRUDÊNCIA (CÍVEL),1,0,0.51,Outro,1,fallback:no-home
Meio Processual,RECURSO DE UNIFORMIZAÇÂO DE JURISPRUDÊNCIA,1,0,0.65,Recurso extraordinário de uniformização/fixação de jurisprudência,0,rule
Meio Processual,RECURSO DE UNIFORMIZAÇÃO DE JURISPRUDENCIA,1,0,0.65,Recurso extraordinário de uniformização/fixação de jurisprudência,0,rule
Meio Processual,RECURSO DE UNIFORMIZAÇÃO DE JURISPRUDÊNCIA (PENAL),1,0,0.52,Recurso extraordinário de uniformização/fixação de jurisprudência,0,rule
Meio Processual,RECURSO EM SEPARADO,1,0,0.58,Outro,1,fallback:no-home
Meio Processual,RECURSO EPNAL,1,0,0.61,Outro,1,fallback:no-home
Meio Processual,RECURSO EXTRAORDINÁRIO PARA FIXAÇÃO DE JURSIPRUDÊNCIA,1,0,0.74,Recurso extraordinário de uniformização/fixação de jurisprudência,0,rule
Meio Processual,RECURSO EXTRORDINARIO,1,0,0.65,Outro,1,fallback:no-home
Meio Processual,RECURSO O PLENO,1,0,0.56,Recurso extraordinário de revisão,1,fallback:no-home
Meio Processual,RECURSO PARA  FIXAÇÃO DE  JURISPRUDÊNCIA,1,0,0.57,Recurso extraordinário de uniformização/fixação de jurisprudência,0,rule
Meio Processual,RECURSO PARA  PLENO,1,0,0.61,Recurso extraordinário de revisão,1,fallback:no-home
Meio Processual,RECURSO PARA  UNIFORMIZAÇÃO DE JURISPRUDÊNCIA,1,0,0.66,Recurso extraordinário de uniformização/fixação de jurisprudência,0,rule
Meio Processual,RECURSO PARA A FIXAÇÃO DE JURISPRUDÊNCIA,1,0,0.58,Recurso extraordinário de uniformização/fixação de jurisprudência,0,rule
Meio Processual,RECURSO PARA FIXAÇAO DE JURISPRUDÊNCIA,1,0,0.57,Recurso extraordinário de uniformização/fixação de jurisprudência,0,rule
Meio Processual,RECURSO PARA FIXAÇÃO DE JURISPRUDENCIA,1,0,0.57,Recurso extraordinário de uniformização/fixação de jurisprudência,0,rule
Meio Processual,RECURSO PARA FIXAÇÃO DE JURSIPRUDÊNCIA,1,0,0.54,Recurso extraordinário de uniformização/fixação de jurisprudência,0,rule
Meio Processual,RECURSO PARA O  TRIB PLENO,1,0,0.48,Recurso extraordinário de revisão,1,fallback:no-home
Meio Processual,RECURSO PARA O PLENO PLENO,1,0,0.46,Recurso extraordinário de revisão,1,fallback:no-home
Meio Processual,RECURSO PARA O TRINBUNAL PLENO,1,0,0.43,Recurso extraordinário de revisão,1,fallback:no-home
Meio Processual,RECURSO PARA TRIBUNAL PENO,1,0,0.50,Outro,1,fallback:no-home
Meio Processual,RECURSO PARA TRIBUNAL PLENO,1,0,0.48,Recurso extraordinário de revisão,1,fallback:no-home
Meio Processual,RECURSO PARA UNIFORMIZAÇÃO DE JURISPRUDÊNCIA (CIVIL),1,0,0.54,Recurso extraordinário de uniformização/fixação de jurisprudência,0,rule
Meio Processual,RECURSO PARA UNIFORMIZAÇÃO DE JURSIPRUDÊNCIA,1,0,0.63,Recurso extraordinário de uniformização/fixação de jurisprudência,0,rule
Meio Processual,RECURSO PENALQ,1,0,0.67,Recursos penais das decisões do STJ em 1.ª e 2.ª instâncias,0,rule
Meio Processual,RECURSO PENLA,1,0,0.61,Recursos penais das decisões do STJ em 1.ª e 2.ª instâncias,0,rule
Meio Processual,RECURSO TRIBUNAL PLENO,1,0,0.46,Recurso extraordinário de revisão,1,fallback:no-home
Meio Processual,RECURSO UNIFOMIZADOR DE JURISPRUDÊNCIA (CÍVEL),1,0,0.43,Outro,1,fallback:no-home
Meio Processual,RECURSO UNIFORIZAÇÃO DE JURISPRUDÊNCIA,1,0,0.58,Outro,1,fallback:no-home
Meio Processual,RECURSO UNIFORMIZADOR DE JURISPRUDÊNCIA,1,0,0.57,Recurso extraordinário de uniformização/fixação de jurisprudência,0,rule
Meio Processual,RECURSO UNIFORMIZAÇÃO DE JURISPRUDÊNCIA (COMÉRCIO),1,0,0.43,Recurso extraordinário de uniformização/fixação de jurisprudência,0,rule
Meio Processual,RECURSO UNIFORMIZAÇÃO DO JURISPRUDÊNCIA (CÍVEL),1,0,0.46,Recurso extraordinário de uniformização/fixação de jurisprudência,0,rule
Meio Processual,RECURSOS PARA O PLENO,1,0,0.57,Recurso extraordinário de revisão,1,fallback:no-home
Meio Processual,RECURSOS PENAIS,1,0,0.56,Recursos penais das decisões do STJ em 1.ª e 2.ª instâncias,0,rule
Meio Processual,RECURSOS PENAL,1,0,0.61,Recursos penais das decisões do STJ em 1.ª e 2.ª instâncias,0,rule
Meio Processual,RECURSPO PENAL,1,0,0.61,Recursos penais das decisões do STJ em 1.ª e 2.ª instâncias,0,rule
Meio Processual,RECUSO DE CONTENCIOSO,1,0,0.62,Recurso de revista,1,fallback:no-home
Meio Processual,RECUUSO PARA O PLENO,1,0,0.55,Recurso extraordinário de revisão,1,fallback:no-home
Meio Processual,RECVURSO PENAL,1,0,0.61,Recursos penais das decisões do STJ em 1.ª e 2.ª instâncias,0,rule
Meio Processual,REIVTA,1,0,0.28,Outro,1,fallback:no-home
Meio Processual,REIVTSA,1,0,0.28,Outro,1,fallback:no-home
Meio Processual,RERCURSO DE REVISÃO,1,0,0.84,Recurso extraordinário de revisão,0,rule
Meio Processual,RERVISTA,1,0,0.44,Recurso de revista,0,rule
Meio Processual,RESCURSO DE FIXAÇÃO DE JURISPRUDÊNCIA,1,0,0.54,Recurso extraordinário de uniformização/fixação de jurisprudência,0,rule
Meio Processual,RESVISTA,1,0,0.44,Recurso de revista,0,rule
Meio Processual,REVISRA,1,0,0.33,Recurso de revista,0,rule
Meio Processual,REVISTA (INCIDENTE),1,0,0.35,Recurso de revista,1,rule
Meio Processual,REVISTA (PROPORIEDADE INTELECTUAL),1,0,0.32,Recurso de revista,0,rule
Meio Processual,REVISTA (PROPRIEDADE INTECTUAL),1,0,0.35,Recurso de revista,1,rule
Meio Processual,REVISTA (PROPRIEDADE INTELECUTAL),1,0,0.33,Recurso de revista,1,rule
Meio Processual,REVISTA (PROPRIEDSDE INTELECTUAL),1,0,0.33,Recurso de revista,0,rule
Meio Processual,REVISTA COMÉRCIO,1,0,0.39,Recurso de revista,1,rule
Meio Processual,REVISTA DE SENTENÇA,1,0,0.55,Revisão de sentença estrangeira,0,rule
Meio Processual,REVISTA EXECPCIONAL,1,0,0.55,Recurso de revista excecional,0,rule
Meio Processual,REVISTA NEGADA,1,0,0.34,Recurso de revista,0,rule
Meio Processual,REVISTA PER SALTUM,1,0,0.72,Recurso per saltum,0,rule
Meio Processual,REVISTA [PROPRIEDADE INTELECTUAL),1,0,0.33,Recurso de revista,1,rule
Meio Processual,REVISTA(PROPRIEDADE INTELECTUAL),1,0,0.31,Recurso de revista,1,rule
Meio Processual,REVISTA.  AGRAVO,1,0,0.31,Recurso de revista,1,rule
Meio Processual,REVISTA.  INCIDENTE,1,0,0.35,Recurso de revista,1,rule
Meio Processual,REVISTA. HABILITAÇÃO,1,0,0.35,Recurso de revista,1,rule
Meio Processual,REVISTA. REC TRIB PLENO,1,0,0.32,Recurso extraordinário de revisão,0,rule
Meio Processual,REVISTA. RECLAMAÇÃO,1,0,0.37,Recurso de revista,0,rule
Meio Processual,REVISTA. REVISTA,1,0,0.61,Recurso de revista,0,rule
Meio Processual,REVISTA:,1,0,0.39,Recurso de revista,0,rule
Meio Processual,REVISTO,1,0,0.33,Recurso de revista,0,rule
Meio Processual,REVISTRA,1,0,0.33,Recurso de revista,0,rule
Meio Processual,REVISÃO DE SENTANÇA,1,0,0.58,Revisão de sentença estrangeira,0,rule
Meio Processual,REVISÃO E CONFIRMAÇÃO DE SENTENÇA ESTRANGEIRA,1,0,0.69,Revisão de sentença estrangeira,0,rule
Meio Processual,RREC PENAL,1,0,0.39,Recursos penais das decisões do STJ em 1.ª e 2.ª instâncias,0,rule
Meio Processual,RVEISTA,1,0,0.33,Outro,1,fallback:no-home
Meio Processual,Reclamação - art.º 643 CPC,1,0,0.81,Reclamação art. 643.º CPC,0,rule
Meio Processual,Reclamação - art.º 643 CPC (Comércio),1,0,0.59,Reclamação art. 643.º CPC,1,rule
Meio Processual,Reclamação - artº 6,1,0,0.56,Reclamação art. 643.º CPC,1,fallback:no-home
Meio Processual,Reclamação - artº 643 CPC (Comércio),1,0,0.58,Reclamação art. 643.º CPC,1,rule
Meio Processual,Reclamação - artº 643º CPC,1,0,0.85,Reclamação art. 643.º CPC,0,rule
Meio Processual,Recurso de Fixação de jurisprudência (Penal),1,0,0.45,Recurso extraordinário de uniformização/fixação de jurisprudência,0,rule
Meio Processual,Recurso de Uniformização de Jurisprudência,1,0,0.65,Recurso extraordinário de uniformização/fixação de jurisprudência,0,rule
Meio Processual,Recurso de fixação de Jurisprudência,1,0,0.55,Recurso extraordinário de uniformização/fixação de jurisprudência,0,rule
Meio Processual,Recurso de fixação de Jurisprudência (Penal),1,0,0.45,Recurso extraordinário de uniformização/fixação de jurisprudência,0,rule
Meio Processual,Recurso do Contencioso,1,0,0.62,Recurso de revista,1,fallback:no-home
Meio Processual,Recurso penal,1,0,0.67,Recursos penais das decisões do STJ em 1.ª e 2.ª instâncias,0,rule
Meio Processual,Revista (Marítimo),1,0,0.29,Recurso de revista,1,rule
Meio Processual,SUSPENSÃO DE EFICÂCIA,1,0,0.38,Outro,1,fallback:no-home
Meio Processual,TORNAR PUBLICA A DECISÃO,1,0,0.42,Outro,1,fallback:no-home
Meio Processual,UNANIMIDADE,1,0,0.22,Outro,1,fallback:no-home
Meio Processual,UNIFORMIZAÇÃO DE JURISPRUDÊNCIA (CÍVEL),1,0,0.38,Recurso extraordinário de uniformização/fixação de jurisprudência,0,rule
Meio Processual,UNIFORMIZAÇÃO DE JUSRISPRUDÊNCIA,1,0,0.46,Outro,1,fallback:no-home
Meio Processual,ÚNICA INSTÂNC1A,1,0,0.30,Outro,1,fallback:no-home
Meio Processual,Única Instância (Pleno Criminal),1,0,0.28,Recurso extraordinário de revisão,1,fallback:no-home
Relator Nome Profissional,MARIA DOS PRAZERES PIZARRO BELEZA,438,0,0.94,MARIA DOS PRAZERES BELEZA,0,fuzzy:0.94 dates:2007-2026~2007-2026
Relator Nome Profissional,CURA MARIANO,432,0,0.90,JOÃO CURA MARIANO,0,fuzzy:0.90 dates:1986-1995~1986-2024
Relator Nome Profissional,SANTOS CARVALHO,300,0,0.87,J. SANTOS CARVALHO,0,fuzzy:0.87 dates:1967-2013~1966-2013
Relator Nome Profissional,MARIA CLARA SOTTOMAYOR,265,0,0.92,CLARA SOTTOMAYOR,0,fuzzy:0.92 dates:2012-2026~2012-2026
Relator Nome Profissional,NUNO GONÇALVES,200,0,0.92,NUNO ANTÓNIO GONÇALVES,0,fuzzy:0.92 dates:2019-2026~2019-2024
Relator Nome Profissional,ANTÓNIO BARATEIRO MARTINS,142,0,0.97,A. BARATEIRO MARTINS,0,fuzzy:0.97 dates:2021-2026~2021-2026
Relator Nome Profissional,M. CARMO SILVA DIAS,81,0,0.97,MARIA DO CARMO DA SILVA DIAS,0,fuzzy:0.97 dates:2021-2024~2021-2024
Relator Nome Profissional,SA PEREIRA,77,0,0.88,SÁ FERREIRA,1,fuzzy:0.88 dates:1989-1992~1989-1996 SURNAME?
Relator Nome Profissional,AMANCIO FERREIRA,66,0,0.82,FERREIRA,1,fuzzy:0.82 dates:1990-1996~1993-1993 BARE-SURNAME?
Relator Nome Profissional,BORGES DE PINHO,53,0,1.00,BORGES PINHO,0,fuzzy:1.00 dates:1998-2003~1998-2003
Relator Nome Profissional,RIBEIRO DE ALMEIDA,48,0,0.74,FERREIRA DE ALMEIDA,1,fuzzy:0.74 dates:2002-2007~1997-2010
Relator Nome Profissional,AZAMBUJA DA FONSECA,42,0,1.00,AZAMBUJA FONSECA,0,fuzzy:1.00 dates:1999-2003~1999-2003
Relator Nome Profissional,ARLINDO OLIVEIRA,41,0,1.00,ARLINDO DE OLIVEIRA,0,fuzzy:1.00 dates:2025-2026~2025-2026
Relator Nome Profissional,ARAÚJO DE BARROS,32,0,1.00,ARAÚJO BARROS,0,fuzzy:1.00 dates:2000-2003~204-2006
Relator Nome Profissional,FERREIRA ROCHA,29,0,1.00,FERREIRA DA ROCHA,0,fuzzy:1.00 dates:1991-1996~1991-1997
Relator Nome Profissional,ARAUJO ANJOS,27,0,1.00,ARAÚJO DOS ANJOS,0,fuzzy:1.00 dates:1994-1996~1990-1996
Relator Nome Profissional,NUNES CRUZ,25,0,1.00,NUNES DA CRUZ,0,fuzzy:1.00 dates:1993-1996~1993-1998
Relator Nome Profissional,MARTINS COSTA,23,0,1.00,MARTINS DA COSTA,0,fuzzy:1.00 dates:1992-1997~1988-2000
Relator Nome Profissional,TAVARES SANTOS,22,0,1.00,TAVARES DOS SANTOS,0,fuzzy:1.00 dates:1989-1990~1989-1991
Relator Nome Profissional,ANTERO VEIGA,18,0,0.80,ANTERO DINIS RAMOS VEIGA,0,fuzzy:0.80 dates:2025-2026~2024-2026
Relator Nome Profissional,FARIA SOUSA,16,0,1.00,FARIA DE SOUSA,0,fuzzy:1.00 dates:1991-1994~1989-1995
Relator Nome Profissional,ANTÓNIO PIÇARRA,14,0,0.89,ANTÓNIO JOAQUIM PIÇARRA,0,fuzzy:0.89 dates:2016-2018~2012-2019
Relator Nome Profissional,Maria Clara Sottomayor,14,0,0.92,CLARA SOTTOMAYOR,0,fuzzy:0.92 dates:2020-2020~2012-2026
Relator Nome Profissional,ACACIO DE CARVALHO,13,0,1.00,ACÁCIO CARVALHO,0,fuzzy:1.00 dates:1969-1980~1967-1983
Relator Nome Profissional,ISOLETA DE ALMEIDA COSTA,13,0,0.89,ISOLETA COSTA,0,fuzzy:0.89 dates:2025-2026~2025-2026
Relator Nome Profissional,AFONSO MELO,12,0,1.00,AFONSO DE MELO,0,fuzzy:1.00 dates:1994-2002~1991-2004
Relator Nome Profissional,DIAS FONSECA,12,0,1.00,DIAS DA FONSECA,0,fuzzy:1.00 dates:1982-1984~1980-1988
Relator Nome Profissional,HERCULANO DE LIMA,11,0,1.00,HERCULANO LIMA,0,fuzzy:1.00 dates:1994-1996~1993-1997
Relator Nome Profissional,MARTINS FONSECA,9,0,1.00,MARTINS DA FONSECA,0,fuzzy:1.00 dates:1989-1994~1986-1994
Relator Nome Profissional,TERESA ALMEIDA,9,0,1.00,TERESA DE ALMEIDA,0,fuzzy:1.00 dates:2022-2024~2022-2024
Relator Nome Profissional,FOLQUE DE GOUVEIA,8,0,1.00,FOLQUE GOUVEIA,0,fuzzy:1.00 dates:1992-1993~1992-1994
Relator Nome Profissional,LINO RIBEIRO,8,0,0.75,AQUILINO RIBEIRO,1,fuzzy:0.75 dates:2023-2024~1977-2024 AMBIGUOUS ~VINÍCIO RIBEIRO(0.73)
Relator Nome Profissional,ARAÚJO ANJOS,7,0,1.00,ARAÚJO DOS ANJOS,0,fuzzy:1.00 dates:1993-1995~1990-1996
Relator Nome Profissional,JOÃO GUERRA (RELATOR DE TURNO),7,0,1.00,JOÃO GUERRA,0,fuzzy:1.00 dates:2021-2021~2021-2021
Relator Nome Profissional,Nuno Gonçalves,7,0,0.92,NUNO ANTÓNIO GONÇALVES,0,fuzzy:0.92 dates:2020-2020~2019-2024
Relator Nome Profissional,TOME CARVALHO,7,0,1.00,TOMÉ DE CARVALHO,0,fuzzy:1.00 dates:1995-1997~1994-2002
Relator Nome Profissional,VAZ SEQUEIRA,7,0,1.00,VAZ DE SEQUEIRA,0,fuzzy:1.00 dates:1990-1992~1989-1992
Relator Nome Profissional,ANTÓNIO GAMA (RELATOR DE TURNO),6,0,1.00,ANTÓNIO GAMA,0,fuzzy:1.00 dates:2021-2022~2020-2024
Relator Nome Profissional,BARROS SEQUEIROS,6,0,1.00,BARROS DE SEQUEIROS,0,fuzzy:1.00 dates:1986-1989~1986-1990
Relator Nome Profissional,VAZ SANTOS,6,0,1.00,VAZ DOS SANTOS,0,fuzzy:1.00 dates:1994-1995~1991-1995
Relator Nome Profissional,CELSO MANATA (RELATOR DE TURNO),5,0,1.00,CELSO MANATA,0,fuzzy:1.00 dates:2024-2025~2024-2026
Relator Nome Profissional,DIONISIO DE PINHO,5,0,1.00,DIONÍSIO PINHO,0,fuzzy:1.00 dates:1992-1993~1921-1993
Relator Nome Profissional,HELENA MONIZ (RELATORA DE TURNO),5,0,1.00,HELENA MONIZ,0,fuzzy:1.00 dates:2021-2023~2014-2023
Relator Nome Profissional,LEONOR FURTADO (RELATORA DE TURNO),5,0,1.00,LEONOR FURTADO,0,fuzzy:1.00 dates:2022-2023~2022-2025
Relator Nome Profissional,A CAMPOS,4,0,0.95,ABEL DE CAMPOS,0,fuzzy:0.95 dates:1932-1936~1932-1984
Relator Nome Profissional,ABEL CAMPOS,4,0,1.00,ABEL DE CAMPOS,0,fuzzy:1.00 dates:1977-1983~1932-1984
Relator Nome Profissional,CORREIA SOUSA,4,0,1.00,CORREIA DE SOUSA,0,fuzzy:1.00 dates:1992-1993~1989-1996
Relator Nome Profissional,FIGUEIREDO SOUSA,4,0,1.00,FIGUEIREDO DE SOUSA,0,fuzzy:1.00 dates:1993-1997~1987-1998
Relator Nome Profissional,GRANJA FONSECA,4,0,1.00,GRANJA DA FONSECA,0,fuzzy:1.00 dates:2014-2015~2011-2015
Relator Nome Profissional,JOAQUIM CARVALHO,4,0,1.00,JOAQUIM DE CARVALHO,0,fuzzy:1.00 dates:1980-1990~1968-1993
Relator Nome Profissional,JORGE GONÇALVES (RELATOR DE TURNO),4,0,1.00,JORGE GONÇALVES,0,fuzzy:1.00 dates:2024-2024~2023-2026
Relator Nome Profissional,JORGE RAPOSO (RELATOR DE TURNO),4,0,1.00,JORGE RAPOSO,0,fuzzy:1.00 dates:2024-2025~2024-2026
Relator Nome Profissional,JOSE ANTONIO FERNANDES,4,0,0.89,ANTÓNIO FERNANDES,1,fuzzy:0.89 dates:1975-1975~1975-1976 AMBIGUOUS ~JOSÉ FERNANDES(0.89)
Relator Nome Profissional,MIRANDA DE GUSMÃO,4,0,1.00,MIRANDA GUSMÃO,0,fuzzy:1.00 dates:1992-1993~1989-2002
Relator Nome Profissional,NUNO GONÇALVES (RELATOR DE TURNO),4,0,0.92,NUNO ANTÓNIO GONÇALVES,0,fuzzy:0.92 dates:2021-2021~2019-2024
Relator Nome Profissional,PAIS SOUSA,4,0,1.00,PAIS DE SOUSA,0,fuzzy:1.00 dates:1992-1997~1991-2002
Relator Nome Profissional,PONCE LEÃO,4,0,1.00,PONCE DE LEÃO,0,fuzzy:1.00 dates:2001-2003~2001-2005
Relator Nome Profissional,SOUTO MOURA,4,0,1.00,SOUTO DE MOURA,0,fuzzy:1.00 dates:2014-2016~2007-2018
Relator Nome Profissional,TOMÉ CARVALHO,4,0,1.00,TOMÉ DE CARVALHO,0,fuzzy:1.00 dates:1997-2000~1994-2002
Relator Nome Profissional,TOSCANO PESSOA,4,0,0.87,F. TOSCANO PESSOA,0,fuzzy:0.87 dates:1959-1966~1959-1966
Relator Nome Profissional,ADELINA BARRADAS OLIVEIRA (RELATORA DE TURNO),3,0,1.00,ADELINA BARRADAS DE OLIVEIRA,0,fuzzy:1.00 dates:2026-2026~2025-2026
Relator Nome Profissional,ALCIDES ALMEIDA,3,0,1.00,ALCIDES DE ALMEIDA,0,fuzzy:1.00 dates:1987-1989~1983-1990
Relator Nome Profissional,ANA BARATA BRITO (RELATORA DE TURNO),3,0,1.00,ANA BARATA BRITO,0,fuzzy:1.00 dates:2023-2024~2021-2024
Relator Nome Profissional,ANTONIO MATOS,3,0,1.00,ANTÓNIO DE MATOS,0,fuzzy:1.00 dates:1988-1989~1989-1990
Relator Nome Profissional,ANTÓNIO LATAS (RELATOR DE TURNO),3,0,1.00,ANTÓNIO LATAS,0,fuzzy:1.00 dates:2023-2024~1988-2025
Relator Nome Profissional,FERREIRA SILVA,3,0,1.00,FERREIRA DA SILVA,0,fuzzy:1.00 dates:1992-1993~1983-1997
Relator Nome Profissional,H DIAS FREIRE,3,0,0.87,DIAS FREIRE,0,fuzzy:0.87 dates:1967-1967~1967-1969
Relator Nome Profissional,JOSÉ CARRETO (RELATOR DE TURNO),3,0,1.00,JOSÉ CARRETO,0,fuzzy:1.00 dates:2025-2025~2024-2026
Relator Nome Profissional,LOPES DA MOTA (RELATOR DE TURNO),3,0,1.00,LOPES DA MOTA,0,fuzzy:1.00 dates:2023-2023~2017-2026
Relator Nome Profissional,LOPES REGO,3,0,1.00,LOPES DO REGO,0,fuzzy:1.00 dates:2016-2017~2009-2017
Relator Nome Profissional,MARGARIDA BLASCO (RELATORA DE TURNO),3,0,1.00,MARGARIDA BLASCO,0,fuzzy:1.00 dates:2021-2021~2019-2021
Relator Nome Profissional,MARIA DO CARMO SILVA DIAS (RELATORA DE TURNO),3,0,1.00,MARIA DO CARMO DA SILVA DIAS,0,fuzzy:1.00 dates:2022-2024~2021-2024
Relator Nome Profissional,Maria dos Prazeres Pizarro Beleza,3,0,0.94,MARIA DOS PRAZERES BELEZA,0,fuzzy:0.94 dates:2020-2020~2007-2026
Relator Nome Profissional,NASCIMENTO DA COSTA,3,0,1.00,NASCIMENTO COSTA,0,fuzzy:1.00 dates:1995-1998~1992-2002
Relator Nome Profissional,PEREIRA SANTOS,3,0,1.00,PEREIRA DOS SANTOS,0,fuzzy:1.00 dates:1990-1991~1989-1992
Relator Nome Profissional,SÉNIO ALVES (RELATOR DE TURNO),3,0,1.00,SÉNIO ALVES,0,fuzzy:1.00 dates:2021-2021~2020-2023
Relator Nome Profissional,VASQUES OSÓRIO (RELATOR DE TURNO),3,0,1.00,VASQUES OSÓRIO,0,fuzzy:1.00 dates:2024-2025~2023-2026
Relator Nome Profissional,AGOSTINHO TORRES (RELATOR DE TURNO),2,0,1.00,AGOSTINHO TORRES,0,fuzzy:1.00 dates:2023-2023~2023-2025
Relator Nome Profissional,ALBERTINA PEREIRA (RELATORA DE TURNO),2,0,1.00,ALBERTINA PEREIRA,0,fuzzy:1.00 dates:2023-2024~2023-2025
Relator Nome Profissional,ANTERO LUÍS (RELATOR DE TURNO),2,0,1.00,ANTERO LUIS,0,fuzzy:1.00 dates:2024-2026~2024-2026
Relator Nome Profissional,ANTÓNIO BARRATEIRO MARTINS,2,0,0.93,A. BARATEIRO MARTINS,0,fuzzy:0.93 dates:2025-2026~2021-2026
Relator Nome Profissional,ANTÓNIO CLEMENTE LIMA (RELATOR DE TURNO),2,0,1.00,ANTÓNIO CLEMENTE LIMA,0,fuzzy:1.00 dates:2021-2021~2018-2021
Relator Nome Profissional,BRITO DA CAMARA,2,0,1.00,BRITO CÂMARA,0,fuzzy:1.00 dates:1996-1997~1992-2000
Relator Nome Profissional,CAMPOS CARVALHO,2,0,1.00,CAMPOS DE CARVALHO,0,fuzzy:1.00 dates:1971-1972~1960-1983
Relator Nome Profissional,CONCEIÇÃO GOMES (RELATORA DE TURNO),2,0,1.00,CONCEIÇÃO GOMES,0,fuzzy:1.00 dates:2021-2021~2018-2023
Relator Nome Profissional,E SANTOS,2,0,0.90,RAMOS DOS SANTOS,1,fuzzy:0.90 dates:1934-1935~1989-1993 DATE-CONFLICT AMBIGUOUS ~SANTOS VICTOR(0.87)
Relator Nome Profissional,EDUARDO LOUREIRO (RELATOR DE TURNO),2,0,1.00,EDUARDO LOUREIRO,0,fuzzy:1.00 dates:2021-2021~2020-2023
Relator Nome Profissional,ERNESTO VAZ PEREIRA (RELATOR DE TUNO),2,0,1.00,ERNESTO VAZ PEREIRA,0,fuzzy:1.00 dates:2023-2023~2022-2024
Relator Nome Profissional,HELENA ISABEL MONIZ,2,0,0.87,HELENA MONIZ,0,fuzzy:0.87 dates:2019-2019~2014-2023
Relator Nome Profissional,JORGE BRAVO,2,0,0.89,JORGE DOS REIS BRAVO,0,fuzzy:0.89 dates:2025-2025~2023-2026
Relator Nome Profissional,JORGE JACOB (RELATOR DE TURNO),2,0,1.00,JORGE JACOB,0,fuzzy:1.00 dates:2025-2025~2025-2026
Relator Nome Profissional,JOSE ABRANCHES MARTINS,2,0,0.88,ABRANCHES MARTINS,0,fuzzy:0.88 dates:1992-1992~1991-2003
Relator Nome Profissional,JOSÉ EDUARDO SAPATEIRO (RELATOR DE TURNO),2,0,1.00,JOSÉ EDUARDO SAPATEIRO,0,fuzzy:1.00 dates:2023-2023~2023-2026
Relator Nome Profissional,LOPES MELO,2,0,1.00,LOPES DE MELO,0,fuzzy:1.00 dates:1989-1989~1987-1993
Relator Nome Profissional,M. CARMO SILVA DIAS (RELATORA DE TURNO),2,0,0.97,MARIA DO CARMO DA SILVA DIAS,0,fuzzy:0.97 dates:2021-2022~2021-2024
Relator Nome Profissional,MARIA DA GRAÇA SILVA,2,0,0.92,MARIA DA GRAÇA SANTOS SILVA,1,fuzzy:0.92 dates:2025-2025~2025-2026 AMBIGUOUS ~SILVA GRAÇA(0.89)
Relator Nome Profissional,MARIA DO CARMO DIAS,2,0,0.92,MARIA DO CARMO DA SILVA DIAS,0,fuzzy:0.92 dates:2023-2023~2021-2024
Relator Nome Profissional,NUNO PINTO OLIVIERA,2,0,0.92,NUNO PINTO DE OLIVEIRA,0,fuzzy:0.92 dates:2025-2026~2019-2026 SURNAME? confirmed:ai-review
Relator Nome Profissional,NUNO PINTO PLIVEIRA,2,0,0.96,NUNO PINTO DE OLIVEIRA,0,fuzzy:0.96 dates:2022-2024~2019-2026
Relator Nome Profissional,OLIMPIO FONSECA,2,0,1.00,OLÍMPIO DA FONSECA,0,fuzzy:1.00 dates:1991-1992~1988-1993
Relator Nome Profissional,OLIVEIRA DE MATOS,2,0,1.00,OLIVEIRA MATOS,0,fuzzy:1.00 dates:1988-1991~1988-1992
Relator Nome Profissional,ORLANDO GONÇALVES (RELATOR DE TURNO),2,0,1.00,ORLANDO GONÇALVES,0,fuzzy:1.00 dates:2022-2023~2021-2024
Relator Nome Profissional,PEDRO BRANQUINHO DIAS (RELATOR DE TURNO),2,0,1.00,PEDRO BRANQUINHO DIAS,0,fuzzy:1.00 dates:2022-2022~2022-2024
Relator Nome Profissional,PEREIRA GRAÇA,2,0,1.00,PEREIRA DA GRAÇA,0,fuzzy:1.00 dates:1996-1997~1298-1999
Relator Nome Profissional,RUI DE BRITO,2,0,1.00,RUI BRITO,0,fuzzy:1.00 dates:1990-1991~1989-1991
Relator Nome Profissional,SALVADOR COSTA,2,0,1.00,SALVADOR DA COSTA,0,fuzzy:1.00 dates:2003-2008~1997-2009
Relator Nome Profissional,SALVIANO SOUSA,2,0,1.00,SALVIANO DE SOUSA,0,fuzzy:1.00 dates:1987-1989~1987-1990
Relator Nome Profissional,SORETO BARROS,2,0,1.00,SORETO DE BARROS,0,fuzzy:1.00 dates:2007-2007~2004-2024
Relator Nome Profissional,SÁ PEREIRA,2,0,0.88,SÁ FERREIRA,1,fuzzy:0.88 dates:1991-1992~1989-1996 SURNAME?
Relator Nome Profissional,SÉNIO ALVES (DE TURNO),2,0,1.00,SÉNIO ALVES,0,fuzzy:1.00 dates:2022-2023~2020-2023
Relator Nome Profissional,A CRUZ ALVURA,1,0,0.99,CRUZ ALVURA,0,fuzzy:0.99 dates:1952-1952~1946-1954
Relator Nome Profissional,AANTÓNIO BARATEIRO MARTINS,1,0,0.97,A. BARATEIRO MARTINS,0,fuzzy:0.97 dates:2024-2024~2021-2026
Relator Nome Profissional,ADELAIDE MAGALHÃES,1,0,0.88,ADELAIDE MAGALHÃES SEQUEIRA,0,fuzzy:0.88 dates:2022-2022~2021-2022 SURNAME? confirmed:ai-review
Relator Nome Profissional,ADELAIDE MAGALHÃES SEQUEIRA (RELATORA DE TURNO),1,0,1.00,ADELAIDE MAGALHÃES SEQUEIRA,0,fuzzy:1.00 dates:2022-2022~2021-2022
Relator Nome Profissional,ALBETTINA PEREIRA (RELATORA DE TURNO),1,0,0.94,ALBERTINA PEREIRA,0,fuzzy:0.94 dates:2023-2023~2023-2025
Relator Nome Profissional,ALVARES MOURA,1,0,1.00,ALVARES DE MOURA,0,fuzzy:1.00 dates:1978-1978~1976-1978
Relator Nome Profissional,AMARAL DE AGUIAR,1,0,1.00,AMARAL AGUIAR,0,fuzzy:1.00 dates:1982-1982~1981-1985
Relator Nome Profissional,ANA BARATA BRITO (DE TRURNO),1,0,1.00,ANA BARATA BRITO,0,fuzzy:1.00 dates:2022-2022~2021-2024
Relator Nome Profissional,ANA BARATA DE BRITO (RELATORA DE TURNO),1,0,1.00,ANA BARATA BRITO,0,fuzzy:1.00 dates:2021-2021~2021-2024
Relator Nome Profissional,ANTONIO BARATEIRO MARTINS,1,0,0.97,A. BARATEIRO MARTINS,0,fuzzy:0.97 dates:2026-2026~2021-2026
Relator Nome Profissional,ANTÓNIO BARAREIRO MARTINS,1,0,0.93,A. BARATEIRO MARTINS,0,fuzzy:0.93 dates:2025-2025~2021-2026
Relator Nome Profissional,ANTÓNIO JOAQUIM PIRRAÇA,1,0,0.83,ANTÓNIO JOAQUIM PIÇARRA,0,fuzzy:0.83 dates:2019-2019~2012-2019 SURNAME? confirmed:ai-review
Relator Nome Profissional,ARAUJO DE BARROS,1,0,1.00,ARAÚJO BARROS,0,fuzzy:1.00 dates:2001-2001~204-2006
Relator Nome Profissional,ARAUJO SANTOS,1,0,1.00,ARAÚJO DOS SANTOS,0,fuzzy:1.00 dates:1995-1995~1993-1995
Relator Nome Profissional,ARAÚJO  DE BARROS,1,0,1.00,ARAÚJO BARROS,0,fuzzy:1.00 dates:2001-2001~204-2006
Relator Nome Profissional,AZAMBUJA  DA FONSECA,1,0,1.00,AZAMBUJA FONSECA,0,fuzzy:1.00 dates:2002-2002~1999-2003
Relator Nome Profissional,BRITO DA CÂMARA,1,0,1.00,BRITO CÂMARA,0,fuzzy:1.00 dates:1997-1997~1992-2000
Relator Nome Profissional,CARLINDO ROCHA,1,0,0.79,CARLINDO COSTA,1,fuzzy:0.79 dates:1996-1996~1996-1999 SURNAME?
Relator Nome Profissional,CARLOS CAMPOS LOBO (RELATOR DE TURNO),1,0,1.00,CARLOS CAMPOS LOBO,0,fuzzy:1.00 dates:2026-2026~2024-2026
Relator Nome Profissional,CID GERALDO (RELATOR DE TURNO),1,0,1.00,CID GERALDO,0,fuzzy:1.00 dates:2021-2021~2021-2022
Relator Nome Profissional,CONCEIÇÃO GOMES (DE TURNO),1,0,1.00,CONCEIÇÃO GOMES,0,fuzzy:1.00 dates:2022-2022~2018-2023
Relator Nome Profissional,DIAS SIMÕES,1,0,0.75,DIAS SIMÃO,1,fuzzy:0.75 dates:1993-1993~1988-1995 AMBIGUOUS ~GUIMARÃES DIAS(0.72)
Relator Nome Profissional,DONAS BOTTO,1,0,0.89,PEDRO DONAS BOTTO,0,fuzzy:0.89 dates:2025-2025~2025-2026
Relator Nome Profissional,E. SANTOS,1,0,0.90,RAMOS DOS SANTOS,1,fuzzy:0.90 dates:1936-1936~1989-1993 DATE-CONFLICT AMBIGUOUS ~SANTOS VICTOR(0.87)
Relator Nome Profissional,EDUARDO DOS SANTOS,1,0,1.00,EDUARDO SANTOS,0,fuzzy:1.00 dates:1995-1995~1937-1995
Relator Nome Profissional,ERNESTO VAZ,1,0,0.90,ERNESTO VAZ PEREIRA,0,fuzzy:0.90 dates:2024-2024~2022-2024 SURNAME? confirmed:ai-review
Relator Nome Profissional,ERNESTO VAZ PEREIRA (DE TURNO),1,0,1.00,ERNESTO VAZ PEREIRA,0,fuzzy:1.00 dates:2022-2022~2022-2024
Relator Nome Profissional,FERREIRA ALMEIDA,1,0,1.00,FERREIRA DE ALMEIDA,0,fuzzy:1.00 dates:1997-1997~1997-2010
Relator Nome Profissional,FERREIRA COSTA,1,0,1.00,COSTA FERREIRA,1,fuzzy:1.00 dates:1977-1977~1976-1993 SURNAME?
Relator Nome Profissional,FOLQUE DE GOUVEIRA,1,0,0.94,FOLQUE GOUVEIA,0,fuzzy:0.94 dates:1993-1993~1992-1994
Relator Nome Profissional,FRANCO SÁ,1,0,1.00,FRANCO DE SÁ,0,fuzzy:1.00 dates:2001-2001~2000-2003
Relator Nome Profissional,GONÇALVES,1,0,0.84,JORGE GONÇALVES,1,fuzzy:0.84 dates:2023-2023~2023-2026 AMBIGUOUS ~DOMINGOS GONÇALVES(0.84)
Relator Nome Profissional,GONÇALVES RODRIGUES,1,0,1.00,RODRIGUES GONÇALVES,1,fuzzy:1.00 dates:1988-1988~1986-1990 SURNAME?
Relator Nome Profissional,HABEAS CORPUS,1,0,0.54,Sem informação,1,fallback best:ALVES CORTES(0.54) dates:2021-2021~1984-2021
Relator Nome Profissional,HENRIQUE DE ARAÚJO,1,0,1.00,HENRIQUE ARAÚJO,0,fuzzy:1.00 dates:2018-2018~2017-2022
Relator Nome Profissional,HUMBERTO AMADO GOMES,1,0,0.90,AMADO GOMES,0,fuzzy:0.90 dates:1993-1993~1989-1995
Relator Nome Profissional,HUMBERTO GOMES,1,0,0.63,AMADO GOMES,1,fuzzy:0.63 dates:1994-1994~1989-1995
Relator Nome Profissional,ISABEL MARTINS,1,0,0.92,ISABEL PAIS MARTINS,0,fuzzy:0.92 dates:2011-2011~2009-2017
Relator Nome Profissional,JOAQUIM MATOS,1,0,1.00,JOAQUIM DE MATOS,0,fuzzy:1.00 dates:1994-1994~1992-2003
Relator Nome Profissional,"JORGE ARCANJO, POR VENCIMENTO",1,0,0.87,JORGE ARCANJO,0,fuzzy:0.87 dates:2024-2024~2021-2025 SURNAME? confirmed:ai-review
Relator Nome Profissional,JORGE DOS REIS BRAVO (RELATOR DE TURNO),1,0,1.00,JORGE DOS REIS BRAVO,0,fuzzy:1.00 dates:2023-2023~2023-2026
Relator Nome Profissional,JOSÉ ANTÓNIO MESQUITA,1,0,0.89,ANTÓNIO MESQUITA,1,fuzzy:0.89 dates:2003-2003~2000-2003 AMBIGUOUS ~JOSÉ MESQUITA(0.89)
Relator Nome Profissional,JOSÉ DOMINGOS MORAIS,1,0,1.00,DOMINGOS JOSÉ DE MORAIS,0,fuzzy:1.00 dates:2025-2025~2022-2026
Relator Nome Profissional,JOSÉ PIEDADE (RELATOR DE TURNO),1,0,1.00,JOSÉ PIEDADE,0,fuzzy:1.00 dates:2026-2026~2025-2026
Relator Nome Profissional,JOSÉ TELES PEREIRA,1,0,0.78,JOSÉ LUIS PEREIRA,0,fuzzy:0.78 dates:2026-2026~1981-2026
Relator Nome Profissional,JOÃO RATO (RELATOR DE TURNO),1,0,1.00,JOÃO RATO,0,fuzzy:1.00 dates:2024-2024~2023-2025
Relator Nome Profissional,LENCASTRE VEIGA,1,0,1.00,LENCASTRE DA VEIGA,0,fuzzy:1.00 dates:1952-1952~1952-1956
Relator Nome Profissional,LEONOR FURTADO (RELATOR DE TURNO),1,0,1.00,LEONOR FURTADO,0,fuzzy:1.00 dates:2023-2023~2022-2025
Relator Nome Profissional,LOPES DA MOTA (DE TURNO),1,0,1.00,LOPES DA MOTA,0,fuzzy:1.00 dates:2022-2022~2017-2026
Relator Nome Profissional,MAGALHÃES DE BARROS,1,0,1.00,MAGALHÃES BARROS,0,fuzzy:1.00 dates:1938-1938~1938-1950
Relator Nome Profissional,MAIA DA COSTA,1,0,1.00,MAIA COSTA,0,fuzzy:1.00 dates:2014-2014~2006-2019
Relator Nome Profissional,MARIA CLARA SOTTMAYOR,1,0,0.88,CLARA SOTTOMAYOR,0,fuzzy:0.88 dates:2025-2025~2012-2026
Relator Nome Profissional,MARIA DA GRAÇA SANTOS PEREIRA,1,0,0.83,MARIA DA GRAÇA SANTOS SILVA,1,fuzzy:0.83 dates:2026-2026~2025-2026 AMBIGUOUS ~PEREIRA DA GRAÇA(0.84)
Relator Nome Profissional,MARIA DA GRAÇA SANTOS SILVA (RELATORA DE TURNO),1,0,1.00,MARIA DA GRAÇA SANTOS SILVA,0,fuzzy:1.00 dates:2026-2026~2025-2026
Relator Nome Profissional,MARIA DOS PRAZERES PIZARRA BELEZA,1,0,0.94,MARIA DOS PRAZERES BELEZA,0,fuzzy:0.94 dates:2013-2013~2007-2026
Relator Nome Profissional,MARIA ISABEL PAIS MARTINS,1,0,0.96,ISABEL PAIS MARTINS,0,fuzzy:0.96 dates:2010-2010~2009-2017
Relator Nome Profissional,MARIANO,1,0,0.83,MARIANO PEREIRA,1,fuzzy:0.83 dates:1997-1997~1993-2000 AMBIGUOUS ~JOÃO CURA MARIANO(0.81)
Relator Nome Profissional,MARIO DA FONSECA,1,0,0.83,MARTINS DA FONSECA,1,fuzzy:0.83 dates:1992-1992~1986-1994 AMBIGUOUS ~GARCIA DA FONSECA(0.82)
Relator Nome Profissional,MOREIRA DE LIMA,1,0,1.00,MOREIRA LIMA,0,fuzzy:1.00 dates:1994-1994~1994-1994
Relator Nome Profissional,Maria da Luz da Serra da Estrela,1,0,0.64,Sem informação,1,fallback best:CATARINA SERRA(0.64) dates:n/a
Relator Nome Profissional,NUNO A. GONÇALVES,1,0,0.97,NUNO ANTÓNIO GONÇALVES,0,fuzzy:0.97 dates:2019-2019~2019-2024
Relator Nome Profissional,NUNO A.GONÇALVES,1,0,0.97,NUNO ANTÓNIO GONÇALVES,0,fuzzy:0.97 dates:2019-2019~2019-2024
Relator Nome Profissional,NUNO GONAÇLVES,1,0,0.83,NUNO ANTÓNIO GONÇALVES,0,fuzzy:0.83 dates:2021-2021~2019-2024 SURNAME? confirmed:ai-review
Relator Nome Profissional,NUNO GONGAÇVES,1,0,0.83,NUNO ANTÓNIO GONÇALVES,0,fuzzy:0.83 dates:2025-2025~2019-2024 SURNAME? confirmed:ai-review
Relator Nome Profissional,NUNO PINTO OLIVBEIRA,1,0,0.96,NUNO PINTO DE OLIVEIRA,0,fuzzy:0.96 dates:2024-2024~2019-2026
Relator Nome Profissional,NUNO PINTO OLIVEITA,1,0,0.96,NUNO PINTO DE OLIVEIRA,0,fuzzy:0.96 dates:2024-2024~2019-2026
Relator Nome Profissional,PEDRO DE LIMA,1,0,0.88,PEDRO DE LIMA GONÇALVES,0,fuzzy:0.88 dates:2023-2023~2017-2025 SURNAME? confirmed:ai-review
Relator Nome Profissional,PEDRO DONAS BOTTO (RELATOR DE TURNO),1,0,1.00,PEDRO DONAS BOTTO,0,fuzzy:1.00 dates:2026-2026~2025-2026
Relator Nome Profissional,PEREIRA MIRANDA,1,0,1.00,PEREIRA DE MIRANDA,0,fuzzy:1.00 dates:1986-1986~1985-1987
Relator Nome Profissional,RECURSO PENAL,1,0,0.46,Sem informação,1,fallback best:CORTE REAL(0.46) dates:2021-2021~1978-2021
Relator Nome Profissional,RODRIGUES COSTA,1,0,1.00,RODRIGUES DA COSTA,0,fuzzy:1.00 dates:2005-2005~2002-2014
Relator Nome Profissional,ROSA MARIA RIBEIRO COELHO,1,0,0.92,ROSA RIBEIRO COELHO,0,fuzzy:0.92 dates:2019-2019~2017-2020
Relator Nome Profissional,S0RETO BARROS,1,0,0.92,SORETO DE BARROS,0,fuzzy:0.92 dates:2006-2006~2004-2024
Relator Nome Profissional,SAMPAIO SILVA,1,0,1.00,SAMPAIO DA SILVA,0,fuzzy:1.00 dates:1993-1993~1987-1994
Relator Nome Profissional,SANTOS CRAVALHO,1,0,0.76,J. SANTOS CARVALHO,0,fuzzy:0.76 dates:2010-2010~1966-2013 SURNAME? confirmed:ai-review
Relator Nome Profissional,SANTOS DE CARVALHO,1,0,0.87,J. SANTOS CARVALHO,1,fuzzy:0.87 dates:1983-1983~1966-2013 AMBIGUOUS ~CAMPOS DE CARVALHO(0.83)
Relator Nome Profissional,TATO MARIANO,1,0,0.86,TATO MARINHO,1,fuzzy:0.86 dates:1991-1991~1986-1992 SURNAME?
Relator Nome Profissional,TERESA DE ALEMIDA (RELATORA DE TURNO),1,0,0.88,TERESA DE ALMEIDA,0,fuzzy:0.88 dates:2022-2022~2022-2024 SURNAME? confirmed:ai-review
Relator Nome Profissional,TERESA DE ALMEIDA (DE TURNO),1,0,1.00,TERESA DE ALMEIDA,0,fuzzy:1.00 dates:2022-2022~2022-2024
Relator Nome Profissional,TERESA DE ALMEIDA (RELATORA DE TURNO),1,0,1.00,TERESA DE ALMEIDA,0,fuzzy:1.00 dates:2022-2022~2022-2024
Relator Nome Profissional,TERESA FÉRIA (DE TURNO),1,0,1.00,TERESA FÉRIA,0,fuzzy:1.00 dates:2022-2022~2020-2024
Relator Nome Profissional,TERESA FÉRIA (RELATORA DE TURNO),1,0,1.00,TERESA FÉRIA,0,fuzzy:1.00 dates:2021-2021~2020-2024
Relator Nome Profissional,TINOCO ALMEIDA,1,0,1.00,TINOCO DE ALMEIDA,0,fuzzy:1.00 dates:1988-1988~1984-1989
Relator Nome Profissional,UNANIMIDADE,1,0,0.46,Sem informação,1,fallback best:JOÃO TRINDADE(0.46) dates:1989-1989~1989-2017
Relator Nome Profissional,X,1,0,0.08,Sem informação,1,fallback best:PEIXE PELICA(0.08) dates:1900-1900~1900-2001
Relator Nome Profissional,ÓSCAR CARTOLA,1,0,0.86,ÓSCAR CATROLA,0,fuzzy:0.86 dates:2001-2001~2000-2001 SURNAME? confirmed:ai-review
Votação,- -,79,0,0.00,Sem informação,1,fallback:junk
Votação,UANIMIDADE,12,0,0.91,Unanimidade,0,rule
Votação,- - -,2,0,0.00,Sem informação,1,fallback:junk
Votação,MAIROIA COM 1 VOT VENC,2,0,0.62,Maioria com votos vencidos,0,rule
Votação,UNANAMIDADE,2,0,0.91,Unanimidade,0,rule
Votação,UNANIMDADE,2,0,0.91,Unanimidade,0,rule
Votação,UNANIMIADE,2,0,0.91,Unanimidade,0,rule
Votação,UNANIMIDDE,2,0,0.91,Unanimidade,0,rule
Votação,UNANMIDADE,2,0,0.91,Unanimidade,0,rule
Votação,*,1,0,0.00,Sem informação,1,fallback:junk
Votação,.-,1,0,0.00,Sem informação,1,fallback:junk
Votação,1,1,0,0.00,Sem informação,1,fallback
Votação,1,1,0,0.00,Sem informação,1,fallback
Votação,??,1,0,0.00,Sem informação,1,fallback:junk
Votação,BMJ N249 ANO1975 PAG454,1,0,0.17,Sem informação,1,fallback:junk
Votação,BMJ N270 ANO1978,1,0,0.13,Sem informação,1,fallback:junk
Votação,BMJ N275 ANO1978 PAG131,1,0,0.17,Sem informação,1,fallback:junk
Votação,MAIORA COM 1 VOT VENC,1,0,0.65,Maioria com votos vencidos,0,rule
Votação,MAIROIA COM 1 DEC VOT E 1 VOT VENC,1,0,0.47,Maioria com votos vencidos e declarações de voto,0,rule
Votação,MAIRORIA COM 1 VOT VENC,1,0,0.65,Maioria com votos vencidos,0,rule
Votação,MAORIA COM 1 DEC VOT E 1 VOT VENC,1,0,0.48,Maioria com votos vencidos e declarações de voto,0,rule
Votação,NANIMIDADE,1,0,0.91,Unanimidade,0,rule
Votação,SALVIANO DE SOUSA,1,0,0.29,Sem informação,1,fallback
Votação,U,1,0,0.09,Sem informação,1,fallback
Votação,UANNIMIDADE,1,0,0.82,Unanimidade,0,rule
Votação,UNAIMIDADE,1,0,0.91,Unanimidade,0,rule
Votação,UNAIMIDADE COM 1 DEC VOT,1,0,0.38,Unanimidade,1,rule
Votação,UNAMINIDADE,1,0,0.82,Unanimidade,0,rule
Votação,UNANANIMIDADE,1,0,0.85,Unanimidade,0,rule
Votação,UNANIMIADADE,1,0,0.92,Unanimidade,0,rule
Votação,UNANIMIDAEDE,1,0,0.92,Unanimidade,0,rule
Votação,UNANIMIDDAE,1,0,0.82,Unanimidade,0,rule
Votação,UNANIMIMIDADE,1,0,0.85,Unanimidade,0,rule
Votação,UNANIMIODADE,1,0,0.92,Unanimidade,0,rule
Votação,UNANINIDADE,1,0,0.91,Unanimidade,0,rule
Votação,UNANUMIDADE,1,0,0.91,Unanimidade,0,rule
Votação,UNUNIMIDADE,1,0,0.91,Unanimidade,0,rule
Votação,Unanimização,1,0,0.67,Unanimidade,0,rule
Votação,Unianimidade,1,0,0.92,Unanimidade,0,rule
Votação,__,1,0,0.00,Sem informação,1,fallback:junk
Votação,___,1,0,0.00,Sem informação,1,fallback:junk
Decisão,NEGADO PROVIMENTO.,9445,1,0.88,Negar provimento,0,rule
Decisão,NEGADO PROVIMENTO,2704,1,0.88,Negar provimento,0,rule
Decisão,FIXADA JURISPRUDÊNCIA,217,1,0.90,Fixar jurisprudência,0,rule
Decisão,CONCEDIDO PROVIMENTO,46,1,0.85,Conceder provimento,0,rule
Decisão,Negado provimento,24,1,0.88,Negar provimento,0,rule
Decisão,CONCEDIDO PROVIMENTO.,15,1,0.85,Conceder provimento,0,rule
Decisão,FIXADA JURISPRUDÊNCIA.,12,1,0.90,Fixar jurisprudência,0,rule
Decisão,NEGADA PROVIMENTO,4,1,0.88,Negar provimento,0,rule
Decisão,NEGADA PROVIMENTO.,3,1,0.88,Negar provimento,0,rule
Decisão,Negado Provimento,3,1,0.88,Negar provimento,0,rule
Decisão,FIXADA  JURISPRUDÊNCIA,2,1,0.90,Fixar jurisprudência,0,rule
Decisão,FIXADA JURISPRUDENCIA,2,1,0.90,Fixar jurisprudência,0,rule
Decisão,NEGADO  PROVIMENTO,2,1,0.88,Negar provimento,0,rule
Decisão,Negar provimento,2,1,1.00,Negar provimento,0,rule
Decisão,CONCEDE PROVIMENTO.,1,1,0.95,Conceder provimento,0,rule
Decisão,DECLARÇÃO INCOMPETÊNCIA,1,1,0.91,Declarar incompetência,0,rule
Decisão,FIXADA JUISPRUDÊNCIA,1,1,0.85,Fixar jurisprudência,1,fallback:unparsed
Decisão,FIXADA JURISPRIDÊNCIA,1,1,0.86,Fixar jurisprudência,1,fallback:unparsed
Decisão,FIXAR JURISPRUDÊNCIA,1,1,1.00,Fixar jurisprudência,1,fallback:unparsed
Decisão,NEGAO PROVIMENTO,1,1,0.94,Conceder provimento,0,rule
Decisão,ORDENAR A BAIXA DOS AUTOS,1,1,0.92,Ordenar baixa dos autos,0,rule
Meio Processual,HABEAS CORPUS,1341,1,1.00,Habeas corpus,0,rule
Meio Processual,RECURSO DE REVISÃO,654,1,0.89,Recurso de revista,0,rule
Meio Processual,EXTRADIÇÃO,212,1,1.00,Extradição,0,rule
Meio Processual,CONFLITO JURISDIÇÃO,172,1,0.86,Conflito de jurisdição,0,rule
Meio Processual,CONFLITO COMPETÊNCIA,130,1,0.87,Conflito de competência,0,rule
Meio Processual,CONFLITO COMPETENCIA,127,1,0.87,Conflito de competência,0,rule
Meio Processual,MANDADO DE DETENÇÃO EUROPEU,70,1,1.00,Mandado de detenção europeu,0,rule
Meio Processual,Habeas Corpus,43,1,1.00,Habeas corpus,0,rule
Meio Processual,CONFLITO DE COMPETÊNCIA,41,1,1.00,Conflito de competência,0,rule
Meio Processual,Recurso de Revisão,24,1,0.89,Recurso extraordinário de revisão,0,rule
Meio Processual,RECURSO EXTRAORDINÁRIO DE REVISÃO,16,1,1.00,Recurso extraordinário de revisão,0,rule
Meio Processual,RECURSO DE REVISTA,12,1,1.00,Recurso de revista,0,rule
Meio Processual,RECLAMAÇÃO PARA A CONFERÊNCIA,7,1,1.00,Reclamação para a conferência,0,rule
Meio Processual,RECLAMAÇÃO ART.º 643 CPC,5,1,0.88,Reclamação art. 643.º CPC,0,rule
Meio Processual,ESTRADIÇÃO,4,1,0.90,Extradição,0,rule
Meio Processual,HABEAS COSPUS,3,1,0.92,Habeas corpus,0,rule
Meio Processual,RECLAMAÇÃO ARTº 643 CPC,3,1,0.88,Reclamação art. 643.º CPC,0,rule
Meio Processual,RECURSO PER SALTUM,3,1,1.00,Recurso per saltum,0,rule
Meio Processual,CONFLITO DE COMPETENCIA,2,1,1.00,Conflito de competência,0,rule
Meio Processual,CONFLITO DE JURISDIÇÃO,2,1,1.00,Conflito de jurisdição,0,rule
Meio Processual,CONFLITO. COMPETÊNCIA,2,1,0.87,Conflito de competência,0,rule
Meio Processual,HEBEAS CORPUS,2,1,0.92,Habeas corpus,0,rule
Meio Processual,RECURSO  DE REVISÃO,2,1,0.89,Recurso extraordinário de revisão,0,rule
Meio Processual,CONFLITO DE COMPETÊNCIAS,1,1,0.96,Conflito de competência,0,rule
Meio Processual,CONFLITO. COMPETENCIA,1,1,0.87,Conflito de competência,0,rule
Meio Processual,CONFLITOS COMPETENCIA,1,1,0.87,Conflito de competência,0,rule
Meio Processual,CONFLITOS DE COMPETÊNCIA,1,1,0.96,Conflito de competência,0,rule
Meio Processual,EXTRADIÇAO,1,1,1.00,Extradição,0,rule
Meio Processual,EXTRADIÇÂO,1,1,1.00,Extradição,0,rule
Meio Processual,EXTRADIÇÕ,1,1,0.90,Extradição,0,rule
Meio Processual,HABAEAS CORPUS,1,1,0.93,Habeas corpus,0,rule
Meio Processual,HABEAS CORDUS,1,1,0.92,Habeas corpus,0,rule
Meio Processual,HABEAS CORPU,1,1,0.92,Habeas corpus,0,rule
Meio Processual,HABES CORPUS,1,1,0.92,Habeas corpus,0,rule
Meio Processual,HANEAS CORPUS,1,1,0.92,Habeas corpus,0,rule
Meio Processual,HARBEAS CORPUS,1,1,0.93,Habeas corpus,0,rule
Meio Processual,Habeas Cospus,1,1,0.92,Habeas corpus,0,rule
Meio Processual,MANADADO DE DETENÇÃO EUROPEU,1,1,0.96,Mandado de detenção europeu,0,rule
Meio Processual,MANDADO DE DENTENÇÃO EUROPEU,1,1,0.96,Mandado de detenção europeu,1,fallback:no-home
Meio Processual,MANDATO DE DETENÇÃO EUROPEU,1,1,0.96,Mandado de detenção europeu,0,rule
Meio Processual,RECLAMAÇÃO PARA A CNFERÊNCIA,1,1,0.97,Outro,1,fallback:no-home
Meio Processual,RECURSO DE REVISAO,1,1,0.89,Recurso de revista,0,rule
Meio Processual,RECURSO DE REVISTA EXCECIONAL,1,1,1.00,Recurso de revista excecional,0,rule
Meio Processual,RECURSO DE REVISTA EXCEPCIONAL,1,1,0.97,Recurso de revista excecional,0,rule
Meio Processual,RECURSO DE REVISÂO,1,1,0.89,Recurso de revista,0,rule
Meio Processual,RECURSO EXTRAORDNÁRIO DE REVISÃO,1,1,0.97,Recurso extraordinário de revisão,1,fallback:no-home
Meio Processual,REENVIO PREJUDICIAL,1,1,1.00,Reenvio prejudicial,0,rule
Meio Processual,REVISÃO DE SENTENÇA ESTRANGEIRA,1,1,1.00,Revisão de sentença estrangeira,0,rule
Relator Nome Profissional,LOPES PINTO,484,1,1.00,LOPES PINTO,0,fuzzy:1.00 dates:1989-2005~1989-2005
Relator Nome Profissional,SOUSA MACEDO,451,1,1.00,SOUSA MACEDO,0,fuzzy:1.00 dates:1984-1995~1984-1995
Relator Nome Profissional,SIMAS SANTOS,447,1,1.00,SIMAS SANTOS,0,fuzzy:1.00 dates:1999-2009~1999-2009
Relator Nome Profissional,FERREIRA VIDIGAL,443,1,1.00,FERREIRA VIDIGAL,0,fuzzy:1.00 dates:1985-1995~1985-1995
Relator Nome Profissional,MIRANDA GUSMÃO,438,1,1.00,MIRANDA GUSMÃO,0,fuzzy:1.00 dates:1989-2002~1989-2002
Relator Nome Profissional,SALVADOR DA COSTA,433,1,1.00,SALVADOR DA COSTA,0,fuzzy:1.00 dates:1997-2009~1997-2009
Relator Nome Profissional,JÚLIO GOMES,395,1,1.00,JÚLIO GOMES,0,fuzzy:1.00 dates:2015-2026~2015-2026
Relator Nome Profissional,FERREIRA DIAS,388,1,1.00,FERREIRA DIAS,0,fuzzy:1.00 dates:1988-1994~1988-1994
Relator Nome Profissional,SOLANO VIANA,387,1,1.00,SOLANO VIANA,0,fuzzy:1.00 dates:1979-1990~1979-1990
Relator Nome Profissional,OLIVEIRA MENDES,383,1,1.00,OLIVEIRA MENDES,0,fuzzy:1.00 dates:2005-2018~2005-2018
Relator Nome Profissional,SA NOGUEIRA,379,1,1.00,SÁ NOGUEIRA,0,fuzzy:1.00 dates:1989-1999~1989-2000
Relator Nome Profissional,MANSO PRETO,375,1,1.00,MANSO PRETO,0,fuzzy:1.00 dates:1986-1992~1986-1992
Relator Nome Profissional,ROGER LOPES,369,1,1.00,ROGER LOPES,0,fuzzy:1.00 dates:1987-2000~1987-2000
Relator Nome Profissional,FIGUEIREDO DE SOUSA,365,1,1.00,FIGUEIREDO DE SOUSA,0,fuzzy:1.00 dates:1987-1998~1987-1998
Relator Nome Profissional,MARIA DA GRAÇA TRIGO,357,1,1.00,MARIA DA GRAÇA TRIGO,0,fuzzy:1.00 dates:2015-2026~2015-2026
Relator Nome Profissional,NUNO PINTO OLIVEIRA,355,1,1.00,NUNO PINTO DE OLIVEIRA,0,fuzzy:1.00 dates:2019-2026~2019-2026
Relator Nome Profissional,FERREIRA DE ALMEIDA,348,1,1.00,FERREIRA DE ALMEIDA,0,fuzzy:1.00 dates:1997-2010~1997-2010
Relator Nome Profissional,PEREIRA MADEIRA,348,1,1.00,PEREIRA MADEIRA,0,fuzzy:1.00 dates:1993-2013~1993-2013
Relator Nome Profissional,ALVES PEIXOTO,347,1,1.00,ALVES PEIXOTO,0,fuzzy:1.00 dates:1978-1989~1978-1989
Relator Nome Profissional,PIRES DA GRAÇA,347,1,1.00,PIRES DA GRAÇA,0,fuzzy:1.00 dates:2007-2019~2007-2020
Relator Nome Profissional,RODRIGUES BASTOS,346,1,1.00,RODRIGUES BASTOS,0,fuzzy:1.00 dates:1973-1989~1973-1989
Relator Nome Profissional,COSTA SOARES,344,1,1.00,COSTA SOARES,0,fuzzy:1.00 dates:1976-2010~1976-2010
Relator Nome Profissional,MARTINS DA COSTA,344,1,1.00,MARTINS DA COSTA,0,fuzzy:1.00 dates:1988-2000~1988-2000
Relator Nome Profissional,VILLA NOVA,339,1,1.00,VILLA NOVA,0,fuzzy:1.00 dates:1983-1990~1983-1990
Relator Nome Profissional,CORTE REAL,338,1,1.00,CORTE REAL,0,fuzzy:1.00 dates:1978-1986~1978-2021
Relator Nome Profissional,SANTOS CABRAL,337,1,1.00,SANTOS CABRAL,0,fuzzy:1.00 dates:2006-2017~2006-2020
Relator Nome Profissional,FERNANDO FABIÃO,336,1,1.00,FERNANDO FABIÃO,0,fuzzy:1.00 dates:1983-1998~1983-1998
Relator Nome Profissional,FERNANDES MAGALHÃES,333,1,1.00,FERNANDES MAGALHÃES,0,fuzzy:1.00 dates:1992-2006~1992-2022
Relator Nome Profissional,JOSE SARAIVA,330,1,1.00,JOSÉ SARAIVA,0,fuzzy:1.00 dates:1980-1992~1980-1992
Relator Nome Profissional,SOUSA GUEDES,330,1,1.00,SOUSA GUEDES,0,fuzzy:1.00 dates:1990-1999~1990-1999
Relator Nome Profissional,AZEVEDO RAMOS,324,1,1.00,AZEVEDO RAMOS,0,fuzzy:1.00 dates:2000-2014~2000-2014
Relator Nome Profissional,LIMA CLUNY,323,1,1.00,LIMA CLUNY,0,fuzzy:1.00 dates:1981-1989~1981-1989
Relator Nome Profissional,PINTO HESPANHOL,318,1,1.00,PINTO HESPANHOL,0,fuzzy:1.00 dates:2004-2018~2004-2018
Relator Nome Profissional,PEREIRA DA SILVA,317,1,1.00,PEREIRA DA SILVA,0,fuzzy:1.00 dates:1986-2014~1986-2014
Relator Nome Profissional,MACHADO SOARES,316,1,1.00,MACHADO SOARES,0,fuzzy:1.00 dates:1990-2000~1990-2000
Relator Nome Profissional,RAUL BORGES,316,1,1.00,RAUL BORGES,0,fuzzy:1.00 dates:2007-2020~2007-2020
Relator Nome Profissional,CATARINA SERRA,313,1,1.00,CATARINA SERRA,0,fuzzy:1.00 dates:2018-2026~2018-2026
Relator Nome Profissional,MELO FRANCO,310,1,1.00,MELO FRANCO,0,fuzzy:1.00 dates:1978-1988~1978-1988
Relator Nome Profissional,PAIS DE SOUSA,309,1,1.00,PAIS DE SOUSA,0,fuzzy:1.00 dates:1991-2002~1991-2002
Relator Nome Profissional,LOPES DE MELO,303,1,1.00,LOPES DE MELO,0,fuzzy:1.00 dates:1987-1993~1987-1993
Relator Nome Profissional,MÁRIO BELO MORGADO,303,1,1.00,MARIO BELO MORGADO,0,fuzzy:1.00 dates:2013-2026~2013-2026
Relator Nome Profissional,ANA PAULA BOULAROT,300,1,1.00,ANA PAULA BOULAROT,0,fuzzy:1.00 dates:2012-2022~2012-2022
Relator Nome Profissional,JOAQUIM FIGUEIREDO,300,1,1.00,JOAQUIM DE FIGUEIREDO,0,fuzzy:1.00 dates:1980-1990~1980-1990
Relator Nome Profissional,MIGUEL MONTENEGRO,292,1,1.00,MIGUEL MONTENEGRO,0,fuzzy:1.00 dates:1985-1996~1985-1996
Relator Nome Profissional,TORRES PAULO,289,1,1.00,TORRES PAULO,0,fuzzy:1.00 dates:1964-2001~1964-2001
Relator Nome Profissional,CESAR MARQUES,288,1,1.00,CÉSAR MARQUES,0,fuzzy:1.00 dates:1990-1998~1990-1998
Relator Nome Profissional,LICINIO CASEIRO,287,1,1.00,LICÍNIO CASEIRO,0,fuzzy:1.00 dates:1980-1990~1980-1990
Relator Nome Profissional,OLIVEIRA BARROS,285,1,1.00,OLIVEIRA BARROS,0,fuzzy:1.00 dates:2000-2006~2000-2006
Relator Nome Profissional,MANUEL PEREIRA,281,1,1.00,MANUEL PEREIRA,0,fuzzy:1.00 dates:1993-2003~1993-2003
Relator Nome Profissional,ALMEIDA RIBEIRO,280,1,1.00,ALMEIDA RIBEIRO,0,fuzzy:1.00 dates:1983-1990~1983-1990
Relator Nome Profissional,FONSECA RAMOS,278,1,1.00,FONSECA RAMOS,0,fuzzy:1.00 dates:2007-2019~2007-2019
Relator Nome Profissional,ALMEIDA DEVEZA,276,1,1.00,ALMEIDA DEVEZA,0,fuzzy:1.00 dates:1993-2000~1993-2000
Relator Nome Profissional,PINTO BASTOS,275,1,1.00,PINTO BASTOS,0,fuzzy:1.00 dates:1988-1993~1988-1993
Relator Nome Profissional,RICARDO COSTA,275,1,1.00,RICARDO COSTA,0,fuzzy:1.00 dates:2019-2026~2019-2026
Relator Nome Profissional,LOPES DA MOTA,274,1,1.00,LOPES DA MOTA,0,fuzzy:1.00 dates:2017-2026~2017-2026
Relator Nome Profissional,NUNO CAMEIRA,271,1,1.00,NUNO CAMEIRA,0,fuzzy:1.00 dates:2002-2017~2002-2017
Relator Nome Profissional,ARMINDO MONTEIRO,270,1,1.00,ARMINDO MONTEIRO,0,fuzzy:1.00 dates:2002-2016~2002-2016
Relator Nome Profissional,LOPES DO REGO,265,1,1.00,LOPES DO REGO,0,fuzzy:1.00 dates:2009-2017~2009-2017
Relator Nome Profissional,ABEL DE CAMPOS,264,1,1.00,ABEL DE CAMPOS,0,fuzzy:1.00 dates:1974-1984~1932-1984
Relator Nome Profissional,ACACIO CARVALHO,261,1,1.00,ACÁCIO CARVALHO,0,fuzzy:1.00 dates:1967-1983~1967-1983
Relator Nome Profissional,HENRIQUES GASPAR,261,1,1.00,HENRIQUES GASPAR,0,fuzzy:1.00 dates:2002-2013~2002-2013
Relator Nome Profissional,SEBASTIÃO PÓVOAS,261,1,1.00,SEBASTIÃO PÓVOAS,0,fuzzy:1.00 dates:2006-2017~2006-2017
Relator Nome Profissional,RODRIGUES DA COSTA,260,1,1.00,RODRIGUES DA COSTA,0,fuzzy:1.00 dates:2002-2014~2002-2014
Relator Nome Profissional,BETTENCOURT DE FARIA,258,1,1.00,BETTENCOURT DE FARIA,0,fuzzy:1.00 dates:2002-2016~2002-2016
Relator Nome Profissional,MARIO CANCELA,257,1,1.00,MÁRIO CANCELA,0,fuzzy:1.00 dates:1903-1998~1903-1998
Relator Nome Profissional,HELENA MONIZ,255,1,1.00,HELENA MONIZ,0,fuzzy:1.00 dates:2014-2023~2014-2023
Relator Nome Profissional,MAIA COSTA,255,1,1.00,MAIA COSTA,0,fuzzy:1.00 dates:2006-2019~2006-2019
Relator Nome Profissional,CARDONA FERREIRA,251,1,1.00,CARDONA FERREIRA,0,fuzzy:1.00 dates:1991-1997~1991-1997
Relator Nome Profissional,FÁTIMA GOMES,250,1,1.00,FATIMA GOMES,0,fuzzy:1.00 dates:2017-2026~2017-2026
Relator Nome Profissional,ALVES VELHO,249,1,1.00,ALVES VELHO,0,fuzzy:1.00 dates:2002-2014~2002-2014
Relator Nome Profissional,SOUSA PEIXOTO,249,1,1.00,SOUSA PEIXOTO,0,fuzzy:1.00 dates:2003-2010~2003-2010
Relator Nome Profissional,MENERES PIMENTEL,248,1,1.00,MENERES PIMENTEL,0,fuzzy:1.00 dates:1941-1991~1941-1991
Relator Nome Profissional,COSTA PEREIRA,247,1,1.00,COSTA PEREIRA,0,fuzzy:1.00 dates:1991-2000~1991-2000
Relator Nome Profissional,JOAQUIM DE MATOS,247,1,1.00,JOAQUIM DE MATOS,0,fuzzy:1.00 dates:1992-2003~1992-2003
Relator Nome Profissional,SILVA SALAZAR,246,1,1.00,SILVA SALAZAR,0,fuzzy:1.00 dates:2000-2016~2000-2016
Relator Nome Profissional,MARIA OLINDA GARCIA,244,1,1.00,MARIA OLINDA GARCIA,0,fuzzy:1.00 dates:2017-2026~2017-2026
Relator Nome Profissional,ABRANTES GERALDES,241,1,1.00,ABRANTES GERALDES,0,fuzzy:1.00 dates:2012-2022~2012-2022
Relator Nome Profissional,BALTAZAR COELHO,241,1,1.00,BALTAZAR COELHO,0,fuzzy:1.00 dates:1983-1993~1983-1993
Relator Nome Profissional,NASCIMENTO COSTA,240,1,1.00,NASCIMENTO COSTA,0,fuzzy:1.00 dates:1992-2002~1992-2002
Relator Nome Profissional,RIBEIRO COELHO,240,1,1.00,RIBEIRO COELHO,0,fuzzy:1.00 dates:1992-2002~1992-2002
Relator Nome Profissional,BROCHADO BRANDÃO,237,1,1.00,BROCHADO BRANDÃO,0,fuzzy:1.00 dates:1985-1992~1985-1992
Relator Nome Profissional,MIGUEL CAEIRO,237,1,1.00,MIGUEL CAEIRO,0,fuzzy:1.00 dates:1976-1986~1976-1986
Relator Nome Profissional,RAMIRO VIDIGAL,234,1,1.00,RAMIRO VIDIGAL,0,fuzzy:1.00 dates:1987-1997~1987-1997
Relator Nome Profissional,ANTÓNIO MAGALHÃES,230,1,1.00,ANTÓNIO MAGALHÃES,0,fuzzy:1.00 dates:2019-2026~2019-2026
Relator Nome Profissional,JOÃO MOURA,230,1,1.00,JOÃO MOURA,0,fuzzy:1.00 dates:1971-1983~1971-1983
Relator Nome Profissional,ARAÚJO BARROS,224,1,1.00,ARAÚJO BARROS,0,fuzzy:1.00 dates:204-2006~204-2006
Relator Nome Profissional,QUIRINO SOARES,221,1,1.00,QUIRINO SOARES,0,fuzzy:1.00 dates:1997-2011~1997-2011
Relator Nome Profissional,FERREIRA DA SILVA,216,1,1.00,FERREIRA DA SILVA,0,fuzzy:1.00 dates:1983-1997~1983-1997
Relator Nome Profissional,AFONSO DE MELO,214,1,1.00,AFONSO DE MELO,0,fuzzy:1.00 dates:1991-2004~1991-2004
Relator Nome Profissional,ALMEIDA SIMÕES,212,1,1.00,ALMEIDA SIMÕES,0,fuzzy:1.00 dates:1980-1989~1980-1989
Relator Nome Profissional,SANTOS MONTEIRO,208,1,1.00,SANTOS MONTEIRO,0,fuzzy:1.00 dates:1988-1995~1988-1995
Relator Nome Profissional,PEREIRA DA GRAÇA,207,1,1.00,PEREIRA DA GRAÇA,0,fuzzy:1.00 dates:1298-1999~1298-1999
Relator Nome Profissional,ROSA TCHING,205,1,1.00,ROSA TCHING,0,fuzzy:1.00 dates:2016-2022~2016-2022
Relator Nome Profissional,FERREIRA LOPES,204,1,1.00,FERREIRA LOPES,0,fuzzy:1.00 dates:2020-2026~2020-2026
Relator Nome Profissional,VASCONCELOS DE CARVALHO,203,1,1.00,VASCONCELOS DE CARVALHO,0,fuzzy:1.00 dates:1980-1997~1980-1997
Relator Nome Profissional,SOUTO DE MOURA,201,1,1.00,SOUTO DE MOURA,0,fuzzy:1.00 dates:2007-2018~2007-2018
Relator Nome Profissional,GABRIEL CATARINO,199,1,1.00,GABRIEL CATARINO,0,fuzzy:1.00 dates:2011-2021~2011-2021
Relator Nome Profissional,ROBERTO VALENTE,199,1,1.00,ROBERTO VALENTE,0,fuzzy:1.00 dates:1988-1992~1988-1992
Relator Nome Profissional,SOUSA FONTE,199,1,1.00,SOUSA FONTE,0,fuzzy:1.00 dates:2003-2016~2003-2016
Relator Nome Profissional,OLIVEIRA ABREU,198,1,1.00,OLIVEIRA ABREU,0,fuzzy:1.00 dates:2018-2026~2018-2026
Relator Nome Profissional,AQUILINO RIBEIRO,196,1,1.00,AQUILINO RIBEIRO,0,fuzzy:1.00 dates:1977-1984~1977-2024
Relator Nome Profissional,COSTA MARQUES,195,1,1.00,COSTA MARQUES,0,fuzzy:1.00 dates:1991-1998~1991-1998
Relator Nome Profissional,JOÃO CAMILO,195,1,1.00,JOÃO CAMILO,0,fuzzy:1.00 dates:2003-2018~2003-2018
Relator Nome Profissional,MARTINS DA FONSECA,194,1,1.00,MARTINS DA FONSECA,0,fuzzy:1.00 dates:1986-1994~1986-1994
Relator Nome Profissional,PINTO MONTEIRO,194,1,1.00,PINTO MONTEIRO,0,fuzzy:1.00 dates:1997-2005~1997-2005
Relator Nome Profissional,ALCIDES DE ALMEIDA,193,1,1.00,ALCIDES DE ALMEIDA,0,fuzzy:1.00 dates:1983-1990~1983-1990
Relator Nome Profissional,JOÃO BERNARDO,192,1,1.00,JOÃO BERNARDO,0,fuzzy:1.00 dates:2005-2020~2005-2020
Relator Nome Profissional,SOUSA INES,191,1,1.00,SOUSA INÊS,0,fuzzy:1.00 dates:1989-1999~1989-2002
Relator Nome Profissional,DIAS DA FONSECA,190,1,1.00,DIAS DA FONSECA,0,fuzzy:1.00 dates:1980-1988~1980-1988
Relator Nome Profissional,GARCIA MARQUES,189,1,1.00,GARCIA MARQUES,0,fuzzy:1.00 dates:1995-2002~1995-2002
Relator Nome Profissional,SA COUTO,189,1,1.00,SÁ COUTO,0,fuzzy:1.00 dates:1989-1997~1989-1997
Relator Nome Profissional,TINOCO DE ALMEIDA,189,1,1.00,TINOCO DE ALMEIDA,0,fuzzy:1.00 dates:1984-1989~1984-1989
Relator Nome Profissional,GRAÇA AMARAL,186,1,1.00,GRAÇA AMARAL,0,fuzzy:1.00 dates:2017-2026~2017-2026
Relator Nome Profissional,MOREIRA DA SILVA,186,1,1.00,MOREIRA DA SILVA,0,fuzzy:1.00 dates:1980-1987~1980-1987
Relator Nome Profissional,SILVA PAIXÃO,186,1,1.00,SILVA PAIXÃO,0,fuzzy:1.00 dates:1993-2003~1993-2003
Relator Nome Profissional,SANTOS VICTOR,185,1,1.00,SANTOS VICTOR,0,fuzzy:1.00 dates:1977-1983~1977-1983
Relator Nome Profissional,AMADO GOMES,182,1,1.00,AMADO GOMES,0,fuzzy:1.00 dates:1989-1995~1989-1995
Relator Nome Profissional,JAIME DE OLIVEIRA,181,1,1.00,JAIME DE OLIVEIRA,0,fuzzy:1.00 dates:1985-1992~1985-1992
Relator Nome Profissional,FERNANDES CADILHA,178,1,1.00,FERNANDES CADILHA,0,fuzzy:1.00 dates:2001-2007~2001-2007
Relator Nome Profissional,FERREIRA GIRÃO,178,1,1.00,FERREIRA GIRÃO,0,fuzzy:1.00 dates:2000-2006~2000-2006
Relator Nome Profissional,ANDRADE SARAIVA,176,1,1.00,ANDRADE SARAIVA,0,fuzzy:1.00 dates:1993-1998~1993-1998
Relator Nome Profissional,JOSÉ RAINHO,176,1,1.00,JOSÉ RAINHO,0,fuzzy:1.00 dates:2015-2023~2015-2023
Relator Nome Profissional,ARALA CHAVES,174,1,1.00,ARALA CHAVES,0,fuzzy:1.00 dates:1970-1977~1970-1977
Relator Nome Profissional,LOPES ROCHA,174,1,1.00,LOPES ROCHA,0,fuzzy:1.00 dates:1988-1998~1988-1998
Relator Nome Profissional,JOAQUIM DE CARVALHO,173,1,1.00,JOAQUIM DE CARVALHO,0,fuzzy:1.00 dates:1968-1993~1968-1993
Relator Nome Profissional,URBANO DIAS,172,1,1.00,URBANO DIAS,0,fuzzy:1.00 dates:2006-2010~2006-2010
Relator Nome Profissional,CARMONA DA MOTA,171,1,1.00,CARMONA DA MOTA,0,fuzzy:1.00 dates:1998-2010~1998-2010
Relator Nome Profissional,CERQUEIRA VAHIA,170,1,1.00,CERQUEIRA VAHIA,0,fuzzy:1.00 dates:1988-1992~1988-1992
Relator Nome Profissional,DANIEL FERREIRA,170,1,1.00,DANIEL FERREIRA,0,fuzzy:1.00 dates:1973-1981~1973-1981
Relator Nome Profissional,DIAS ALVES,170,1,1.00,DIAS ALVES,0,fuzzy:1.00 dates:1987-1990~1987-1990
Relator Nome Profissional,BRUTO DA COSTA,169,1,1.00,BRUTO DA COSTA,0,fuzzy:1.00 dates:1973-1982~1973-1982
Relator Nome Profissional,DIAS SIMÃO,169,1,1.00,DIAS SIMÃO,0,fuzzy:1.00 dates:1988-1995~1988-1995
Relator Nome Profissional,MAIA GONÇALVES,168,1,1.00,MAIA GONÇALVES,0,fuzzy:1.00 dates:1988-1991~1988-1991
Relator Nome Profissional,MARIA JOÃO VAZ TOMÉ,168,1,1.00,MARIA JOÃO VAZ TOMÉ,0,fuzzy:1.00 dates:2018-2025~2018-2025
Relator Nome Profissional,PEDRO DE LIMA GONÇALVES,168,1,1.00,PEDRO DE LIMA GONÇALVES,0,fuzzy:1.00 dates:2017-2025~2017-2025
Relator Nome Profissional,SALAZAR CASANOVA,167,1,1.00,SALAZAR CASANOVA,0,fuzzy:1.00 dates:2008-2018~2008-2018
Relator Nome Profissional,MAGALHÃES BAIÃO,166,1,1.00,MAGALHÃES BAIÃO,0,fuzzy:1.00 dates:1982-1987~1982-1987
Relator Nome Profissional,FERREIRA RAMOS,165,1,1.00,FERREIRA RAMOS,0,fuzzy:1.00 dates:1997-2003~1997-2003
Relator Nome Profissional,SOUSA GRANDÃO,165,1,1.00,SOUSA GRANDÃO,0,fuzzy:1.00 dates:2005-2010~2005-2010
Relator Nome Profissional,FERNANDO BAPTISTA,163,1,1.00,FERNANDO BAPTISTA,0,fuzzy:1.00 dates:2021-2026~2021-2026
Relator Nome Profissional,HELDER ROQUE,163,1,1.00,HELDER ROQUE,0,fuzzy:1.00 dates:2008-2018~2008-2018
Relator Nome Profissional,JORGE DIAS,163,1,1.00,JORGE DIAS,0,fuzzy:1.00 dates:2019-2023~2019-2023
Relator Nome Profissional,OLINDO GERALDES,163,1,1.00,OLINDO GERALDES,0,fuzzy:1.00 dates:2016-2021~2016-2021
Relator Nome Profissional,COELHO VENTURA,162,1,1.00,COELHO VENTURA,0,fuzzy:1.00 dates:1987-1994~1987-1994
Relator Nome Profissional,DUARTE SOARES,162,1,1.00,DUARTE SOARES,0,fuzzy:1.00 dates:1997-2008~1997-2008
Relator Nome Profissional,ABRANCHES MARTINS,160,1,1.00,ABRANCHES MARTINS,0,fuzzy:1.00 dates:1991-2003~1991-2003
Relator Nome Profissional,GAMA VIEIRA,160,1,1.00,GAMA VIEIRA,0,fuzzy:1.00 dates:1986-1989~1986-1989
Relator Nome Profissional,PINTO GOMES,159,1,1.00,PINTO GOMES,0,fuzzy:1.00 dates:1986-1989~1986-1989
Relator Nome Profissional,AUGUSTO ALVES,158,1,1.00,AUGUSTO ALVES,0,fuzzy:1.00 dates:1992-1999~1992-1999
Relator Nome Profissional,SANTOS BERNARDINO,158,1,1.00,SANTOS BERNARDINO,0,fuzzy:1.00 dates:2001-2010~2001-2010
Relator Nome Profissional,VASQUES DINIS,158,1,1.00,VASQUES DINIS,0,fuzzy:1.00 dates:2006-2010~2006-2010
Relator Nome Profissional,MOITINHO DE ALMEIDA,156,1,1.00,MOITINHO DE ALMEIDA,0,fuzzy:1.00 dates:2000-2006~2000-2006
Relator Nome Profissional,SERRA BAPTISTA,156,1,1.00,SERRA BAPTISTA,0,fuzzy:1.00 dates:2003-2015~2003-2015
Relator Nome Profissional,TOMÉ GOMES,156,1,1.00,TOMÉ GOMES,0,fuzzy:1.00 dates:2015-2022~2015-2022
Relator Nome Profissional,SAMPAIO DA NOVOA,155,1,1.00,SAMPAIO DA NÓVOA,0,fuzzy:1.00 dates:1992-1997~1992-1997
Relator Nome Profissional,GAMA PRAZERES,154,1,1.00,GAMA PRAZERES,0,fuzzy:1.00 dates:1986-1990~1986-1990
Relator Nome Profissional,VASQUES OSÓRIO,154,1,1.00,VASQUES OSÓRIO,0,fuzzy:1.00 dates:2023-2026~2023-2026
Relator Nome Profissional,PIRES DA ROSA,153,1,1.00,PIRES DA ROSA,0,fuzzy:1.00 dates:2002-2016~2002-2016
Relator Nome Profissional,PRAZERES PAIS,152,1,1.00,PRAZERES PAIS,0,fuzzy:1.00 dates:1988-1991~1988-1991
Relator Nome Profissional,SALVIANO DE SOUSA,152,1,1.00,SALVIANO DE SOUSA,0,fuzzy:1.00 dates:1987-1990~1987-1990
Relator Nome Profissional,MOREIRA ALVES,151,1,1.00,MOREIRA ALVES,0,fuzzy:1.00 dates:2002-2015~2002-2015
Relator Nome Profissional,OLIVEIRA VASCONCELOS,151,1,1.00,OLIVEIRA VASCONCELOS,0,fuzzy:1.00 dates:2007-2017~2007-2017
Relator Nome Profissional,ANA BARATA BRITO,149,1,1.00,ANA BARATA BRITO,0,fuzzy:1.00 dates:2021-2024~2021-2024
Relator Nome Profissional,ARMÉNIO SOTTOMAYOR,149,1,1.00,ARMÉNIO SOTTOMAYOR,0,fuzzy:1.00 dates:2005-2017~2005-2017
Relator Nome Profissional,NEVES RIBEIRO,148,1,1.00,NEVES RIBEIRO,0,fuzzy:1.00 dates:2000-2005~2000-2005
Relator Nome Profissional,QUESADA PASTOR,147,1,1.00,QUESADA PASTOR,0,fuzzy:1.00 dates:1980-1987~1980-1987
Relator Nome Profissional,MANUEL AUGUSTO DE MATOS,146,1,1.00,MANUEL AUGUSTO DE MATOS,0,fuzzy:1.00 dates:2015-2021~2015-2021
Relator Nome Profissional,FLORES RIBEIRO,145,1,1.00,FLORES RIBEIRO,0,fuzzy:1.00 dates:1991-2003~1991-2003
Relator Nome Profissional,RAUL MATEUS,145,1,1.00,RAÚL MATEUS,0,fuzzy:1.00 dates:1982-1995~1982-1995
Relator Nome Profissional,SA FERREIRA,145,1,1.00,SÁ FERREIRA,0,fuzzy:1.00 dates:1990-1996~1989-1996
Relator Nome Profissional,MENDES PINTO,144,1,1.00,MENDES PINTO,0,fuzzy:1.00 dates:1986-1990~1986-1990
Relator Nome Profissional,OCTAVIO GARCIA,144,1,1.00,OCTÁVIO GARCIA,0,fuzzy:1.00 dates:1977-1989~1977-1989
Relator Nome Profissional,CARLOS CALDAS,143,1,1.00,CARLOS CALDAS,0,fuzzy:1.00 dates:1989-1995~1989-1995
Relator Nome Profissional,ANTÓNIO LEONES DANTAS,141,1,1.00,ANTÓNIO LEONES DANTAS,0,fuzzy:1.00 dates:2012-2020~2012-2020
Relator Nome Profissional,CABRAL DE ANDRADE,140,1,1.00,CABRAL DE ANDRADE,0,fuzzy:1.00 dates:1986-1992~1986-1992
Relator Nome Profissional,GARCIA CALEJO,140,1,1.00,GARCIA CALEJO,0,fuzzy:1.00 dates:2008-2017~2008-2017
Relator Nome Profissional,PIRES SALPICO,139,1,1.00,PIRES SALPICO,0,fuzzy:1.00 dates:1992-2007~1992-2007
Relator Nome Profissional,ALMEIDA E SILVA,138,1,1.00,ALMEIDA E SILVA,0,fuzzy:1.00 dates:1994-1998~1994-1998
Relator Nome Profissional,ARAGÃO SEIA,137,1,1.00,ARAGÃO SEIA,0,fuzzy:1.00 dates:1992-2000~1992-2000
Relator Nome Profissional,ARAUJO RIBEIRO,137,1,1.00,ARAÚJO RIBEIRO,0,fuzzy:1.00 dates:1922-1995~1922-1995
Relator Nome Profissional,BOGARIM GUEDES,137,1,1.00,BOGARIM GUEDES,0,fuzzy:1.00 dates:1967-1976~1967-1976
Relator Nome Profissional,FARIA ANTUNES,137,1,1.00,FARIA ANTUNES,0,fuzzy:1.00 dates:2001-2007~2001-2007
Relator Nome Profissional,MANUEL BRAZ,137,1,1.00,MANUEL BRAZ,0,fuzzy:1.00 dates:2009-2018~2009-2018
Relator Nome Profissional,TEIXEIRA DO CARMO,137,1,1.00,TEIXEIRA DO CARMO,0,fuzzy:1.00 dates:1992-1995~1992-1995
Relator Nome Profissional,JOSE CALEJO,136,1,1.00,JOSÉ CALEJO,0,fuzzy:1.00 dates:1987-1990~1987-1990
Relator Nome Profissional,CASTRO MENDES,135,1,1.00,CASTRO MENDES,0,fuzzy:1.00 dates:1987-1991~1987-1991
Relator Nome Profissional,CONCEIÇÃO GOMES,135,1,1.00,CONCEIÇÃO GOMES,0,fuzzy:1.00 dates:2018-2023~2018-2023
Relator Nome Profissional,FERREIRA DA COSTA,135,1,1.00,COSTA FERREIRA,1,fuzzy:1.00 dates:1975-1980~1976-1993 SURNAME?
Relator Nome Profissional,RAMALHO PINTO,134,1,1.00,RAMALHO PINTO,0,fuzzy:1.00 dates:2022-2024~2022-2024
Relator Nome Profissional,CHAMBEL MOURISCO,133,1,0.94,CHAMABEL MOURISCO,0,fuzzy:0.94 dates:2017-2022~2017-2022
Relator Nome Profissional,OLIVEIRA GUIMARÃES,133,1,1.00,OLIVEIRA GUIMARÃES,0,fuzzy:1.00 dates:1995-2003~1995-2003
Relator Nome Profissional,FREDERICO BAPTISTA,132,1,1.00,FREDERICO BAPTISTA,0,fuzzy:1.00 dates:1985-1988~1985-1988
Relator Nome Profissional,MÁRIO PEREIRA,132,1,1.00,MÁRIO PEREIRA,0,fuzzy:1.00 dates:2001-2010~2001-2010
Relator Nome Profissional,SAMPAIO DA SILVA,132,1,1.00,SAMPAIO DA SILVA,0,fuzzy:1.00 dates:1987-1994~1987-1994
Relator Nome Profissional,SOUSA INÊS,132,1,1.00,SOUSA INÊS,0,fuzzy:1.00 dates:1996-2002~1989-2002
Relator Nome Profissional,JOÃO CURA MARIANO,131,1,1.00,JOÃO CURA MARIANO,0,fuzzy:1.00 dates:2020-2024~1986-2024
Relator Nome Profissional,LOPES NEVES,131,1,1.00,LOPES NEVES,0,fuzzy:1.00 dates:1981-1986~1981-1986
Relator Nome Profissional,CARDOSO BASTOS,130,1,1.00,CARDOSO BASTOS,0,fuzzy:1.00 dates:1991-1994~1991-1994
Relator Nome Profissional,COSTA FERREIRA,130,1,1.00,COSTA FERREIRA,0,fuzzy:1.00 dates:1976-1993~1976-1993
Relator Nome Profissional,HERCULANO LIMA,130,1,1.00,HERCULANO LIMA,0,fuzzy:1.00 dates:1993-1997~1993-1997
Relator Nome Profissional,JORGE LEAL,130,1,1.00,JORGE LEAL,0,fuzzy:1.00 dates:2023-2026~2023-2026
Relator Nome Profissional,MANUEL CAPELO,130,1,1.00,MANUEL CAPELO,0,fuzzy:1.00 dates:2020-2023~2020-2023
Relator Nome Profissional,SÉNIO ALVES,130,1,1.00,SÉNIO ALVES,0,fuzzy:1.00 dates:2020-2023~2020-2023
Relator Nome Profissional,BARBOSA DE ALMEIDA,129,1,1.00,BARBOSA DE ALMEIDA,0,fuzzy:1.00 dates:1988-1990~1988-1990
Relator Nome Profissional,ELISEU FIGUEIRA,129,1,1.00,ELISEU FIGUEIRA,0,fuzzy:1.00 dates:1987-1990~1987-1990
Relator Nome Profissional,MATOS CANAS,129,1,1.00,MATOS CANAS,0,fuzzy:1.00 dates:1989-1998~1989-1998
Relator Nome Profissional,CARVALHO PINHEIRO,128,1,1.00,CARVALHO PINHEIRO,0,fuzzy:1.00 dates:1990-1997~1990-1997
Relator Nome Profissional,LEMOS TRIUNFANTE,128,1,1.00,LEMOS TRIUNFANTE,0,fuzzy:1.00 dates:1995-2003~1995-2003
Relator Nome Profissional,JOSÉ EDUARDO SAPATEIRO,127,1,1.00,JOSÉ EDUARDO SAPATEIRO,0,fuzzy:1.00 dates:2023-2026~2023-2026
Relator Nome Profissional,GONÇALVES ROCHA,126,1,1.00,GONÇALVES ROCHA,0,fuzzy:1.00 dates:2011-2018~1988-2018
Relator Nome Profissional,LUCAS COELHO,126,1,1.00,LUCAS COELHO,0,fuzzy:1.00 dates:2001-2005~2001-2005
Relator Nome Profissional,PAULO SÁ,126,1,1.00,PAULO SÁ,0,fuzzy:1.00 dates:2006-2020~2006-2020
Relator Nome Profissional,JOSÉ CARRETO,125,1,1.00,JOSÉ CARRETO,0,fuzzy:1.00 dates:2024-2026~2024-2026
Relator Nome Profissional,PINTO DE ALMEIDA,125,1,1.00,PINTO DE ALMEIDA,0,fuzzy:1.00 dates:2014-2022~2014-2022
Relator Nome Profissional,VASCO TINOCO,124,1,1.00,VASCO TINOCO,0,fuzzy:1.00 dates:1988-1990~1988-1990
Relator Nome Profissional,BEÇA PEREIRA,123,1,1.00,BEÇA PEREIRA,0,fuzzy:1.00 dates:1985-1992~1985-1992
Relator Nome Profissional,LOURENÇO MARTINS,123,1,1.00,LOURENÇO MARTINS,0,fuzzy:1.00 dates:1995-2003~1995-2003
Relator Nome Profissional,PEREIRA DOS SANTOS,122,1,1.00,PEREIRA DOS SANTOS,0,fuzzy:1.00 dates:1989-1992~1989-1992
Relator Nome Profissional,J SANTOS CARVALHO,120,1,1.00,J. SANTOS CARVALHO,0,fuzzy:1.00 dates:1966-1985~1966-2013
Relator Nome Profissional,LUIS ESPÍRITO SANTO,120,1,1.00,LUÍS ESPÍRITO SANTO,0,fuzzy:1.00 dates:2021-2025~2021-2026
Relator Nome Profissional,ÁLVARO RODRIGUES,120,1,1.00,ÁLVARO RODRIGUES,0,fuzzy:1.00 dates:2009-2018~2009-2018
Relator Nome Profissional,ANTÓNIO GAMA,119,1,1.00,ANTÓNIO GAMA,0,fuzzy:1.00 dates:2020-2024~2020-2024
Relator Nome Profissional,CAMPOS COSTA,119,1,1.00,CAMPOS COSTA,0,fuzzy:1.00 dates:1980-1989~1980-1989
Relator Nome Profissional,DINIZ NUNES,119,1,1.00,DINIZ NUNES,0,fuzzy:1.00 dates:1997-2002~1997-2002
Relator Nome Profissional,ISABEL PAIS MARTINS,119,1,1.00,ISABEL PAIS MARTINS,0,fuzzy:1.00 dates:2009-2017~2009-2017
Relator Nome Profissional,PAULO FERREIRA DA CUNHA,119,1,1.00,PAULO FERREIRA DA CUNHA,0,fuzzy:1.00 dates:2019-2023~2019-2023
Relator Nome Profissional,ARMANDO LOURENÇO,118,1,1.00,ARMANDO LOURENÇO,0,fuzzy:1.00 dates:1997-2003~1997-2003
Relator Nome Profissional,PEREIRA CARDIGOS,118,1,1.00,PEREIRA CARDIGOS,0,fuzzy:1.00 dates:1922-1994~1922-1994
Relator Nome Profissional,ANA PAULA LOBO,117,1,1.00,ANA PAULA LOBO,0,fuzzy:1.00 dates:2022-2026~2022-2026
Relator Nome Profissional,VÍTOR MESQUITA,116,1,1.00,VÍTOR MESQUITA,0,fuzzy:1.00 dates:2000-2005~2000-2005
Relator Nome Profissional,ALVES PINTO,115,1,1.00,ALVES PINTO,0,fuzzy:1.00 dates:1977-1980~1977-1980
Relator Nome Profissional,JOSE FERNANDES,115,1,1.00,JOSÉ FERNANDES,0,fuzzy:1.00 dates:1970-1976~1970-1976
Relator Nome Profissional,AMARAL AGUIAR,114,1,1.00,AMARAL AGUIAR,0,fuzzy:1.00 dates:1981-1985~1981-1985
Relator Nome Profissional,FERNANDES FUGAS,114,1,1.00,FERNANDES FUGAS,0,fuzzy:1.00 dates:1985-1989~1985-1989
Relator Nome Profissional,JORGE VASCONCELOS,114,1,1.00,JORGE VASCONCELOS,0,fuzzy:1.00 dates:1984-1990~1984-1990
Relator Nome Profissional,BARBIERI CARDOSO,112,1,1.00,BARBIERI CARDOSO,0,fuzzy:1.00 dates:1986-1992~1986-1992
Relator Nome Profissional,ISABEL SÃO MARCOS,112,1,1.00,ISABEL SÃO MARCOS,0,fuzzy:1.00 dates:2013-2021~2013-2021
Relator Nome Profissional,JORGE GONÇALVES,112,1,1.00,JORGE GONÇALVES,0,fuzzy:1.00 dates:2023-2026~2023-2026
Relator Nome Profissional,MÁRIO TORRES,111,1,1.00,MÁRIO TORRES,0,fuzzy:1.00 dates:1993-2002~1993-2002
Relator Nome Profissional,RICARDO DA VELHA,111,1,1.00,RICARDO DA VELHA,0,fuzzy:1.00 dates:1987-1992~1987-1992
Relator Nome Profissional,ALBERTO SOBRINHO,110,1,1.00,ALBERTO SOBRINHO,0,fuzzy:1.00 dates:2006-2010~2006-2010
Relator Nome Profissional,BRAVO SERRA,110,1,1.00,BRAVO SERRA,0,fuzzy:1.00 dates:1963-2010~1963-2010
Relator Nome Profissional,COSTA RAPOSO,110,1,1.00,COSTA RAPOSO,0,fuzzy:1.00 dates:1990-1994~1990-1994
Relator Nome Profissional,CUSTÓDIO MONTES,110,1,1.00,CUSTÓDIO MONTES,0,fuzzy:1.00 dates:2004-2010~2004-2010
Relator Nome Profissional,LEONARDO DIAS,110,1,1.00,LEONARDO DIAS,0,fuzzy:1.00 dates:1992-2000~1992-2000
Relator Nome Profissional,M SANTOS CARVALHO,110,1,0.89,J. SANTOS CARVALHO,1,fuzzy:0.89 dates:1970-1987~1966-2013 AMBIGUOUS ~SANTOS MONTEIRO(0.84)
Relator Nome Profissional,SOUSA LAMAS,110,1,1.00,SOUSA LAMAS,0,fuzzy:1.00 dates:1996-2000~1996-2000
Relator Nome Profissional,MARTINS RAMIRES,109,1,1.00,MARTINS RAMIRES,0,fuzzy:1.00 dates:1992-1999~1992-1999
Relator Nome Profissional,CARLOS CAMPOS LOBO,108,1,1.00,CARLOS CAMPOS LOBO,0,fuzzy:1.00 dates:2024-2026~2024-2026
Relator Nome Profissional,RAMOS DOS SANTOS,108,1,1.00,RAMOS DOS SANTOS,0,fuzzy:1.00 dates:1989-1993~1989-1993
Relator Nome Profissional,ISABEL SALGADO,107,1,1.00,ISABEL SALGADO,0,fuzzy:1.00 dates:2023-2026~2023-2026
Relator Nome Profissional,MORA DO VALE,107,1,1.00,MORA DO VALE,0,fuzzy:1.00 dates:1990-1993~1990-1993
Relator Nome Profissional,PINHEIRO FARINHA,107,1,1.00,PINHEIRO FARINHA,0,fuzzy:1.00 dates:1986-1989~1986-1989
Relator Nome Profissional,SIMÕES FREIRE,107,1,1.00,SIMÕES FREIRE,0,fuzzy:1.00 dates:1997-2002~1997-2002
Relator Nome Profissional,GRANJA DA FONSECA,105,1,1.00,GRANJA DA FONSECA,0,fuzzy:1.00 dates:2011-2015~2011-2015
Relator Nome Profissional,JOSÉ MESQUITA,105,1,1.00,JOSÉ MESQUITA,0,fuzzy:1.00 dates:1997-2003~1997-2003
Relator Nome Profissional,MARIO NORONHA,105,1,1.00,MÁRIO NORONHA,0,fuzzy:1.00 dates:1988-1994~1988-1994
Relator Nome Profissional,SOARES TOME,105,1,1.00,SOARES TOMÉ,0,fuzzy:1.00 dates:1986-1990~1986-1990
Relator Nome Profissional,FURTADO DOS SANTOS,104,1,1.00,FURTADO DOS SANTOS,0,fuzzy:1.00 dates:1979-1982~1979-1982
Relator Nome Profissional,ANTERO LUÍS,103,1,1.00,ANTERO LUIS,0,fuzzy:1.00 dates:2024-2026~2024-2026
Relator Nome Profissional,CAMPOS DE CARVALHO,103,1,1.00,CAMPOS DE CARVALHO,0,fuzzy:1.00 dates:1960-1974~1960-1983
Relator Nome Profissional,DIONÍSIO CORREIA,103,1,1.00,DIONÍSIO CORREIA,0,fuzzy:1.00 dates:1997-2002~1994-2002
Relator Nome Profissional,ORLANDO GONÇALVES,103,1,1.00,ORLANDO GONÇALVES,0,fuzzy:1.00 dates:2021-2024~2021-2024
Relator Nome Profissional,CHICHORRO RODRIGUES,102,1,1.00,CHICHORRO RODRIGUES,0,fuzzy:1.00 dates:1989-1994~1989-1994
Relator Nome Profissional,ESTELITA DE MENDONÇA,102,1,1.00,ESTELITA DE MENDONÇA,0,fuzzy:1.00 dates:1987-1992~1986-1992
Relator Nome Profissional,CORREIA DE PAIVA,101,1,1.00,CORREIA DE PAIVA,0,fuzzy:1.00 dates:1985-1987~1985-1987
Relator Nome Profissional,JOSE DOMINGUES,101,1,1.00,JOSÉ DOMINGUES,0,fuzzy:1.00 dates:1987-1990~1987-2025
Relator Nome Profissional,LUDOVICO DA COSTA,101,1,1.00,LUDOVICO DA COSTA,0,fuzzy:1.00 dates:1966-1974~1966-1974
Relator Nome Profissional,MARGARIDA BLASCO,101,1,1.00,MARGARIDA BLASCO,0,fuzzy:1.00 dates:2019-2021~2019-2021
Relator Nome Profissional,MARIA DO ROSÁRIO MORGADO,101,1,1.00,MARIA DO ROSÁRIO MORGADO,0,fuzzy:1.00 dates:2017-2021~2017-2021
Relator Nome Profissional,PEDRO BRANQUINHO DIAS,101,1,1.00,PEDRO BRANQUINHO DIAS,0,fuzzy:1.00 dates:2022-2024~2022-2024
Relator Nome Profissional,ALBUQUERQUE ROCHA,100,1,1.00,ALBUQUERQUE ROCHA,0,fuzzy:1.00 dates:1964-1972~1964-1972
Relator Nome Profissional,CASTELO PAULO,100,1,1.00,CASTELO PAULO,0,fuzzy:1.00 dates:1988-1994~1988-1994
Relator Nome Profissional,DOMINGOS JOSÉ DE MORAIS,100,1,1.00,DOMINGOS JOSÉ DE MORAIS,0,fuzzy:1.00 dates:2022-2026~2022-2026
Relator Nome Profissional,LOUREIRO PIPA,100,1,1.00,LOUREIRO PIPA,0,fuzzy:1.00 dates:1990-1997~1990-1997
Relator Nome Profissional,FARIA DE SOUSA,98,1,1.00,FARIA DE SOUSA,0,fuzzy:1.00 dates:1989-1995~1989-1995
Relator Nome Profissional,MARIANO PEREIRA,98,1,1.00,MARIANO PEREIRA,0,fuzzy:1.00 dates:1993-2000~1993-2000
Relator Nome Profissional,NELSON BORGES CARNEIRO,98,1,1.00,NELSON BORGES CARNEIRO,0,fuzzy:1.00 dates:2023-2026~2023-2026
Relator Nome Profissional,RIBEIRO CARDOSO,96,1,1.00,RIBEIRO CARDOSO,0,fuzzy:1.00 dates:2016-2019~2016-2019
Relator Nome Profissional,AGOSTINHO TORRES,95,1,1.00,AGOSTINHO TORRES,0,fuzzy:1.00 dates:2023-2025~2023-2025
Relator Nome Profissional,FERNANDES DA SILVA,95,1,1.00,FERNANDES DA SILVA,0,fuzzy:1.00 dates:2011-2015~2011-2015
Relator Nome Profissional,LUCIO TEIXEIRA,95,1,1.00,LÚCIO TEIXEIRA,0,fuzzy:1.00 dates:1995-1999~1995-2000
Relator Nome Profissional,SANTOS SILVEIRA,95,1,1.00,SANTOS SILVEIRA,0,fuzzy:1.00 dates:1980-1984~1980-1984
Relator Nome Profissional,VICTOR COELHO,95,1,1.00,VICTOR COELHO,0,fuzzy:1.00 dates:1981-1990~1981-1990
Relator Nome Profissional,FRANCISCO CAETANO,94,1,1.00,FRANCISCO CAETANO,0,fuzzy:1.00 dates:2015-2021~2015-2021
Relator Nome Profissional,MANUEL AGUIAR PEREIRA,94,1,1.00,MANUEL AGUIAR PEREIRA,0,fuzzy:1.00 dates:2022-2025~2022-2025
Relator Nome Profissional,VIEIRA E CUNHA,94,1,1.00,VIEIRA E CUNHA,0,fuzzy:1.00 dates:2021-2023~2021-2023
Relator Nome Profissional,EDUARDO LOUREIRO,93,1,1.00,EDUARDO LOUREIRO,0,fuzzy:1.00 dates:2020-2023~2020-2023
Relator Nome Profissional,HENRIQUE ARAÚJO,93,1,1.00,HENRIQUE ARAÚJO,0,fuzzy:1.00 dates:2017-2022~2017-2022
Relator Nome Profissional,SORETO DE BARROS,93,1,1.00,SORETO DE BARROS,0,fuzzy:1.00 dates:2004-2009~2004-2024
Relator Nome Profissional,ILÍDIO SACARRÃO MARTINS,92,1,1.00,ILÍDIO SACARRÃO MARTINS,0,fuzzy:1.00 dates:2018-2021~2018-2021
Relator Nome Profissional,LUÍS FONSECA,92,1,1.00,LUÍS FONSECA,0,fuzzy:1.00 dates:1999-2005~1999-2005
Relator Nome Profissional,MARIO AFONSO,92,1,1.00,MÁRIO AFONSO,0,fuzzy:1.00 dates:1984-1990~1984-1997
Relator Nome Profissional,MOREIRA CAMILO,92,1,1.00,MOREIRA CAMILO,0,fuzzy:1.00 dates:2002-2011~2002-2011
Relator Nome Profissional,SILVA FLOR,92,1,1.00,SILVA FLOR,0,fuzzy:1.00 dates:2002-2007~2002-2007
Relator Nome Profissional,ALVES RIBEIRO,91,1,1.00,ALVES RIBEIRO,0,fuzzy:1.00 dates:1991-1994~1991-1994
Relator Nome Profissional,GARCIA DA FONSECA,91,1,1.00,GARCIA DA FONSECA,0,fuzzy:1.00 dates:1974-1990~1974-1990
Relator Nome Profissional,ANTÓNIO AUGUSTO MANSO,89,1,1.00,ANTÓNIO AUGUSTO MANSO,0,fuzzy:1.00 dates:2024-2026~2021-2026
Relator Nome Profissional,ANTÓNIO CLEMENTE LIMA,89,1,1.00,ANTÓNIO CLEMENTE LIMA,0,fuzzy:1.00 dates:2018-2021~2018-2021
Relator Nome Profissional,CELSO MANATA,89,1,1.00,CELSO MANATA,0,fuzzy:1.00 dates:2024-2026~2024-2026
Relator Nome Profissional,FERNANDA ISABEL PEREIRA,89,1,1.00,FERNANDA ISABEL PEREIRA,0,fuzzy:1.00 dates:2014-2018~2014-2018
Relator Nome Profissional,FERNANDES COSTA,88,1,1.00,FERNANDES COSTA,0,fuzzy:1.00 dates:1965-1974~1965-1994
Relator Nome Profissional,FERNANDO SAMÕES,88,1,1.00,FERNANDO SAMÕES,0,fuzzy:1.00 dates:2019-2022~2019-2022
Relator Nome Profissional,GOIS PINHEIRO,88,1,1.00,GOIS PINHEIRO,0,fuzzy:1.00 dates:1984-1987~1984-1987
Relator Nome Profissional,JORGE ARCANJO,88,1,1.00,JORGE ARCANJO,0,fuzzy:1.00 dates:2021-2025~2021-2025
Relator Nome Profissional,LEONOR FURTADO,88,1,1.00,LEONOR FURTADO,0,fuzzy:1.00 dates:2022-2025~2022-2025
Relator Nome Profissional,EDUARDO MARTINS,87,1,1.00,EDUARDO MARTINS,0,fuzzy:1.00 dates:1988-1993~1988-1993
Relator Nome Profissional,JOSE MAGALHÃES,87,1,1.00,JOSÉ MAGALHÃES,0,fuzzy:1.00 dates:1990-1993~1990-1993
Relator Nome Profissional,ARMANDO LEANDRO,86,1,1.00,ARMANDO LEANDRO,0,fuzzy:1.00 dates:1988-2003~1988-2003
Relator Nome Profissional,TOME DE CARVALHO,86,1,1.00,TOMÉ DE CARVALHO,0,fuzzy:1.00 dates:1994-1999~1994-2002
Relator Nome Profissional,METELLO DE NAPOLES,85,1,1.00,METELLO DE NÁPOLES,0,fuzzy:1.00 dates:1991-1996~1991-1997
Relator Nome Profissional,REIS FIGUEIRA,85,1,1.00,REIS FIGUEIRA,0,fuzzy:1.00 dates:1999-2004~1999-2004
Relator Nome Profissional,SIMÕES VENTURA,85,1,1.00,SIMÕES VENTURA,0,fuzzy:1.00 dates:1983-1990~1983-1990
Relator Nome Profissional,NUNES DA CRUZ,84,1,1.00,NUNES DA CRUZ,0,fuzzy:1.00 dates:1993-1998~1993-1998
Relator Nome Profissional,AFONSO CORREIA,83,1,1.00,AFONSO CORREIA,0,fuzzy:1.00 dates:2000-2007~2000-2007
Relator Nome Profissional,FERNANDES DO VALE,83,1,1.00,FERNANDES DO VALE,0,fuzzy:1.00 dates:2011-2017~2011-2017
Relator Nome Profissional,JOSE LUIS PEREIRA,82,1,1.00,JOSÉ LUIS PEREIRA,0,fuzzy:1.00 dates:1981-1985~1981-2026
Relator Nome Profissional,RIJO FERREIRA,82,1,1.00,RIJO FERREIRA,0,fuzzy:1.00 dates:2020-2023~2020-2023
Relator Nome Profissional,TAVARES DE PAIVA,82,1,1.00,TAVARES DE PAIVA,0,fuzzy:1.00 dates:2011-2017~2011-2017
Relator Nome Profissional,TERESA DE ALMEIDA,82,1,1.00,TERESA DE ALMEIDA,0,fuzzy:1.00 dates:2022-2024~2022-2024
Relator Nome Profissional,ERNESTO VAZ PEREIRA,81,1,1.00,ERNESTO VAZ PEREIRA,0,fuzzy:1.00 dates:2022-2024~2022-2024
Relator Nome Profissional,FERNANDO SEQUEIRA,81,1,1.00,FERNANDO SEQUEIRA,0,fuzzy:1.00 dates:1989-1991~1989-1991
Relator Nome Profissional,DIONISIO PINHO,80,1,1.00,DIONÍSIO PINHO,0,fuzzy:1.00 dates:1921-1993~1921-1993
Relator Nome Profissional,DINIS ALVES,79,1,1.00,DINIS ALVES,0,fuzzy:1.00 dates:1994-2003~1994-2003
Relator Nome Profissional,MARIA DO CARMO SILVA DIAS,79,1,1.00,MARIA DO CARMO DA SILVA DIAS,0,fuzzy:1.00 dates:2022-2024~2021-2024
Relator Nome Profissional,TIBÉRIO NUNES DA SILVA,79,1,1.00,TIBÉRIO NUNES DA SILVA,0,fuzzy:1.00 dates:2020-2023~2020-2023
Relator Nome Profissional,VIRGILIO OLIVEIRA,79,1,1.00,VIRGÍLIO OLIVEIRA,0,fuzzy:1.00 dates:1991-2003~1985-2003
Relator Nome Profissional,MÁRIO CRUZ,78,1,1.00,MÁRIO CRUZ,0,fuzzy:1.00 dates:2007-2010~2007-2010
Relator Nome Profissional,ALVES CORTES,75,1,1.00,ALVES CORTES,0,fuzzy:1.00 dates:1984-1986~1984-2021
Relator Nome Profissional,ANTÓNIO JOAQUIM PIÇARRA,75,1,1.00,ANTÓNIO JOAQUIM PIÇARRA,0,fuzzy:1.00 dates:2012-2019~2012-2019
Relator Nome Profissional,ABEL DELGADO,74,1,1.00,ABEL DELGADO,0,fuzzy:1.00 dates:1987-1989~1987-1989
Relator Nome Profissional,JOAQUIM DIAS,74,1,1.00,JOAQUIM DIAS,0,fuzzy:1.00 dates:1990-1998~1990-1998
Relator Nome Profissional,MOREIRA MATEUS,74,1,1.00,MOREIRA MATEUS,0,fuzzy:1.00 dates:1987-1991~1987-1991
Relator Nome Profissional,OLIVEIRA CARVALHO,74,1,1.00,OLIVEIRA CARVALHO,0,fuzzy:1.00 dates:1973-1980~1973-1980
Relator Nome Profissional,LUCENA E VALLE,73,1,1.00,LUCENA E VALLE,0,fuzzy:1.00 dates:1988-1992~1988-1992
Relator Nome Profissional,NUNO GOMES DA SILVA,73,1,1.00,NUNO GOMES DA SILVA,0,fuzzy:1.00 dates:2015-2020~2015-2020
Relator Nome Profissional,SILVA GONÇALVES,72,1,1.00,SILVA GONÇALVES,0,fuzzy:1.00 dates:2011-2017~2011-2017
Relator Nome Profissional,SOUSA DINIS,72,1,1.00,SOUSA DINIS,0,fuzzy:1.00 dates:1997-2000~1996-2000
Relator Nome Profissional,HERCULANO NAMORA,71,1,1.00,HERCULANO NAMORA,0,fuzzy:1.00 dates:1995-1999~1995-1999
Relator Nome Profissional,MARIA DO ROSÁRIO GONÇALVES,71,1,1.00,MARIA DO ROSÁRIO GONÇALVES,0,fuzzy:1.00 dates:2024-2026~2024-2026
Relator Nome Profissional,ORLANDO AFONSO,71,1,1.00,ORLANDO AFONSO,0,fuzzy:1.00 dates:2010-2016~2010-2016
Relator Nome Profissional,PONCE DE LEÃO,71,1,1.00,PONCE DE LEÃO,0,fuzzy:1.00 dates:2001-2005~2001-2005
Relator Nome Profissional,ZEFERINO FARIA,71,1,1.00,ZEFERINO FARIA,0,fuzzy:1.00 dates:1991-1994~1991-1994
Relator Nome Profissional,ACÁCIO DAS NEVES,70,1,0.94,ACÁCIO DAS NEVEZ,1,fuzzy:0.94 dates:2018-2021~2018-2021 SURNAME?
Relator Nome Profissional,LEITE MARREIROS,70,1,1.00,LEITE MARREIROS,0,fuzzy:1.00 dates:1988-1991~1988-1991
Relator Nome Profissional,MARIA DE DEUS CORREIA,70,1,1.00,MARIA DE DEUS CORREIA,0,fuzzy:1.00 dates:2024-2026~2024-2026
Relator Nome Profissional,PEIXE PELICA,70,1,1.00,PEIXE PELICA,0,fuzzy:1.00 dates:1997-2001~1900-2001
Relator Nome Profissional,VAZ DE SEQUEIRA,70,1,1.00,VAZ DE SEQUEIRA,0,fuzzy:1.00 dates:1989-1992~1989-1992
Relator Nome Profissional,VIRGÍLIO OLIVEIRA,70,1,1.00,VIRGÍLIO OLIVEIRA,0,fuzzy:1.00 dates:1985-2003~1985-2003
Relator Nome Profissional,ALEXANDRE REIS,69,1,1.00,ALEXANDRE REIS,0,fuzzy:1.00 dates:2016-2021~2016-2021
Relator Nome Profissional,AURELIO FERNANDES,69,1,1.00,AURELIO FERNANDES,0,fuzzy:1.00 dates:1983-1988~1983-1988
Relator Nome Profissional,LEITE DE CAMPOS,69,1,1.00,LEITE DE CAMPOS,0,fuzzy:1.00 dates:1974-1985~1974-1985
Relator Nome Profissional,SILVA REIS,69,1,1.00,SILVA REIS,0,fuzzy:1.00 dates:1991-1995~1991-1995
Relator Nome Profissional,TATO MARINHO,69,1,1.00,TATO MARINHO,0,fuzzy:1.00 dates:1986-1992~1986-1992
Relator Nome Profissional,FRANCISCO LOURENÇO,68,1,1.00,FRANCISCO LOURENÇO,0,fuzzy:1.00 dates:1996-2000~1996-2000
Relator Nome Profissional,RAÚL BORGES,68,1,1.00,RAUL BORGES,0,fuzzy:1.00 dates:2007-2016~2007-2020
Relator Nome Profissional,ANA RESENDE,67,1,1.00,ANA RESENDE,0,fuzzy:1.00 dates:2022-2024~2022-2024
Relator Nome Profissional,FERREIRA PINTO,67,1,1.00,FERREIRA PINTO,0,fuzzy:1.00 dates:2016-2019~2016-2019
Relator Nome Profissional,VASSANTA TAMBA,67,1,1.00,VASSANTA TAMBA,0,fuzzy:1.00 dates:1989-1992~1989-1992
Relator Nome Profissional,HENRIQUE ANTUNES,66,1,1.00,HENRIQUE ANTUNES,0,fuzzy:1.00 dates:2024-2026~2024-2026
Relator Nome Profissional,PEREIRA LEITÃO,66,1,1.00,PEREIRA LEITÃO,0,fuzzy:1.00 dates:1982-1988~1982-1988
Relator Nome Profissional,SOUSA LEITE,66,1,1.00,SOUSA LEITE,0,fuzzy:1.00 dates:2003-2013~2003-2013
Relator Nome Profissional,ABÍLIO VASCONCELOS,65,1,1.00,Abílio Vasconcelos,0,fuzzy:1.00 dates:1998-2012~1996-2012
Relator Nome Profissional,PAULA SÁ FERNANDES,65,1,1.00,PAULA SÁ FERNANDES,0,fuzzy:1.00 dates:2019-2022~2019-2022
Relator Nome Profissional,SILVA GRAÇA,65,1,1.00,SILVA GRAÇA,0,fuzzy:1.00 dates:1994-2001~1994-2001
Relator Nome Profissional,EMÉRICO SOARES,64,1,1.00,EMÉRICO SOARES,0,fuzzy:1.00 dates:200-2003~200-2003
Relator Nome Profissional,BRITO CAMARA,63,1,1.00,BRITO CÂMARA,0,fuzzy:1.00 dates:1992-1999~1992-2000
Relator Nome Profissional,GUERRA PIRES,63,1,1.00,GUERRA PIRES,0,fuzzy:1.00 dates:1991-1994~1991-1994
Relator Nome Profissional,LEAL HENRIQUES,63,1,1.00,LEAL-HENRIQUES,0,fuzzy:1.00 dates:1997-2003~1997-2003
Relator Nome Profissional,SOUSA LAMEIRA,63,1,1.00,SOUSA LAMEIRA,0,fuzzy:1.00 dates:2017-2024~2017-2024
Relator Nome Profissional,JOÃO RATO,62,1,1.00,JOÃO RATO,0,fuzzy:1.00 dates:2023-2025~2023-2025
Relator Nome Profissional,NUNO ATAÍDE DAS NEVES,62,1,1.00,NUNO ATAÍDE DAS NEVES,0,fuzzy:1.00 dates:2022-2024~2022-2024
Relator Nome Profissional,TOMÉ DE CARVALHO,62,1,1.00,TOMÉ DE CARVALHO,0,fuzzy:1.00 dates:1996-2002~1994-2002
Relator Nome Profissional,TÁVORA VICTOR,62,1,1.00,TÁVORA VICTOR,0,fuzzy:1.00 dates:2011-2018~2011-2018
Relator Nome Profissional,FIDALGO DE MATOS,61,1,1.00,FIDALGO DE MATOS,0,fuzzy:1.00 dates:1987-1991~1987-1991
Relator Nome Profissional,HERNANI DE LENCASTRE,61,1,1.00,HERNÂNI DE LENCASTRE,0,fuzzy:1.00 dates:1977-1980~1977-1980
Relator Nome Profissional,LOPES CARDOSO,61,1,1.00,LOPES CARDOSO,0,fuzzy:1.00 dates:1937-1995~1937-1995
Relator Nome Profissional,MARIO DE BRITO,61,1,1.00,MÁRIO DE BRITO,0,fuzzy:1.00 dates:1981-1983~1981-1983
Relator Nome Profissional,OLIVEIRA ROCHA,61,1,1.00,OLIVEIRA ROCHA,0,fuzzy:1.00 dates:2006-2010~2006-2010
Relator Nome Profissional,ANA LUÍSA GERALDES,60,1,1.00,ANA LUÍSA GERALDES,0,fuzzy:1.00 dates:2015-2017~2015-2017
Relator Nome Profissional,AZAMBUJA FONSECA,60,1,1.00,AZAMBUJA FONSECA,0,fuzzy:1.00 dates:1999-2003~1999-2003
Relator Nome Profissional,BERNARDO DOMINGOS,60,1,1.00,BERNARDO DOMINGOS,0,fuzzy:1.00 dates:2018-2021~2018-2021
Relator Nome Profissional,NORONHA DO NASCIMENTO,60,1,1.00,NORONHA DO NASCIMENTO,0,fuzzy:1.00 dates:1996-2004~1996-2006
Relator Nome Profissional,MARQUES CORDEIRO,59,1,1.00,MARQUES CORDEIRO,0,fuzzy:1.00 dates:1989-1991~1989-1991
Relator Nome Profissional,ROCHA FERREIRA,59,1,1.00,ROCHA FERREIRA,0,fuzzy:1.00 dates:1946-1981~1946-1981
Relator Nome Profissional,ROSA RIBEIRO COELHO,59,1,1.00,ROSA RIBEIRO COELHO,0,fuzzy:1.00 dates:2017-2019~2017-2020
Relator Nome Profissional,ANTONIO POÇAS,58,1,1.00,ANTÓNIO POÇAS,0,fuzzy:1.00 dates:1987-1988~1987-2018
Relator Nome Profissional,GOMES DOS SANTOS,57,1,1.00,GOMES DOS SANTOS,0,fuzzy:1.00 dates:1986-1989~1986-1989
Relator Nome Profissional,GREGÓRIO SILVA JESUS,57,1,1.00,GREGÓRIO SILVA JESUS,0,fuzzy:1.00 dates:2011-2015~2011-2015
Relator Nome Profissional,JORGE DOS REIS BRAVO,57,1,1.00,JORGE DOS REIS BRAVO,0,fuzzy:1.00 dates:2023-2026~2023-2026
Relator Nome Profissional,CORREIA DE SOUSA,56,1,1.00,CORREIA DE SOUSA,0,fuzzy:1.00 dates:1989-1996~1989-1996
Relator Nome Profissional,FERREIRA NETO,56,1,1.00,FERREIRA NETO,0,fuzzy:1.00 dates:2000-2003~2000-2003
Relator Nome Profissional,LUIS CORREIA DE MENDONÇA,56,1,1.00,LUÍS CORREIA DE MENDONÇA,0,fuzzy:1.00 dates:2024-2026~2024-2026
Relator Nome Profissional,MELO LIMA,56,1,1.00,MELO LIMA,0,fuzzy:1.00 dates:2013-2015~2013-2015
Relator Nome Profissional,RODRIGUES GONÇALVES,56,1,1.00,RODRIGUES GONÇALVES,0,fuzzy:1.00 dates:1986-1990~1986-1990
Relator Nome Profissional,ERNESTO NASCIMENTO,55,1,1.00,ERNESTO NASCIMENTO,0,fuzzy:1.00 dates:2025-2026~2025-2026
Relator Nome Profissional,FERNANDO FRÓIS,55,1,1.00,FERNANDO FRÓIS,0,fuzzy:1.00 dates:2008-2010~2008-2010
Relator Nome Profissional,TERESA FÉRIA,55,1,1.00,TERESA FÉRIA,0,fuzzy:1.00 dates:2020-2024~2020-2024
Relator Nome Profissional,COSTA FIGUEIRINHAS,54,1,1.00,COSTA FIGUEIRINHAS,0,fuzzy:1.00 dates:1992-1996~1992-1996
Relator Nome Profissional,CID GERALDO,53,1,1.00,CID GERALDO,0,fuzzy:1.00 dates:2021-2022~2021-2022
Relator Nome Profissional,HUGO LOPES,53,1,1.00,HUGO LOPES,0,fuzzy:1.00 dates:1996-2001~1996-2001
Relator Nome Profissional,JORGE RAPOSO,53,1,1.00,JORGE RAPOSO,0,fuzzy:1.00 dates:2024-2026~2024-2026
Relator Nome Profissional,VAZ DOS SANTOS,53,1,1.00,VAZ DOS SANTOS,0,fuzzy:1.00 dates:1991-1995~1991-1995
Relator Nome Profissional,DIONISIO CORREIA,52,1,1.00,DIONÍSIO CORREIA,0,fuzzy:1.00 dates:1994-2002~1994-2002
Relator Nome Profissional,FLAMINO MARTINS,52,1,1.00,FLAMINO MARTINS,0,fuzzy:1.00 dates:1983-1985~1983-1985
Relator Nome Profissional,ISAÍAS PÁDUA,52,1,1.00,ISAÍAS PÁDUA,0,fuzzy:1.00 dates:2021-2023~2021-2023
Relator Nome Profissional,MARIA LAURA LEONARDO,52,1,1.00,MARIA LAURA LEONARDO,0,fuzzy:1.00 dates:2003-2007~2003-2007
Relator Nome Profissional,JORGE JACOB,51,1,1.00,JORGE JACOB,0,fuzzy:1.00 dates:2025-2026~2025-2026
Relator Nome Profissional,LICURGO DOS SANTOS,51,1,1.00,LICURGO DOS SANTOS,0,fuzzy:1.00 dates:1982-1984~1982-1984
Relator Nome Profissional,OLIVEIRA BRANQUINHO,51,1,1.00,OLIVEIRA BRANQUINHO,0,fuzzy:1.00 dates:1977-1996~1977-1996
Relator Nome Profissional,PIRES DE LIMA,51,1,1.00,PIRES DE LIMA,0,fuzzy:1.00 dates:1987-1992~1987-2023
Relator Nome Profissional,ARELO MANSO,50,1,1.00,ARELO MANSO,0,fuzzy:1.00 dates:1980-1983~1980-1983
Relator Nome Profissional,BARROS CALDEIRA,49,1,1.00,BARROS CALDEIRA,0,fuzzy:1.00 dates:1034-2005~1034-2005
Relator Nome Profissional,OLIVEIRA MATOS,49,1,1.00,OLIVEIRA MATOS,0,fuzzy:1.00 dates:1989-1992~1988-1992
Relator Nome Profissional,PEDRO MARÇAL,49,1,1.00,PEDRO MARÇAL,0,fuzzy:1.00 dates:1988-1997~1988-1997
Relator Nome Profissional,PINTO FERREIRA,49,1,1.00,PINTO FERREIRA,0,fuzzy:1.00 dates:1988-1990~1988-1990
Relator Nome Profissional,ALBUQUERQUE DE SOUSA,48,1,1.00,ALBUQUERQUE DE SOUSA,0,fuzzy:1.00 dates:1987-1992~1987-1992
Relator Nome Profissional,EDUARDO BAPTISTA,48,1,1.00,EDUARDO BAPTISTA,0,fuzzy:1.00 dates:2001-2003~2000-2003
Relator Nome Profissional,TAVARES LEBRE,48,1,1.00,TAVARES LEBRE,0,fuzzy:1.00 dates:1989-1992~1989-1992
Relator Nome Profissional,FERNANDO BENTO,46,1,1.00,FERNANDO BENTO,0,fuzzy:1.00 dates:2011-2017~2011-2017
Relator Nome Profissional,LUÍS ESPÍRITO SANTO,46,1,1.00,LUÍS ESPÍRITO SANTO,0,fuzzy:1.00 dates:2021-2026~2021-2026
Relator Nome Profissional,ALÍPIO CALHEIROS,45,1,1.00,ALÍPIO CALHEIROS,0,fuzzy:1.00 dates:2000-2002~2000-2002
Relator Nome Profissional,CASTRO RIBEIRO,44,1,1.00,CASTRO RIBEIRO,0,fuzzy:1.00 dates:1992-1996~1992-1996
Relator Nome Profissional,EMIDIO SANTOS,44,1,1.00,EMÍDIO SANTOS,0,fuzzy:1.00 dates:2023-2026~1934-2026
Relator Nome Profissional,Helena Moniz,44,1,1.00,HELENA MONIZ,0,fuzzy:1.00 dates:2020-2020~2014-2023
Relator Nome Profissional,ORLANDO NASCIMENTO,44,1,1.00,ORLANDO NASCIMENTO,0,fuzzy:1.00 dates:2024-2026~2024-2026
Relator Nome Profissional,ALBERTINA PEREIRA,43,1,1.00,ALBERTINA PEREIRA,0,fuzzy:1.00 dates:2023-2025~2023-2025
Relator Nome Profissional,FERREIRA DA ROCHA,43,1,1.00,FERREIRA DA ROCHA,0,fuzzy:1.00 dates:1991-1997~1991-1997
Relator Nome Profissional,LEONOR CRUZ RODRIGUES,43,1,1.00,LEONOR CRUZ RODRIGUES,0,fuzzy:1.00 dates:2021-2022~2021-2022
Relator Nome Profissional,OLIMPIO DA FONSECA,43,1,1.00,OLÍMPIO DA FONSECA,0,fuzzy:1.00 dates:1988-1993~1988-1993
Relator Nome Profissional,CALIXTO PIRES,42,1,1.00,CALIXTO PIRES,0,fuzzy:1.00 dates:1989-1994~1989-1994
Relator Nome Profissional,PADRÃO GONÇALVES,42,1,1.00,PADRÃO GONÇALVES,0,fuzzy:1.00 dates:1997-1999~1997-1999
Relator Nome Profissional,SÉRGIO POÇAS,42,1,1.00,SÉRGIO POÇAS,0,fuzzy:1.00 dates:2011-2014~2011-2014
Relator Nome Profissional,ANABELA LUNA DE CARVALHO,41,1,1.00,ANABELA LUNA DE CARVALHO,0,fuzzy:1.00 dates:2024-2026~2024-2026
Relator Nome Profissional,CARLINDO COSTA,41,1,1.00,CARLINDO COSTA,0,fuzzy:1.00 dates:1996-1999~1996-1999
Relator Nome Profissional,MARTINS DE SOUSA,41,1,1.00,MARTINS DE SOUSA,0,fuzzy:1.00 dates:2011-2016~2011-2016
Relator Nome Profissional,PEDRO DONAS BOTTO,41,1,1.00,PEDRO DONAS BOTTO,0,fuzzy:1.00 dates:2025-2026~2025-2026
Relator Nome Profissional,ALVARES DE MOURA,40,1,1.00,ALVARES DE MOURA,0,fuzzy:1.00 dates:1976-1978~1976-1978
Relator Nome Profissional,BESSA PACHECO,40,1,1.00,BESSA PACHECO,0,fuzzy:1.00 dates:1994-1997~1994-1997
Relator Nome Profissional,JOÃO SILVA MIGUEL,40,1,1.00,JOÃO SILVA MIGUEL,0,fuzzy:1.00 dates:2014-2016~2014-2016
Relator Nome Profissional,PEREIRA DE MIRANDA,40,1,1.00,PEREIRA DE MIRANDA,0,fuzzy:1.00 dates:1985-1987~1985-1987
Relator Nome Profissional,RUI BRITO,40,1,1.00,RUI BRITO,0,fuzzy:1.00 dates:1989-1991~1989-1991
Relator Nome Profissional,SA GOMES,40,1,1.00,SÁ GOMES,0,fuzzy:1.00 dates:1980-1982~1980-1982
Relator Nome Profissional,SALRETA PEREIRA,40,1,1.00,SALRETA PEREIRA,0,fuzzy:1.00 dates:2005-2018~2005-2018
Relator Nome Profissional,NOEL PINTO,39,1,1.00,NOEL PINTO,0,fuzzy:1.00 dates:1991-1992~1991-1992
Relator Nome Profissional,NORONHA NASCIMENTO,39,1,1.00,NORONHA DO NASCIMENTO,0,fuzzy:1.00 dates:1997-2006~1996-2006
Relator Nome Profissional,ADELAIDE MAGALHÃES SEQUEIRA,38,1,1.00,ADELAIDE MAGALHÃES SEQUEIRA,0,fuzzy:1.00 dates:2021-2022~2021-2022
Relator Nome Profissional,ANTÓNIO LATAS,38,1,1.00,ANTÓNIO LATAS,0,fuzzy:1.00 dates:2023-2025~1988-2025
Relator Nome Profissional,BARROS DE SEQUEIROS,38,1,1.00,BARROS DE SEQUEIROS,0,fuzzy:1.00 dates:1989-1990~1986-1990
Relator Nome Profissional,COSTA MORTÁGUA,38,1,1.00,COSTA MORTÁGUA,0,fuzzy:1.00 dates:2001-2007~2001-2007
Relator Nome Profissional,FRANCO DE SÁ,38,1,1.00,FRANCO DE SÁ,0,fuzzy:1.00 dates:2000-2003~2000-2003
Relator Nome Profissional,GIL ROQUE,38,1,1.00,GIL ROQUE,0,fuzzy:1.00 dates:2007-2007~2007-2007
Relator Nome Profissional,GONÇALVES PEREIRA,38,1,1.00,GONÇALVES PEREIRA,0,fuzzy:1.00 dates:1957-2005~1957-2021
Relator Nome Profissional,RUI GUIMARÃES,38,1,1.00,RUI GUIMARÃES,0,fuzzy:1.00 dates:1969-1970~1969-1970
Relator Nome Profissional,AFONSO HENRIQUE,37,1,1.00,AFONSO HENRIQUE,0,fuzzy:1.00 dates:2022-2025~2022-2025
Relator Nome Profissional,ARAUJO DOS ANJOS,37,1,1.00,ARAÚJO DOS ANJOS,0,fuzzy:1.00 dates:1990-1996~1990-1996
Relator Nome Profissional,CORREIA GUEDES,37,1,1.00,CORREIA GUEDES,0,fuzzy:1.00 dates:1971-1977~1971-1977
Relator Nome Profissional,HELDER ALMEIDA,37,1,1.00,HELDER ALMEIDA,0,fuzzy:1.00 dates:2017-2019~2017-2019
Relator Nome Profissional,MOURA CRUZ,37,1,1.00,MOURA CRUZ,0,fuzzy:1.00 dates:1995-2001~1995-2001
Relator Nome Profissional,SENRA MALGUEIRO,37,1,1.00,SENRA MALGUEIRO,0,fuzzy:1.00 dates:1984-1986~1984-1986
Relator Nome Profissional,JOAQUIM GONÇALVES,36,1,1.00,JOAQUIM GONÇALVES,0,fuzzy:1.00 dates:1986-1989~1986-1989
Relator Nome Profissional,JOSE MESQUITA,36,1,1.00,JOSÉ MESQUITA,0,fuzzy:1.00 dates:1997-1999~1997-2003
Relator Nome Profissional,MÁRIO MENDES,36,1,1.00,MÁRIO MENDES,0,fuzzy:1.00 dates:2008-2016~2008-2016
Relator Nome Profissional,RAIMUNDO QUEIRÓS,36,1,1.00,RAIMUNDO QUEIRÓS,0,fuzzy:1.00 dates:2019-2020~2019-2020
Relator Nome Profissional,ROQUE NOGUEIRA,36,1,1.00,ROQUE NOGUEIRA,0,fuzzy:1.00 dates:2016-2019~2016-2019
Relator Nome Profissional,GUIMARÃES DIAS,35,1,1.00,GUIMARÃES DIAS,0,fuzzy:1.00 dates:1992-2000~1992-2000
Relator Nome Profissional,VASCONCELOS CARVALHO,35,1,1.00,VASCONCELOS DE CARVALHO,0,fuzzy:1.00 dates:1983-1987~1980-1997
Relator Nome Profissional,CRISTINA COELHO,34,1,1.00,CRISTINA COELHO,0,fuzzy:1.00 dates:2024-2025~2024-2025
Relator Nome Profissional,MARIA MARGARIDA ALMEIDA,34,1,1.00,MARIA MARGARIDA ALMEIDA,0,fuzzy:1.00 dates:2025-2025~2025-2025
Relator Nome Profissional,TAVARES DOS SANTOS,34,1,1.00,TAVARES DOS SANTOS,0,fuzzy:1.00 dates:1989-1991~1989-1991
Relator Nome Profissional,DIAS GIRÃO,33,1,1.00,DIAS GIRÃO,0,fuzzy:1.00 dates:1996-1999~1996-1999
Relator Nome Profissional,FERREIRA DE SOUSA,33,1,1.00,FERREIRA DE SOUSA,0,fuzzy:1.00 dates:2001-2010~2001-2010
Relator Nome Profissional,MAXIMO GUIMARÃES,33,1,1.00,MÁXIMO GUIMARÃES,0,fuzzy:1.00 dates:1989-1992~1989-1992
Relator Nome Profissional,MELO BANDEIRA,33,1,1.00,MELO BANDEIRA,0,fuzzy:1.00 dates:1979-1989~1979-1989
Relator Nome Profissional,CARLOS PORTELA,32,1,1.00,CARLOS PORTELA,0,fuzzy:1.00 dates:2025-2026~2025-2026
Relator Nome Profissional,LÚCIO TEIXEIRA,32,1,1.00,LÚCIO TEIXEIRA,0,fuzzy:1.00 dates:1997-2000~1995-2000
Relator Nome Profissional,Francisco Caetano,31,1,1.00,FRANCISCO CAETANO,0,fuzzy:1.00 dates:2020-2020~2015-2021
Relator Nome Profissional,GELASIO ROCHA,31,1,1.00,GELASIO ROCHA,0,fuzzy:1.00 dates:1992-1994~1992-1994
Relator Nome Profissional,HERNANI LENCASTRE,31,1,1.00,HERNÂNI DE LENCASTRE,0,fuzzy:1.00 dates:1977-1980~1977-1980
Relator Nome Profissional,ABÍLIO DE VASCONCELOS,30,1,1.00,Abílio Vasconcelos,0,fuzzy:1.00 dates:1999-2006~1996-2012
Relator Nome Profissional,FERNANDO VENTURA,30,1,1.00,FERNANDO VENTURA,0,fuzzy:1.00 dates:2025-2026~2025-2026
Relator Nome Profissional,JOÃO TRINDADE,30,1,1.00,JOÃO TRINDADE,0,fuzzy:1.00 dates:2012-2017~1989-2017
Relator Nome Profissional,VINÍCIO RIBEIRO,30,1,1.00,VINÍCIO RIBEIRO,0,fuzzy:1.00 dates:2017-2019~2017-2019
Relator Nome Profissional,BRITO CÂMARA,28,1,1.00,BRITO CÂMARA,0,fuzzy:1.00 dates:1994-2000~1992-2000
Relator Nome Profissional,CARDOSO DE ALBUQUERQUE,28,1,1.00,CARDOSO ALBUQUERQUE,0,fuzzy:1.00 dates:2008-2010~2008-2010
Relator Nome Profissional,HELENA FAZENDA,27,1,1.00,HELENA FAZENDA,0,fuzzy:1.00 dates:2021-2022~2021-2022
Relator Nome Profissional,LÁZARO FARIA,27,1,1.00,LÁZARO FARIA,0,fuzzy:1.00 dates:2008-2010~2008-2010
Relator Nome Profissional,Manuel Augusto de Matos,27,1,1.00,MANUEL AUGUSTO DE MATOS,0,fuzzy:1.00 dates:2020-2020~2015-2021
Relator Nome Profissional,HENRIQUES SIMÕES,26,1,1.00,HENRIQUES SIMÕES,0,fuzzy:1.00 dates:1980-1982~1980-1982
Relator Nome Profissional,Margarida Blasco,26,1,1.00,MARGARIDA BLASCO,0,fuzzy:1.00 dates:2020-2020~2019-2021
Relator Nome Profissional,LEONEL SERÔDIO,25,1,1.00,LEONEL SERÔDIO,0,fuzzy:1.00 dates:2023-2024~2023-2024
Relator Nome Profissional,MARGARIDA RAMOS DE ALMEIDA,25,1,1.00,MARGARIDA RAMOS DE ALMEIDA,0,fuzzy:1.00 dates:2025-2026~2025-2026
Relator Nome Profissional,Maria da Graça Trigo,25,1,1.00,MARIA DA GRAÇA TRIGO,0,fuzzy:1.00 dates:2020-2020~2015-2026
Relator Nome Profissional,Maria do Rosário Morgado,25,1,1.00,MARIA DO ROSÁRIO MORGADO,0,fuzzy:1.00 dates:2020-2020~2017-2021
Relator Nome Profissional,VERA JARDIM,25,1,1.00,VERA JARDIM,0,fuzzy:1.00 dates:1966-1980~1966-1980
Relator Nome Profissional,ABEL FREIRE,24,1,1.00,ABEL FREIRE,0,fuzzy:1.00 dates:2001-2002~2001-2002
Relator Nome Profissional,ABILIO DE VASCONCELOS,24,1,1.00,Abílio Vasconcelos,0,fuzzy:1.00 dates:1996-2006~1996-2012
Relator Nome Profissional,CABRAL TAVARES,24,1,1.00,CABRAL TAVARES,0,fuzzy:1.00 dates:2017-2018~2017-2018
Relator Nome Profissional,Catarina Serra,24,1,1.00,CATARINA SERRA,0,fuzzy:1.00 dates:2020-2020~2018-2026
Relator Nome Profissional,EMÍDIO SANTOS,24,1,1.00,EMÍDIO SANTOS,0,fuzzy:1.00 dates:2023-2026~1934-2026
Relator Nome Profissional,PEREIRA RODRIGUES,24,1,1.00,PEREIRA RODRIGUES,0,fuzzy:1.00 dates:2011-2012~2011-2012
Relator Nome Profissional,RUI MACHADO E MOURA,24,1,1.00,RUI MACHADO E MOURA,0,fuzzy:1.00 dates:2024-2025~2024-2025
Relator Nome Profissional,BRAGA THEMIDO,23,1,1.00,BRAGA THEMIDO,0,fuzzy:1.00 dates:1986-1987~1986-1987
Relator Nome Profissional,JOAQUIM DE MELO,23,1,1.00,JOAQUIM DE MELO,0,fuzzy:1.00 dates:1966-1970~1966-1970
Relator Nome Profissional,JOSE GIRÃO,23,1,1.00,JOSÉ GIRÃO,0,fuzzy:1.00 dates:1996-1998~1996-2000
Relator Nome Profissional,LUÍS CORREIA DE MENDONÇA,23,1,1.00,LUÍS CORREIA DE MENDONÇA,0,fuzzy:1.00 dates:2025-2026~2024-2026
Relator Nome Profissional,Maria Olinda Garcia,23,1,1.00,MARIA OLINDA GARCIA,0,fuzzy:1.00 dates:2020-2020~2017-2026
Relator Nome Profissional,SAMPAIO GOMES,23,1,1.00,SAMPAIO GOMES,0,fuzzy:1.00 dates:2011-2012~2011-2012
Relator Nome Profissional,TEIXEIRA DE ANDRADE,23,1,1.00,TEIXEIRA DE ANDRADE,0,fuzzy:1.00 dates:1966-1968~1966-1968
Relator Nome Profissional,JOSÉ PIEDADE,22,1,1.00,JOSÉ PIEDADE,0,fuzzy:1.00 dates:2025-2026~2025-2026
Relator Nome Profissional,AZEVEDO FERREIRA,21,1,1.00,AZEVEDO FERREIRA,0,fuzzy:1.00 dates:1979-1981~1979-1981
Relator Nome Profissional,BORGES SOEIRO,21,1,1.00,BORGES SOEIRO,0,fuzzy:1.00 dates:2004-2007~2004-2007
Relator Nome Profissional,CORTEZ NEVES,21,1,1.00,CORTEZ NEVES,0,fuzzy:1.00 dates:1990-1995~1990-1995
Relator Nome Profissional,PAULA LEAL DE CARVALHO,21,1,1.00,PAULA LEAL DE CARVALHO,0,fuzzy:1.00 dates:2024-2025~2024-2025
Relator Nome Profissional,SOARES RAMOS,21,1,1.00,SOARES RAMOS,0,fuzzy:1.00 dates:2008-2010~2008-2010
Relator Nome Profissional,António Leones Dantas,20,1,1.00,ANTÓNIO LEONES DANTAS,0,fuzzy:1.00 dates:2020-2020~2012-2020
Relator Nome Profissional,Chambel Mourisco,20,1,0.94,CHAMABEL MOURISCO,0,fuzzy:0.94 dates:2020-2020~2017-2022
Relator Nome Profissional,FREDERICO CARVALHÃO,20,1,1.00,FREDERICO CARVALHÃO,0,fuzzy:1.00 dates:1989-1990~1989-1990
Relator Nome Profissional,Fátima Gomes,20,1,1.00,FATIMA GOMES,0,fuzzy:1.00 dates:2020-2020~2017-2026
Relator Nome Profissional,LUIS ESPIRITO SANTO,20,1,1.00,LUÍS ESPÍRITO SANTO,0,fuzzy:1.00 dates:2025-2026~2021-2026
Relator Nome Profissional,Lopes da Mota,20,1,1.00,LOPES DA MOTA,0,fuzzy:1.00 dates:2020-2020~2017-2026
Relator Nome Profissional,Nuno Pinto Oliveira,20,1,1.00,NUNO PINTO DE OLIVEIRA,0,fuzzy:1.00 dates:2020-2020~2019-2026
Relator Nome Profissional,RODRIGUES DOS SANTOS,20,1,1.00,RODRIGUES DOS SANTOS,0,fuzzy:1.00 dates:2006-2010~2006-2010
Relator Nome Profissional,SÁ NOGUEIRA,20,1,1.00,SÁ NOGUEIRA,0,fuzzy:1.00 dates:1993-2000~1989-2000
Relator Nome Profissional,BOTELHO DE SOUSA,19,1,1.00,BOTELHO DE SOUSA,0,fuzzy:1.00 dates:1975-1980~1975-1980
Relator Nome Profissional,DIOGO FERNANDES,19,1,1.00,DIOGO FERNANDES,0,fuzzy:1.00 dates:2001-2002~2001-2002
Relator Nome Profissional,Henrique Araújo,19,1,1.00,HENRIQUE ARAÚJO,0,fuzzy:1.00 dates:2020-2020~2017-2022
Relator Nome Profissional,HÉLDER ROQUE,19,1,1.00,HELDER ROQUE,0,fuzzy:1.00 dates:2008-2016~2008-2018
Relator Nome Profissional,MARIA DA GRAÇA SANTOS SILVA,19,1,1.00,MARIA DA GRAÇA SANTOS SILVA,0,fuzzy:1.00 dates:2025-2026~2025-2026
Relator Nome Profissional,MATOS NAMORA,19,1,1.00,MATOS NAMORA,0,fuzzy:1.00 dates:1996-1998~1996-1998
Relator Nome Profissional,Oliveira Abreu,19,1,1.00,OLIVEIRA ABREU,0,fuzzy:1.00 dates:2020-2020~2018-2026
Relator Nome Profissional,Rosa Tching,19,1,1.00,ROSA TCHING,0,fuzzy:1.00 dates:2020-2020~2016-2022
Relator Nome Profissional,ALBUQUERQUE BETTENCOURT,18,1,1.00,ALBUQUERQUE BETTENCOURT,0,fuzzy:1.00 dates:1974-1975~1974-1975
Relator Nome Profissional,COUTO MENDONÇA,18,1,1.00,COUTO MENDONÇA,0,fuzzy:1.00 dates:1992-1998~1992-1998
Relator Nome Profissional,Jorge Dias,18,1,1.00,JORGE DIAS,0,fuzzy:1.00 dates:2020-2020~2019-2023
Relator Nome Profissional,Maria João Vaz Tomé,18,1,1.00,MARIA JOÃO VAZ TOMÉ,0,fuzzy:1.00 dates:2020-2020~2018-2025
Relator Nome Profissional,ADELINA BARRADAS OLIVEIRA,17,1,1.00,ADELINA BARRADAS DE OLIVEIRA,0,fuzzy:1.00 dates:2025-2026~2025-2026
Relator Nome Profissional,António Clemente Lima,17,1,1.00,ANTÓNIO CLEMENTE LIMA,0,fuzzy:1.00 dates:2020-2020~2018-2021
Relator Nome Profissional,António Magalhães,17,1,1.00,ANTÓNIO MAGALHÃES,0,fuzzy:1.00 dates:2020-2020~2019-2026
Relator Nome Profissional,Ilídio Sacarrão Martins,17,1,1.00,ILÍDIO SACARRÃO MARTINS,0,fuzzy:1.00 dates:2020-2020~2018-2021
Relator Nome Profissional,MENDES CARVALHÃO,17,1,1.00,MENDES CARVALHÃO,0,fuzzy:1.00 dates:1989-1989~1989-1989
Relator Nome Profissional,Paulo Ferreira da Cunha,17,1,1.00,PAULO FERREIRA DA CUNHA,0,fuzzy:1.00 dates:2020-2020~2019-2023
Relator Nome Profissional,BELARMINO CERQUEIRA,16,1,1.00,BELARMINO CERQUEIRA,0,fuzzy:1.00 dates:1984-1985~1984-1985
Relator Nome Profissional,FOLQUE GOUVEIA,16,1,1.00,FOLQUE GOUVEIA,0,fuzzy:1.00 dates:1992-1994~1992-1994
Relator Nome Profissional,JÚLIO PEREIRA,16,1,1.00,JÚLIO PEREIRA,0,fuzzy:1.00 dates:2018-2019~2018-2020
Relator Nome Profissional,LUIS FONSECA,16,1,1.00,LUÍS FONSECA,0,fuzzy:1.00 dates:2000-2004~1999-2005
Relator Nome Profissional,Pinto de Almeida,16,1,1.00,PINTO DE ALMEIDA,0,fuzzy:1.00 dates:2020-2020~2014-2022
Relator Nome Profissional,Raimundo Queirós,16,1,1.00,RAIMUNDO QUEIRÓS,0,fuzzy:1.00 dates:2020-2020~2019-2020
Relator Nome Profissional,AMÉLIA ALVES RIBEIRO,15,1,1.00,AMÉLIA ALVES RIBEIRO,0,fuzzy:1.00 dates:2023-2025~2021-2025
Relator Nome Profissional,Acácio das Neves,15,1,0.94,ACÁCIO DAS NEVEZ,1,fuzzy:0.94 dates:2020-2020~2018-2021 SURNAME?
Relator Nome Profissional,Bernardo Domingos,15,1,1.00,BERNARDO DOMINGOS,0,fuzzy:1.00 dates:2020-2020~2018-2021
Relator Nome Profissional,JOSÉ FETEIRA,15,1,1.00,JOSÉ FETEIRA,0,fuzzy:1.00 dates:2020-2021~2020-2021
Relator Nome Profissional,LEOPOLDO SOARES,15,1,1.00,LEOPOLDO SOARES,0,fuzzy:1.00 dates:2025-2026~2025-2026
Relator Nome Profissional,Assunção Raimundo,14,1,1.00,ASSUNÇÃO RAIMUNDO,0,fuzzy:1.00 dates:2020-2020~2019-2020
Relator Nome Profissional,CASTANHEIRA DA COSTA,14,1,1.00,CASTANHEIRA COSTA,0,fuzzy:1.00 dates:1993-1994~1993-1994
Relator Nome Profissional,DIAS GARCIA,14,1,1.00,DIAS GARCIA,0,fuzzy:1.00 dates:1979-1985~1979-1985
Relator Nome Profissional,Júlio Gomes,14,1,1.00,JÚLIO GOMES,0,fuzzy:1.00 dates:2020-2020~2015-2026
Relator Nome Profissional,MARIA JOSÉ MOURO,14,1,1.00,MARIA JOSÉ MOURO,0,fuzzy:1.00 dates:2023-2023~2023-2023
Relator Nome Profissional,MOREIRA DA FONSECA,14,1,1.00,MOREIRA DA FONSECA,0,fuzzy:1.00 dates:1979-1990~1979-1990
Relator Nome Profissional,Nuno Gomes da Silva,14,1,1.00,NUNO GOMES DA SILVA,0,fuzzy:1.00 dates:2020-2020~2015-2020
Relator Nome Profissional,SA COIMBRA,14,1,1.00,SÁ COIMBRA,0,fuzzy:1.00 dates:1986-1986~1986-1986
Relator Nome Profissional,ÓSCAR CATROLA,14,1,1.00,ÓSCAR CATROLA,0,fuzzy:1.00 dates:2000-2001~2000-2001
Relator Nome Profissional,ABILIO VASCONCELOS,13,1,1.00,Abílio Vasconcelos,0,fuzzy:1.00 dates:1997-2010~1996-2012
Relator Nome Profissional,ANTÓNIO DA SILVA GONÇALVES,13,1,1.00,ANTÓNIO DA SILVA GONÇALVES,0,fuzzy:1.00 dates:2014-2017~2014-2017
Relator Nome Profissional,Abrantes Geraldes,13,1,1.00,ABRANTES GERALDES,0,fuzzy:1.00 dates:2020-2020~2012-2022
Relator Nome Profissional,BARRETO NUNES,13,1,1.00,BARRETO NUNES,0,fuzzy:1.00 dates:2010-2010~2010-2010
Relator Nome Profissional,Fernando Samões,13,1,1.00,FERNANDO SAMÕES,0,fuzzy:1.00 dates:2020-2020~2019-2022
Relator Nome Profissional,LUIS GARCIA,13,1,1.00,LUIS GARCIA,0,fuzzy:1.00 dates:1984-1985~1984-1985
Relator Nome Profissional,MOTA MIRANDA,13,1,1.00,MOTA MIRANDA,0,fuzzy:1.00 dates:2006-2008~2006-2008
Relator Nome Profissional,PIRES ROBALO,13,1,1.00,PIRES ROBALO,0,fuzzy:1.00 dates:2025-2025~2025-2025
Relator Nome Profissional,Pedro de Lima Gonçalves,13,1,1.00,PEDRO DE LIMA GONÇALVES,0,fuzzy:1.00 dates:2020-2020~2017-2025
Relator Nome Profissional,TERESA ALBUQUERQUE,13,1,1.00,TERESA ALBUQUERQUE,0,fuzzy:1.00 dates:2024-2025~2024-2025
Relator Nome Profissional,Teresa Féria,13,1,1.00,TERESA FÉRIA,0,fuzzy:1.00 dates:2020-2020~2020-2024
Relator Nome Profissional,ANTÓNIO DOMINGOS PIRES ROBALO,12,1,0.94,ANTÓNIO DOIMNGOS PIRES ROBALO,0,fuzzy:0.94 dates:2025-2026~2025-2026
Relator Nome Profissional,BARATA FIGUEIRA,12,1,1.00,BARATA FIGUEIRA,0,fuzzy:1.00 dates:1999-2001~1999-2001
Relator Nome Profissional,CARLOS ALMEIDA,12,1,1.00,CARLOS ALMEIDA,0,fuzzy:1.00 dates:2017-2019~2017-2020
Relator Nome Profissional,DINIS ROLDÃO,12,1,1.00,DINIS ROLDÃO,0,fuzzy:1.00 dates:2001-2003~2001-2003
Relator Nome Profissional,GONÇALO SILVANO,12,1,1.00,GONÇALO SILVANO,0,fuzzy:1.00 dates:2010-2010~2010-2010
Relator Nome Profissional,JOÃO GUERRA,12,1,1.00,JOÃO GUERRA,0,fuzzy:1.00 dates:2021-2021~2021-2021
Relator Nome Profissional,José Rainho,12,1,1.00,JOSÉ RAINHO,0,fuzzy:1.00 dates:2020-2020~2015-2023
Relator Nome Profissional,NUNES RIBEIRO,12,1,1.00,NUNES RIBEIRO,0,fuzzy:1.00 dates:2017-2017~2017-2017
Relator Nome Profissional,Olindo Geraldes,12,1,1.00,OLINDO GERALDES,0,fuzzy:1.00 dates:2020-2020~2016-2021
Relator Nome Profissional,SOUSA PINTO,12,1,1.00,SOUSA PINTO,0,fuzzy:1.00 dates:2023-2023~2023-2023
Relator Nome Profissional,ANA PARAMÉS,11,1,1.00,ANA PARAMÉS,0,fuzzy:1.00 dates:2025-2025~2025-2025
Relator Nome Profissional,ANTERO LUIS,11,1,1.00,ANTERO LUIS,0,fuzzy:1.00 dates:2024-2025~2024-2026
Relator Nome Profissional,ANTUNES GRANCHO,11,1,1.00,ANTUNES GRANCHO,0,fuzzy:1.00 dates:2001-2003~2001-2003
Relator Nome Profissional,Ana Paula Boularot,11,1,1.00,ANA PAULA BOULAROT,0,fuzzy:1.00 dates:2020-2020~2012-2022
Relator Nome Profissional,FRANCISCO MARCOLINO,11,1,1.00,FRANCISCO MARCOLINO,0,fuzzy:1.00 dates:2022-2022~2022-2022
Relator Nome Profissional,Gabriel Catarino,11,1,1.00,GABRIEL CATARINO,0,fuzzy:1.00 dates:2020-2020~2011-2021
Relator Nome Profissional,MARQUES PEREIRA,11,1,1.00,MARQUES PEREIRA,0,fuzzy:1.00 dates:2011-2013~2011-2013
Relator Nome Profissional,Rosa Ribeiro Coelho,11,1,1.00,ROSA RIBEIRO COELHO,0,fuzzy:1.00 dates:2020-2020~2017-2020
Relator Nome Profissional,Tomé Gomes,11,1,1.00,TOMÉ GOMES,0,fuzzy:1.00 dates:2020-2020~2015-2022
Relator Nome Profissional,ALMEIDA BORGES,10,1,1.00,ALMEIDA BORGES,0,fuzzy:1.00 dates:1974-1980~1974-1980
Relator Nome Profissional,Graça Amaral,10,1,1.00,GRAÇA AMARAL,0,fuzzy:1.00 dates:2020-2020~2017-2026
Relator Nome Profissional,ILIDIO SACARRÃO MARTINS,10,1,1.00,ILÍDIO SACARRÃO MARTINS,0,fuzzy:1.00 dates:2018-2021~2018-2021
Relator Nome Profissional,Paula Sá Fernandes,10,1,1.00,PAULA SÁ FERNANDES,0,fuzzy:1.00 dates:2020-2020~2019-2022
Relator Nome Profissional,Pires da Graça,10,1,1.00,PIRES DA GRAÇA,0,fuzzy:1.00 dates:2020-2020~2007-2020
Relator Nome Profissional,ASSUNÇÃO RAIMUNDO,9,1,1.00,ASSUNÇÃO RAIMUNDO,0,fuzzy:1.00 dates:2019-2020~2019-2020
Relator Nome Profissional,CRISTINA SOARES,9,1,1.00,CRISTINA SOARES,0,fuzzy:1.00 dates:2026-2026~2026-2026
Relator Nome Profissional,FREITAS NETO,9,1,1.00,FREITAS NETO,0,fuzzy:1.00 dates:2022-2022~2022-2022
Relator Nome Profissional,J. SANTOS CARVALHO,9,1,1.00,J. SANTOS CARVALHO,0,fuzzy:1.00 dates:1969-1973~1966-2013
Relator Nome Profissional,NUNO PINTO DE OLIVEIRA,9,1,1.00,NUNO PINTO DE OLIVEIRA,0,fuzzy:1.00 dates:2019-2025~2019-2026
Relator Nome Profissional,VITOR MESQUITA,9,1,1.00,VÍTOR MESQUITA,0,fuzzy:1.00 dates:2001-2002~2000-2005
Relator Nome Profissional,ABILIO VALVERDE,8,1,1.00,ABÍLIO VALVERDE,0,fuzzy:1.00 dates:1988-1990~1988-1990
Relator Nome Profissional,Carlos Almeida,8,1,1.00,CARLOS ALMEIDA,0,fuzzy:1.00 dates:2020-2020~2017-2020
Relator Nome Profissional,DIAS BRAVO,8,1,1.00,DIAS BRAVO,0,fuzzy:1.00 dates:2000-2003~2000-2003
Relator Nome Profissional,FERNANDES DE MAGALHÃES,8,1,1.00,FERNANDES MAGALHÃES,0,fuzzy:1.00 dates:1995-2005~1992-2022
Relator Nome Profissional,SIMÕES DE CARVALHO,8,1,1.00,SIMÕES DE CARVALHO,0,fuzzy:1.00 dates:1964-1964~1964-1964
Relator Nome Profissional,ALBERTO TOSCANO,7,1,1.00,ALBERTO TOSCANO,0,fuzzy:1.00 dates:1964-1966~1964-1966
Relator Nome Profissional,ALVES CARDOSO,7,1,1.00,ALVES CARDOSO,0,fuzzy:1.00 dates:1993-2008~1993-2008
Relator Nome Profissional,CRUZ VASCONCELOS,7,1,1.00,CRUZ VASCONCELOS,0,fuzzy:1.00 dates:1989-1989~1989-1989
Relator Nome Profissional,Conceição Gomes,7,1,1.00,CONCEIÇÃO GOMES,0,fuzzy:1.00 dates:2020-2020~2018-2023
Relator Nome Profissional,Ferreira Lopes,7,1,1.00,FERREIRA LOPES,0,fuzzy:1.00 dates:2020-2020~2020-2026
Relator Nome Profissional,Isabel São Marcos,7,1,1.00,ISABEL SÃO MARCOS,0,fuzzy:1.00 dates:2020-2020~2013-2021
Relator Nome Profissional,JOSE MONTENEGRO,7,1,1.00,JOSÉ MONTENEGRO,0,fuzzy:1.00 dates:1975-1989~1975-1989
Relator Nome Profissional,LUÍS ESPIRITO SANTO,7,1,1.00,LUÍS ESPÍRITO SANTO,0,fuzzy:1.00 dates:2026-2026~2021-2026
Relator Nome Profissional,PEDRO LIMA GONÇALVES,7,1,1.00,PEDRO DE LIMA GONÇALVES,0,fuzzy:1.00 dates:2019-2023~2017-2025
Relator Nome Profissional,VICTOR MESQUITA,7,1,0.93,VÍTOR MESQUITA,0,fuzzy:0.93 dates:2000-2002~2000-2005
Relator Nome Profissional,ANA LUISA GERALDES,6,1,1.00,ANA LUÍSA GERALDES,0,fuzzy:1.00 dates:2015-2017~2015-2017
Relator Nome Profissional,ANTONIO DE MATOS,6,1,1.00,ANTÓNIO DE MATOS,0,fuzzy:1.00 dates:1989-1990~1989-1990
Relator Nome Profissional,ANTÓNIO COLAÇO,6,1,1.00,ANTÓNIO COLAÇO,0,fuzzy:1.00 dates:2007-2008~2007-2008
Relator Nome Profissional,ARMANDO BASTOS,6,1,1.00,ARMANDO BASTOS,0,fuzzy:1.00 dates:1989-1990~1989-1990
Relator Nome Profissional,CRUZ ALVURA,6,1,1.00,CRUZ ALVURA,0,fuzzy:1.00 dates:1946-1954~1946-1954
Relator Nome Profissional,CUNHA FERREIRA,6,1,1.00,CUNHA FERREIRA,0,fuzzy:1.00 dates:1968-1969~1968-1969
Relator Nome Profissional,CÉSAR MARQUES,6,1,1.00,CÉSAR MARQUES,0,fuzzy:1.00 dates:1996-1997~1990-1998
Relator Nome Profissional,DINIS NUNES,6,1,0.91,DINIZ NUNES,0,fuzzy:0.91 dates:1997-2002~1997-2002
Relator Nome Profissional,EDUARDA BRANQUINHO,6,1,1.00,EDUARDA BRANQUINHO,0,fuzzy:1.00 dates:2025-2026~2025-2026
Relator Nome Profissional,JOAQUIM DE FIGUEIREDO,6,1,1.00,JOAQUIM DE FIGUEIREDO,0,fuzzy:1.00 dates:1981-1988~1980-1990
Relator Nome Profissional,JULIO SANTOS,6,1,1.00,JÚLIO SANTOS,0,fuzzy:1.00 dates:1987-1988~1987-1988
Relator Nome Profissional,João Bernardo,6,1,1.00,JOÃO BERNARDO,0,fuzzy:1.00 dates:2020-2020~2005-2020
Relator Nome Profissional,RUI MAURÍCIO,6,1,1.00,RUI MAURÍCIO,0,fuzzy:1.00 dates:2007-2008~2007-2008
Relator Nome Profissional,ARAUJO DOS SANTOS,5,1,1.00,ARAÚJO DOS SANTOS,0,fuzzy:1.00 dates:1993-1995~1993-1995
Relator Nome Profissional,CAMPELO DE ANDRADE,5,1,1.00,CAMPELO DE ANDRADE,0,fuzzy:1.00 dates:1950-1954~1950-1954
Relator Nome Profissional,CORREIA DE LIMA,5,1,1.00,CORREIA DE LIMA,0,fuzzy:1.00 dates:1995-1996~1994-1996
Relator Nome Profissional,DOMINGOS GONÇALVES,5,1,1.00,DOMINGOS GONÇALVES,0,fuzzy:1.00 dates:1967-1989~1967-1989
Relator Nome Profissional,EMIDIO FRANCISCO SANTOS,5,1,1.00,EMIDIO FRANCISCO SANTOS,0,fuzzy:1.00 dates:2026-2026~2025-2026
Relator Nome Profissional,FATIMA GOMES,5,1,1.00,FATIMA GOMES,0,fuzzy:1.00 dates:2025-2026~2017-2026
Relator Nome Profissional,GREGÓRIO DA SILVA JESUS,5,1,1.00,GREGÓRIO SILVA JESUS,0,fuzzy:1.00 dates:2011-2015~2011-2015
Relator Nome Profissional,JOÃO DO VALE,5,1,1.00,JOÃO DO VALE,0,fuzzy:1.00 dates:1979-1989~1979-1989
Relator Nome Profissional,JOÃO MAGALHÃES,5,1,1.00,JOÃO MAGALHÃES,0,fuzzy:1.00 dates:1994-1995~1994-1995
Relator Nome Profissional,Júlio Pereira,5,1,1.00,JÚLIO PEREIRA,0,fuzzy:1.00 dates:2020-2020~2018-2020
Relator Nome Profissional,LACERDA TINOCO,5,1,1.00,LACERDA TINOCO,0,fuzzy:1.00 dates:1988-1989~1988-1989
Relator Nome Profissional,LAURA LEONARDO,5,1,1.00,LAURA LEONARDO,0,fuzzy:1.00 dates:2005-2005~2005-2005
Relator Nome Profissional,LEONES DANTAS,5,1,1.00,LEONES DANTAS,0,fuzzy:1.00 dates:2012-2017~2012-2017
Relator Nome Profissional,LUIS FRANQUEIRA,5,1,1.00,LUIS FRANQUEIRA,0,fuzzy:1.00 dates:1985-1986~1985-1986
Relator Nome Profissional,NORONHA DE NASCIMENTO,5,1,1.00,NORONHA DO NASCIMENTO,0,fuzzy:1.00 dates:1997-1999~1996-2006
Relator Nome Profissional,Paulo Sá,5,1,1.00,PAULO SÁ,0,fuzzy:1.00 dates:2020-2020~2006-2020
Relator Nome Profissional,ROBERTO MARTINS,5,1,1.00,ROBERTO MARTINS,0,fuzzy:1.00 dates:1949-1955~1949-1955
Relator Nome Profissional,Ricardo Costa,5,1,1.00,RICARDO COSTA,0,fuzzy:1.00 dates:2020-2020~2019-2026
Relator Nome Profissional,SEQUEIRA DE CARVALHO,5,1,1.00,SEQUEIRA DE CARVALHO,0,fuzzy:1.00 dates:1980-1980~1980-1980
Relator Nome Profissional,SILVA CANCELA,5,1,1.00,SILVA CANCELA,0,fuzzy:1.00 dates:1991-1994~1991-1994
Relator Nome Profissional,SOUSA SEQUEIRA,5,1,1.00,SOUSA SEQUEIRA,0,fuzzy:1.00 dates:1989-1991~1989-1991
Relator Nome Profissional,ADELINA BARRADAS DE OLIVEIRA,4,1,1.00,ADELINA BARRADAS DE OLIVEIRA,0,fuzzy:1.00 dates:2025-2025~2025-2026
Relator Nome Profissional,ANTÓNIO SILVA GONÇALVES,4,1,1.00,ANTÓNIO DA SILVA GONÇALVES,0,fuzzy:1.00 dates:2015-2017~2014-2017
Relator Nome Profissional,CHMABEL MOURISCO,4,1,0.94,CHAMABEL MOURISCO,0,fuzzy:0.94 dates:2020-2020~2017-2022
Relator Nome Profissional,EDUARDO BATISTA,4,1,0.94,EDUARDO BAPTISTA,0,fuzzy:0.94 dates:2000-2002~2000-2003
Relator Nome Profissional,ERNESTO CALEJO,4,1,1.00,ERNESTO CALEJO,0,fuzzy:1.00 dates:2017-2017~2017-2024
Relator Nome Profissional,FERNANDO FROÍS,4,1,1.00,FERNANDO FRÓIS,0,fuzzy:1.00 dates:2009-2010~2008-2010
Relator Nome Profissional,GUSMÃO DE MEDEIROS,4,1,1.00,GUSMÃO DE MEDEIROS,0,fuzzy:1.00 dates:1994-1995~1994-1995
Relator Nome Profissional,JOSÉ GIRÃO,4,1,1.00,JOSÉ GIRÃO,0,fuzzy:1.00 dates:1996-2000~1996-2000
Relator Nome Profissional,JOSÉ RAÍNHO,4,1,1.00,JOSÉ RAINHO,0,fuzzy:1.00 dates:2015-2019~2015-2023
Relator Nome Profissional,JULIO PEREIRA,4,1,1.00,JÚLIO PEREIRA,0,fuzzy:1.00 dates:2018-2019~2018-2020
Relator Nome Profissional,José Feteira,4,1,1.00,JOSÉ FETEIRA,0,fuzzy:1.00 dates:2020-2020~2020-2021
Relator Nome Profissional,LEAL-HENRIQUES,4,1,1.00,LEAL-HENRIQUES,0,fuzzy:1.00 dates:2002-2003~1997-2003
Relator Nome Profissional,MAGALHÃES BARROS,4,1,1.00,MAGALHÃES BARROS,0,fuzzy:1.00 dates:1941-1950~1938-1950
Relator Nome Profissional,MARIA DO CARMO DA SILVA DIAS,4,1,1.00,MARIA DO CARMO DA SILVA DIAS,0,fuzzy:1.00 dates:2024-2024~2021-2024
Relator Nome Profissional,MIRANDA MONTEIRO,4,1,1.00,MIRANDA MONTEIRO,0,fuzzy:1.00 dates:1941-1944~1941-1944
Relator Nome Profissional,NÉLSON BORGES CARNEIRO,4,1,1.00,NELSON BORGES CARNEIRO,0,fuzzy:1.00 dates:2026-2026~2023-2026
Relator Nome Profissional,PAIVA VASCONCELOS,4,1,1.00,PAIVA VASCONCELOS,0,fuzzy:1.00 dates:1986-1986~1986-1986
Relator Nome Profissional,PIEDADE REBELO,4,1,1.00,PIEDADE REBELO,0,fuzzy:1.00 dates:1954-1958~1954-1958
Relator Nome Profissional,PONCES DE CARVALHO,4,1,1.00,PONCES DE CARVALHO,0,fuzzy:1.00 dates:1934-1936~1934-1936
Relator Nome Profissional,SANTOS VITOR,4,1,0.92,SANTOS VICTOR,0,fuzzy:0.92 dates:1979-1983~1977-1983 SURNAME? confirmed:ai-review
Relator Nome Profissional,VICTOR ROCHA,4,1,1.00,VICTOR ROCHA,0,fuzzy:1.00 dates:1995-1996~1995-1996
Relator Nome Profissional,VINICIO RIBEIRO,4,1,1.00,VINÍCIO RIBEIRO,0,fuzzy:1.00 dates:2018-2019~2017-2019
Relator Nome Profissional,VIRGILIO DE OLIVEIRA,4,1,1.00,VIRGÍLIO OLIVEIRA,0,fuzzy:1.00 dates:1996-1999~1985-2003
Relator Nome Profissional,ABREU COUTINHO,3,1,1.00,ABREU COUTINHO,0,fuzzy:1.00 dates:1949-1953~1949-1953
Relator Nome Profissional,ALFREDO GONÇALVES PEREIRA,3,1,1.00,ALFREDO GONÇALVES PEREIRA,0,fuzzy:1.00 dates:2007-2007~2007-2023
Relator Nome Profissional,ALMEIDA MOURA,3,1,1.00,ALMEIDA MOURA,0,fuzzy:1.00 dates:1970-1970~1970-1970
Relator Nome Profissional,ANA COSTA PARAMÉS,3,1,1.00,ANA COSTA PARAMÉS,0,fuzzy:1.00 dates:2025-2025~2025-2025
Relator Nome Profissional,AREZ,3,1,1.00,AREZ,0,fuzzy:1.00 dates:1933-1936~1933-1936
Relator Nome Profissional,ARMINDO LUÍS,3,1,1.00,ARMINDO LUÍS,0,fuzzy:1.00 dates:2002-2003~2002-2009
Relator Nome Profissional,ARTUR RIBEIRO,3,1,1.00,ARTUR RIBEIRO,0,fuzzy:1.00 dates:1948-1949~1948-1949
Relator Nome Profissional,AVELINO LEITE,3,1,1.00,AVELINO LEITE,0,fuzzy:1.00 dates:1938-1940~1938-1940
Relator Nome Profissional,BORGES PINHO,3,1,1.00,BORGES PINHO,0,fuzzy:1.00 dates:2001-2003~1998-2003
Relator Nome Profissional,CARDOSO ALBUQUERQUE,3,1,1.00,CARDOSO ALBUQUERQUE,0,fuzzy:1.00 dates:2008-2010~2008-2010
Relator Nome Profissional,CARLOS VALVERDE,3,1,1.00,CARLOS VALVERDE,0,fuzzy:1.00 dates:2011-2011~2011-2011
Relator Nome Profissional,CUSTODIO MONTES,3,1,1.00,CUSTÓDIO MONTES,0,fuzzy:1.00 dates:2004-2007~2004-2010
Relator Nome Profissional,DINIZ ALVES,3,1,0.91,DINIS ALVES,0,fuzzy:0.91 dates:1997-1999~1994-2003
Relator Nome Profissional,DINIZ ROLDÃO,3,1,0.92,DINIS ROLDÃO,0,fuzzy:0.92 dates:2002-2003~2001-2003
Relator Nome Profissional,EDUARDO COIMBRA,3,1,1.00,EDUARDO COIMBRA,0,fuzzy:1.00 dates:1958-1963~1958-1963
Relator Nome Profissional,EMÍDIO FRANCISCO SANTOS,3,1,1.00,EMIDIO FRANCISCO SANTOS,0,fuzzy:1.00 dates:2025-2026~2025-2026
Relator Nome Profissional,FERANDO BAPTISTA,3,1,0.94,FERNANDO BAPTISTA,0,fuzzy:0.94 dates:2022-2024~2021-2026
Relator Nome Profissional,FERNANDO MAGALHÃES,3,1,0.89,FERNANDES MAGALHÃES,0,fuzzy:0.89 dates:1994-1996~1992-2022
Relator Nome Profissional,HENRIQUE SIMÕES,3,1,0.94,HENRIQUES SIMÕES,0,fuzzy:0.94 dates:1980-1981~1980-1982
Relator Nome Profissional,HORTA E VALE,3,1,1.00,HORTA E VALE,0,fuzzy:1.00 dates:1954-1957~1954-1957
Relator Nome Profissional,JAIME TOMÉ,3,1,1.00,JAIME TOMÉ,0,fuzzy:1.00 dates:1952-1954~1952-1954
Relator Nome Profissional,JOSE CAEIRO,3,1,1.00,JOSÉ CAEIRO,0,fuzzy:1.00 dates:1987-1987~1987-1987
Relator Nome Profissional,JOSE DOMINGOS,3,1,0.89,JOSÉ DOMINGUES,1,fuzzy:0.89 dates:1988-1989~1987-2025 AMBIGUOUS ~JOSÉ DOMINGUES(0.89)
Relator Nome Profissional,JOSE PEREIRA,3,1,1.00,JOSÉ PEREIRA,0,fuzzy:1.00 dates:1982-1996~1982-1996
Relator Nome Profissional,LENCASTRE DA VEIGA,3,1,1.00,LENCASTRE DA VEIGA,0,fuzzy:1.00 dates:1953-1956~1952-1956
Relator Nome Profissional,MANUEL AUGUSTO MATOS,3,1,1.00,MANUEL AUGUSTO DE MATOS,0,fuzzy:1.00 dates:2016-2017~2015-2021
Relator Nome Profissional,MARIA HELENA FAZENDA,3,1,1.00,MARIA HELENA FAZENDA,0,fuzzy:1.00 dates:2021-2022~2021-2022
Relator Nome Profissional,MIGUEL CRESPO,3,1,1.00,MIGUEL CRESPO,0,fuzzy:1.00 dates:1943-1945~1943-1945
Relator Nome Profissional,NUNO ATÍDE DAS NEVES,3,1,0.95,NUNO ATAÍDE DAS NEVES,0,fuzzy:0.95 dates:2023-2023~2022-2024
Relator Nome Profissional,OLIVEIRA DE CARVALHO,3,1,1.00,OLIVEIRA CARVALHO,0,fuzzy:1.00 dates:1978-1979~1973-1980
Relator Nome Profissional,PAULO SA,3,1,1.00,PAULO SÁ,0,fuzzy:1.00 dates:2006-2011~2006-2020
Relator Nome Profissional,REINO PIRES,3,1,1.00,REINO PIRES,0,fuzzy:1.00 dates:2007-2007~2007-2007
Relator Nome Profissional,ROSEIRA DE FIGUEIREDO,3,1,1.00,ROSEIRA DE FIGUEIREDO,0,fuzzy:1.00 dates:1981-1988~1981-1988
Relator Nome Profissional,Rijo Ferreira,3,1,1.00,RIJO FERREIRA,0,fuzzy:1.00 dates:2020-2020~2020-2023
Relator Nome Profissional,SEQUEIRA CARVALHO,3,1,1.00,SEQUEIRA DE CARVALHO,0,fuzzy:1.00 dates:1980-1980~1980-1980
Relator Nome Profissional,SILVA MONTEIRO,3,1,1.00,SILVA MONTEIRO,0,fuzzy:1.00 dates:1932-1935~1932-1935
Relator Nome Profissional,SIMASSANTOS,3,1,0.92,SIMAS SANTOS,0,fuzzy:0.92 dates:2000-2007~1999-2009 SURNAME? confirmed:ai-review
Relator Nome Profissional,TOVAR DE LEMOS,3,1,1.00,TOVAR DE LEMOS,0,fuzzy:1.00 dates:1964-1965~1964-1965
Relator Nome Profissional,TÁVORA VÍTOR,3,1,0.92,TÁVORA VICTOR,0,fuzzy:0.92 dates:2012-2015~2011-2018 SURNAME? confirmed:ai-review
Relator Nome Profissional,ACTAVIO GARCIA,2,1,0.93,OCTÁVIO GARCIA,0,fuzzy:0.93 dates:1980-1980~1977-1989
Relator Nome Profissional,ADOLFO COUTINHO,2,1,1.00,ADOLFO COUTINHO,0,fuzzy:1.00 dates:1940-1942~1940-1942
Relator Nome Profissional,AFONSO LIBERAL,2,1,1.00,AFONSO LIBERAL,0,fuzzy:1.00 dates:1982-1982~1982-1982
Relator Nome Profissional,AGOSTINHO FONTES,2,1,1.00,AGOSTINHO FONTES,0,fuzzy:1.00 dates:1957-1960~1957-1960
Relator Nome Profissional,ALBERTO NOGUEIRA,2,1,1.00,ALBERTO NOGUEIRA,0,fuzzy:1.00 dates:1971-1972~1971-1972
Relator Nome Profissional,ALBUQUERQUE SOUSA,2,1,1.00,ALBUQUERQUE DE SOUSA,0,fuzzy:1.00 dates:1991-1991~1987-1992
Relator Nome Profissional,ANA PUALA LOBO,2,1,0.87,ANA PAULA LOBO,0,fuzzy:0.87 dates:2023-2024~2022-2026
Relator Nome Profissional,ARAÚJOS BARROS,2,1,0.93,ARAÚJO BARROS,0,fuzzy:0.93 dates:2004-2004~204-2006
Relator Nome Profissional,ARLINDO MARTINS,2,1,1.00,ARLINDO MARTINS,0,fuzzy:1.00 dates:1963-1963~1963-1963
Relator Nome Profissional,AUGUSTO MARTINS,2,1,1.00,AUGUSTO MARTINS,0,fuzzy:1.00 dates:1993-1993~1993-1993
Relator Nome Profissional,AZEVEDO MENDES,2,1,1.00,AZEVEDO MENDES,0,fuzzy:1.00 dates:2023-2023~2023-2023
Relator Nome Profissional,B. VEIGA,2,1,1.00,B. VEIGA,0,fuzzy:1.00 dates:1935-1935~1935-1935
Relator Nome Profissional,BALTAZAR PINTO,2,1,1.00,BALTAZAR PINTO,0,fuzzy:1.00 dates:2018-2018~2018-2018
Relator Nome Profissional,BARATEIRO MARTINS,2,1,0.87,A. BARATEIRO MARTINS,0,fuzzy:0.87 dates:2021-2021~2021-2026
Relator Nome Profissional,BARBOSA VIANA,2,1,1.00,BARBOSA VIANA,0,fuzzy:1.00 dates:1961-1961~1961-1961
Relator Nome Profissional,BEÇA DE ARAGÃO,2,1,1.00,BEÇA DE ARAGÃO,0,fuzzy:1.00 dates:1954-1955~1954-1955
Relator Nome Profissional,BORDALO E SA,2,1,1.00,BORDALO E SÁ,0,fuzzy:1.00 dates:1951-1951~1951-1951
Relator Nome Profissional,BROCHADO BRADÃO,2,1,0.94,BROCHADO BRANDÃO,0,fuzzy:0.94 dates:1989-1989~1985-1992
Relator Nome Profissional,CAETANO GONÇALVES,2,1,1.00,CAETANO GONÇALVES,0,fuzzy:1.00 dates:1933-1933~1933-2025
Relator Nome Profissional,CARLOS ALVES,2,1,1.00,CARLOS ALVES,0,fuzzy:1.00 dates:1937-1941~1937-1941
Relator Nome Profissional,CASTANHEIRA COSTA,2,1,1.00,CASTANHEIRA COSTA,0,fuzzy:1.00 dates:1993-1994~1993-1994
Relator Nome Profissional,DIONISIO ALVES,2,1,1.00,DIONÍSIO ALVES,0,fuzzy:1.00 dates:1997-1997~1997-1997
Relator Nome Profissional,F TOSCANO PESSOA,2,1,1.00,F. TOSCANO PESSOA,0,fuzzy:1.00 dates:1960-1961~1959-1966
Relator Nome Profissional,FEREIRA DIAS,2,1,0.94,FERREIRA DIAS,0,fuzzy:0.94 dates:1992-1993~1988-1994
Relator Nome Profissional,FERNADES MAGALHÃES,2,1,0.95,FERNANDES MAGALHÃES,0,fuzzy:0.95 dates:1996-1996~1992-2022
Relator Nome Profissional,FERNANDO GIRÃO,2,1,1.00,FERNANDO GIRÃO,0,fuzzy:1.00 dates:2001-2001~2001-2001
Relator Nome Profissional,GOMES LEANDRO,2,1,1.00,GOMES LEANDRO,0,fuzzy:1.00 dates:1998-1999~1998-1999
Relator Nome Profissional,JOSE COIMBRA,2,1,1.00,JOSÉ COIMBRA,0,fuzzy:1.00 dates:1945-1945~1945-1945
Relator Nome Profissional,JOSE MAGALHAES,2,1,1.00,JOSÉ MAGALHÃES,0,fuzzy:1.00 dates:1991-1992~1990-1993
Relator Nome Profissional,JOSE SOEIRO,2,1,1.00,JOSÉ SOEIRO,0,fuzzy:1.00 dates:1989-1989~1989-1989
Relator Nome Profissional,JOÂO BERNARDO,2,1,1.00,JOÃO BERNARDO,0,fuzzy:1.00 dates:2007-2014~2005-2020
Relator Nome Profissional,JOÃO RAMIRES,2,1,1.00,JOÃO RAMIRES,0,fuzzy:1.00 dates:1996-1997~1996-1997
Relator Nome Profissional,LUIZ OSORIO,2,1,1.00,LUIZ OSORIO,0,fuzzy:1.00 dates:1940-1944~1940-1944
Relator Nome Profissional,MAGALHAES BAIÃO,2,1,1.00,MAGALHÃES BAIÃO,0,fuzzy:1.00 dates:1983-1986~1982-1987
Relator Nome Profissional,MARIA OILNDA GARCIA,2,1,0.89,MARIA OLINDA GARCIA,0,fuzzy:0.89 dates:2025-2025~2017-2026
Relator Nome Profissional,MARIO CARDOSO,2,1,1.00,MÁRIO CARDOSO,0,fuzzy:1.00 dates:1959-1961~1959-1961
Relator Nome Profissional,MATELLO DE NAPOLES,2,1,0.94,METELLO DE NÁPOLES,0,fuzzy:0.94 dates:1992-1996~1991-1997
Relator Nome Profissional,MÁRIO CANCELA,2,1,1.00,MÁRIO CANCELA,0,fuzzy:1.00 dates:1992-1997~1903-1998
Relator Nome Profissional,NELSON BORGES CAMEIRO,2,1,0.92,NELSON BORGES CARNEIRO,0,fuzzy:0.92 dates:2025-2025~2023-2026 SURNAME? confirmed:ai-review
Relator Nome Profissional,PAIS DE AMARAL,2,1,1.00,PAIS DE AMARAL,0,fuzzy:1.00 dates:2006-2006~2006-2006
Relator Nome Profissional,PEDRO SAMEIRO,2,1,1.00,PEDRO SAMEIRO,0,fuzzy:1.00 dates:1973-1973~1973-1973
Relator Nome Profissional,PEREIRA DE GRAÇA,2,1,1.00,PEREIRA DA GRAÇA,0,fuzzy:1.00 dates:1996-1998~1298-1999
Relator Nome Profissional,PONCE  DE LEÃO,2,1,1.00,PONCE DE LEÃO,0,fuzzy:1.00 dates:2002-2002~2001-2005
Relator Nome Profissional,RODRIGUES  DA COSTA,2,1,1.00,RODRIGUES DA COSTA,0,fuzzy:1.00 dates:2006-2007~2002-2014
Relator Nome Profissional,SILVA CURA,2,1,1.00,SILVA CURA,0,fuzzy:1.00 dates:1984-1984~1984-1984
Relator Nome Profissional,SIMÕES REDINHA,2,1,1.00,SIMÕES REDINHA,0,fuzzy:1.00 dates:2000-2000~2000-2000
Relator Nome Profissional,TEIXEIRA DIREITO,2,1,1.00,TEIXEIRA DIREITO,0,fuzzy:1.00 dates:1947-1947~1947-1947
Relator Nome Profissional,TEIXEIRA RIBEIRO,2,1,1.00,TEIXEIRA RIBEIRO,0,fuzzy:1.00 dates:2010-2010~2010-2010
Relator Nome Profissional,TINOCO DA ALMEIDA,2,1,1.00,TINOCO DE ALMEIDA,0,fuzzy:1.00 dates:1989-1989~1984-1989
Relator Nome Profissional,TÁVORA VÍCTOR,2,1,1.00,TÁVORA VICTOR,0,fuzzy:1.00 dates:2011-2011~2011-2018
Relator Nome Profissional,A VAZ PEREIRA,1,1,1.00,A. VAZ PEREIRA,0,fuzzy:1.00 dates:1960-1960~1960-1960
Relator Nome Profissional,ABILIO BRANDÃO,1,1,1.00,ABÍLIO BRANDÃO,0,fuzzy:1.00 dates:1998-1998~1998-1998
Relator Nome Profissional,ABILIO DE ANDRADE,1,1,1.00,ABÍLIO DE ANDRADE,0,fuzzy:1.00 dates:1937-1937~1937-1937
Relator Nome Profissional,ABRANTES GERLADES,1,1,0.88,ABRANTES GERALDES,0,fuzzy:0.88 dates:2020-2020~2012-2022 SURNAME? confirmed:ai-review
Relator Nome Profissional,ACACIO RIBEIRO,1,1,1.00,ACÁCIO RIBEIRO,0,fuzzy:1.00 dates:1980-1980~1980-1980
Relator Nome Profissional,ADRIANO FERNANDES,1,1,1.00,ADRIANO FERNANDES,0,fuzzy:1.00 dates:1939-1939~1939-1939
Relator Nome Profissional,AFONSO DE MELLO,1,1,0.93,AFONSO DE MELO,0,fuzzy:0.93 dates:1994-1994~1991-2004 SURNAME? confirmed:ai-review
Relator Nome Profissional,ALBUQUERQUE BARATA,1,1,1.00,ALBUQUERQUE BARATA,0,fuzzy:1.00 dates:1932-1932~1932-1932
Relator Nome Profissional,ALEXANDRE DE ARAGÃO,1,1,1.00,ALEXANDRE DE ARAGÃO,0,fuzzy:1.00 dates:1935-1935~1935-1935
Relator Nome Profissional,ALFEU CRUZ,1,1,1.00,ALFEU CRUZ,0,fuzzy:1.00 dates:1935-1935~1935-1935
Relator Nome Profissional,ALFREDO CARDOSO,1,1,1.00,ALFREDO CARDOSO,0,fuzzy:1.00 dates:1992-1992~1992-1992
Relator Nome Profissional,ALFREDO RODRIGUES,1,1,1.00,ALFREDO RODRIGUES,0,fuzzy:1.00 dates:1932-1932~1932-1932
Relator Nome Profissional,ALMEIDA DA SILVA,1,1,1.00,ALMEIDA E SILVA,0,fuzzy:1.00 dates:1995-1995~1994-1998
Relator Nome Profissional,ALMEIDA DEVESA,1,1,0.93,ALMEIDA DEVEZA,0,fuzzy:0.93 dates:1999-1999~1993-2000 SURNAME? confirmed:ai-review
Relator Nome Profissional,ALMEIDA SILVA,1,1,1.00,ALMEIDA E SILVA,0,fuzzy:1.00 dates:1994-1994~1994-1998
Relator Nome Profissional,ALVARO PONCES,1,1,1.00,ÁLVARO PONCES,0,fuzzy:1.00 dates:1950-1950~1950-1950
Relator Nome Profissional,ALVERES DE MOURA,1,1,0.94,ALVARES DE MOURA,0,fuzzy:0.94 dates:1977-1977~1976-1978
Relator Nome Profissional,ALVES CARMO,1,1,1.00,ALVES CARMO,0,fuzzy:1.00 dates:1994-1994~1994-1994
Relator Nome Profissional,ALVES PEIXITO,1,1,0.93,ALVES PEIXOTO,0,fuzzy:0.93 dates:1984-1984~1978-1989
Relator Nome Profissional,ALVES PEIXOTO.,1,1,1.00,ALVES PEIXOTO,0,fuzzy:1.00 dates:1980-1980~1978-1989
Relator Nome Profissional,AMADO LOPES,1,1,1.00,AMADO LOPES,0,fuzzy:1.00 dates:1992-1992~1992-1992
Relator Nome Profissional,AMAGO GOMES,1,1,0.91,AMADO GOMES,0,fuzzy:0.91 dates:1994-1994~1989-1995
Relator Nome Profissional,AMORIM GIRÃO,1,1,1.00,AMORIM GIRÃO,0,fuzzy:1.00 dates:1962-1962~1962-1962
Relator Nome Profissional,ANA BARATAB BRITO,1,1,0.95,ANA BARATA BRITO,0,fuzzy:0.95 dates:2024-2024~2021-2024
Relator Nome Profissional,ANA MARIA BARATA BRITO,1,1,1.00,ANA MARIA BARATA DE BRITO,0,fuzzy:1.00 dates:2022-2022~2021-2025
Relator Nome Profissional,ANA MARIA BARATA DE BRITO,1,1,1.00,ANA MARIA BARATA DE BRITO,0,fuzzy:1.00 dates:2024-2024~2021-2025
Relator Nome Profissional,ANA PAULA LEAL CARVALHO,1,1,1.00,ANA PAULA LEAL CARVALHO,0,fuzzy:1.00 dates:2024-2024~2024-2024
Relator Nome Profissional,ANA RESENTE,1,1,0.93,ANA RESENDE,0,fuzzy:0.93 dates:2023-2023~2022-2024
Relator Nome Profissional,ANTONIO FERNANDES,1,1,1.00,ANTÓNIO FERNANDES,0,fuzzy:1.00 dates:1976-1976~1975-1976
Relator Nome Profissional,ANTONIO JOAQUIM PIÇARRA,1,1,1.00,ANTÓNIO JOAQUIM PIÇARRA,0,fuzzy:1.00 dates:2012-2012~2012-2019
Relator Nome Profissional,ANTONIO LEONES DANTAS,1,1,1.00,ANTÓNIO LEONES DANTAS,0,fuzzy:1.00 dates:2017-2017~2012-2020
Relator Nome Profissional,ANTONIO MARÇAL,1,1,1.00,ANTÓNIO MARÇAL,0,fuzzy:1.00 dates:1988-1988~1988-1988
Relator Nome Profissional,ANTONIO TEIXEIRA CARMO,1,1,1.00,ANTÓNIO TEIXEIRA CARMO,0,fuzzy:1.00 dates:1992-1992~1992-2024
Relator Nome Profissional,ANTÓNIO AGUSTO MANSO,1,1,0.95,ANTÓNIO AUGUSTO MANSO,1,fuzzy:0.95 dates:2025-2025~2021-2026 AMBIGUOUS ~ANTÓNIO MANSO(0.91)
Relator Nome Profissional,ANTÓNIO DOIMNGOS PIRES ROBALO,1,1,1.00,ANTÓNIO DOIMNGOS PIRES ROBALO,0,fuzzy:1.00 dates:2025-2025~2025-2026
Relator Nome Profissional,ANTÓNIO GANA,1,1,0.92,ANTÓNIO GAMA,0,fuzzy:0.92 dates:2021-2021~2020-2024 SURNAME? confirmed:ai-review
Relator Nome Profissional,ANTÓNIO JOAQUIM PIÇARA,1,1,0.96,ANTÓNIO JOAQUIM PIÇARRA,0,fuzzy:0.96 dates:2012-2012~2012-2019
Relator Nome Profissional,ANTÓNIO LEONES DANTES,1,1,0.95,ANTÓNIO LEONES DANTAS,0,fuzzy:0.95 dates:2019-2019~2012-2020 SURNAME? confirmed:ai-review
Relator Nome Profissional,ANTÓNIO LONES DANTAS,1,1,0.95,ANTÓNIO LEONES DANTAS,0,fuzzy:0.95 dates:2018-2018~2012-2020
Relator Nome Profissional,ANTÓNIO MESQUITA,1,1,1.00,ANTÓNIO MESQUITA,0,fuzzy:1.00 dates:2000-2000~2000-2003
Relator Nome Profissional,ARAGÃO SETA,1,1,0.91,ARAGÃO SEIA,0,fuzzy:0.91 dates:1998-1998~1992-2000 SURNAME? confirmed:ai-review
Relator Nome Profissional,ARAUJO BASTOS,1,1,1.00,ARAÚJO BASTOS,0,fuzzy:1.00 dates:1991-1991~1991-1995
Relator Nome Profissional,ARMINDO LUIS,1,1,1.00,ARMINDO LUÍS,0,fuzzy:1.00 dates:2009-2009~2002-2009
Relator Nome Profissional,ARMÉNIO SOTTO MAYOR,1,1,0.95,ARMÉNIO SOTTOMAYOR,0,fuzzy:0.95 dates:2009-2009~2005-2017 SURNAME? confirmed:ai-review
Relator Nome Profissional,ARNALDO VIDIGAL,1,1,1.00,ARNALDO VIDIGAL,0,fuzzy:1.00 dates:1936-1936~1936-1936
Relator Nome Profissional,AZAMBUJA  FONSECA,1,1,1.00,AZAMBUJA FONSECA,0,fuzzy:1.00 dates:2002-2002~1999-2003
Relator Nome Profissional,Alexandre Reis,1,1,1.00,ALEXANDRE REIS,0,fuzzy:1.00 dates:2020-2020~2016-2021
Relator Nome Profissional,BARBOSA DE OLIVEIRA,1,1,1.00,BARBOSA DE OLIVEIRA,0,fuzzy:1.00 dates:1989-1989~1989-1989
Relator Nome Profissional,BERNANRDO DOMINGOS,1,1,0.94,BERNARDO DOMINGOS,0,fuzzy:0.94 dates:2019-2019~2018-2021
Relator Nome Profissional,BERNARDES DE MIRANDA,1,1,1.00,BERNARDES DE MIRANDA,0,fuzzy:1.00 dates:1967-1967~1967-1967
Relator Nome Profissional,BERNARDO DOMOINGOS,1,1,0.94,BERNARDO DOMINGOS,0,fuzzy:0.94 dates:2019-2019~2018-2021
Relator Nome Profissional,BETENCOURT DE FARIA,1,1,0.95,BETTENCOURT DE FARIA,0,fuzzy:0.95 dates:2010-2010~2002-2016
Relator Nome Profissional,BETTENCOURT DE  FARIA,1,1,1.00,BETTENCOURT DE FARIA,0,fuzzy:1.00 dates:2004-2004~2002-2016
Relator Nome Profissional,BETTENCOURT FARIA,1,1,1.00,BETTENCOURT DE FARIA,0,fuzzy:1.00 dates:2016-2016~2002-2016
Relator Nome Profissional,BETTTENCOURT DE FARIA,1,1,0.96,BETTENCOURT DE FARIA,0,fuzzy:0.96 dates:2007-2007~2002-2016
Relator Nome Profissional,BOAVIDA BARROS,1,1,1.00,BOAVIDA BARROS,0,fuzzy:1.00 dates:2000-2000~2000-2000
Relator Nome Profissional,BOGABIM GUEDES,1,1,0.93,BOGARIM GUEDES,0,fuzzy:0.93 dates:1969-1969~1967-1976
Relator Nome Profissional,BRITO CAMÂRA,1,1,1.00,BRITO CÂMARA,0,fuzzy:1.00 dates:1999-1999~1992-2000
Relator Nome Profissional,CALISTO PIRES,1,1,0.93,CALIXTO PIRES,0,fuzzy:0.93 dates:1993-1993~1989-1994
Relator Nome Profissional,CALOS CAMPOS LOBO,1,1,0.94,CARLOS CAMPOS LOBO,0,fuzzy:0.94 dates:2026-2026~2024-2026
Relator Nome Profissional,CARDOSO FERREIRA,1,1,0.88,CARDONA FERREIRA,0,fuzzy:0.88 dates:1992-1992~1991-1997
Relator Nome Profissional,CARDOSO VENTURA,1,1,1.00,CARDOSO VENTURA,0,fuzzy:1.00 dates:1992-1992~1992-1992
Relator Nome Profissional,CARLOS CALOAS,1,1,0.92,CARLOS CALDAS,0,fuzzy:0.92 dates:1993-1993~1989-1995 SURNAME? confirmed:ai-review
Relator Nome Profissional,CARLOS DE MIRANDA,1,1,1.00,CARLOS DE MIRANDA,0,fuzzy:1.00 dates:1960-1960~1960-1960
Relator Nome Profissional,CARVALHO JUNIOR,1,1,1.00,CARVALHO JUNIOR,0,fuzzy:1.00 dates:1969-1969~1969-1969
Relator Nome Profissional,CARVALHO PEREIRA,1,1,1.00,CARVALHO PEREIRA,0,fuzzy:1.00 dates:1995-1995~1995-1995
Relator Nome Profissional,CASTELO BRANCO,1,1,1.00,CASTELO BRANCO,0,fuzzy:1.00 dates:1994-1994~1994-1994
Relator Nome Profissional,CAVALHO PINHEIRO,1,1,0.94,CARVALHO PINHEIRO,0,fuzzy:0.94 dates:1995-1995~1990-1997
Relator Nome Profissional,CELSO MANTA,1,1,0.92,CELSO MANATA,0,fuzzy:0.92 dates:2024-2024~2024-2026 SURNAME? confirmed:ai-review
Relator Nome Profissional,CHICHORRO RODIGUES,1,1,0.95,CHICHORRO RODRIGUES,0,fuzzy:0.95 dates:1994-1994~1989-1994
Relator Nome Profissional,CICHORRO RODRIGUES,1,1,0.95,CHICHORRO RODRIGUES,0,fuzzy:0.95 dates:1993-1993~1989-1994
Relator Nome Profissional,CORREIRA DE PAIVA,1,1,0.94,CORREIA DE PAIVA,0,fuzzy:0.94 dates:1987-1987~1985-1987
Relator Nome Profissional,CORTE-REAL,1,1,1.00,CORTE REAL,0,fuzzy:1.00 dates:1983-1983~1978-2021
Relator Nome Profissional,COSTA SANTOS,1,1,1.00,COSTA SANTOS,0,fuzzy:1.00 dates:1937-1937~1937-1937
Relator Nome Profissional,COSTAMORTÁGUA,1,1,0.93,COSTA MORTÁGUA,0,fuzzy:0.93 dates:2007-2007~2001-2007 SURNAME? confirmed:ai-review
Relator Nome Profissional,CRISTIMA SOARES,1,1,0.94,CRISTINA SOARES,0,fuzzy:0.94 dates:2026-2026~2026-2026
Relator Nome Profissional,CUNHA BARBOSA,1,1,1.00,CUNHA BARBOSA,0,fuzzy:1.00 dates:2010-2010~2010-2010
Relator Nome Profissional,CUSTÓDIO NEVES,1,1,1.00,CUSTÓDIO NEVES,0,fuzzy:1.00 dates:2004-2004~2004-2004
Relator Nome Profissional,DANIEL DERREIRA,1,1,0.94,DANIEL FERREIRA,0,fuzzy:0.94 dates:1981-1981~1973-1981
Relator Nome Profissional,DIAS FREIRE,1,1,1.00,DIAS FREIRE,0,fuzzy:1.00 dates:1969-1969~1967-1969
Relator Nome Profissional,DIOGO  FERNANDES,1,1,1.00,DIOGO FERNANDES,0,fuzzy:1.00 dates:2001-2001~2001-2002
Relator Nome Profissional,DIONIZIO PINHO,1,1,0.94,DIONÍSIO PINHO,0,fuzzy:0.94 dates:1991-1991~1921-1993
Relator Nome Profissional,DUARTES SOARES,1,1,0.93,DUARTE SOARES,0,fuzzy:0.93 dates:2001-2001~1997-2008
Relator Nome Profissional,EDUARDO SANTOS,1,1,1.00,EDUARDO SANTOS,0,fuzzy:1.00 dates:1937-1937~1937-1995
Relator Nome Profissional,EMANUEL DIAS,1,1,1.00,EMANUEL DIAS,0,fuzzy:1.00 dates:1995-1995~1995-1995
Relator Nome Profissional,ERNESTO NACIMENTO,1,1,0.95,ERNESTO NASCIMENTO,0,fuzzy:0.95 dates:2026-2026~2025-2026
Relator Nome Profissional,ESTELINA DE MENDONÇA,1,1,0.95,ESTELITA DE MENDONÇA,0,fuzzy:0.95 dates:1986-1986~1986-1992
Relator Nome Profissional,ESTELITA MENDONÇA,1,1,1.00,ESTELITA DE MENDONÇA,0,fuzzy:1.00 dates:1990-1990~1986-1992
Relator Nome Profissional,EUCÁRIA VIEIRA,1,1,1.00,EUCÁRIA VIEIRA,0,fuzzy:1.00 dates:2024-2024~2024-2024
Relator Nome Profissional,FERNANADO FABIÃO,1,1,0.94,FERNANDO FABIÃO,0,fuzzy:0.94 dates:1992-1992~1983-1998
Relator Nome Profissional,FERNANDES MAGALHÁES,1,1,1.00,FERNANDES MAGALHÃES,0,fuzzy:1.00 dates:2000-2000~1992-2022
Relator Nome Profissional,FERNANDES VIEIRA,1,1,1.00,FERNANDES VIEIRA,0,fuzzy:1.00 dates:1987-1987~1987-1987
Relator Nome Profissional,FERNANDO BAPISTA,1,1,0.94,FERNANDO BAPTISTA,0,fuzzy:0.94 dates:2023-2023~2021-2026
Relator Nome Profissional,FERNANDO BPTISTA,1,1,0.94,FERNANDO BAPTISTA,0,fuzzy:0.94 dates:2021-2021~2021-2026
Relator Nome Profissional,FERNANDO COSTA,1,1,0.89,FERNANDES COSTA,0,fuzzy:0.89 dates:1994-1994~1965-1994
Relator Nome Profissional,FERNANDO FUGAS,1,1,0.89,FERNANDES FUGAS,0,fuzzy:0.89 dates:1989-1989~1985-1989
Relator Nome Profissional,FERNANDO METELLO,1,1,1.00,FERNANDO METELLO,0,fuzzy:1.00 dates:1994-1994~1994-1994
Relator Nome Profissional,FERNNADES DA SILVA,1,1,0.89,FERNANDES DA SILVA,0,fuzzy:0.89 dates:2012-2012~2011-2015
Relator Nome Profissional,FERREEIRA LOPES,1,1,0.94,FERREIRA LOPES,0,fuzzy:0.94 dates:2021-2021~2020-2026
Relator Nome Profissional,FERREIRA,1,1,1.00,FERREIRA,0,fuzzy:1.00 dates:1993-1993~1993-1993
Relator Nome Profissional,FERREIRA BAPTISTA,1,1,1.00,FERREIRA BAPTISTA,0,fuzzy:1.00 dates:1986-1986~1986-1986
Relator Nome Profissional,FERREIRA DA SILVA.,1,1,1.00,FERREIRA DA SILVA,0,fuzzy:1.00 dates:1992-1992~1983-1997
Relator Nome Profissional,FERREIRA GIRAO,1,1,1.00,FERREIRA GIRÃO,0,fuzzy:1.00 dates:2006-2006~2000-2006
Relator Nome Profissional,FERREIRA JUNIOR,1,1,1.00,FERREIRA JUNIOR,0,fuzzy:1.00 dates:1983-1983~1983-1983
Relator Nome Profissional,FERREIRA LEITÃO,1,1,1.00,FERREIRA LEITÃO,0,fuzzy:1.00 dates:1985-1985~1985-1985
Relator Nome Profissional,FERREIRA MACEDO,1,1,1.00,FERREIRA MACEDO,0,fuzzy:1.00 dates:1989-1989~1989-1989
Relator Nome Profissional,FERREIRA VIDIDAL,1,1,0.94,FERREIRA VIDIGAL,0,fuzzy:0.94 dates:1989-1989~1985-1995
Relator Nome Profissional,FERREITA LOPES,1,1,0.94,FERREIRA LOPES,0,fuzzy:0.94 dates:2026-2026~2020-2026
Relator Nome Profissional,FERREÍRA LOPES,1,1,1.00,FERREIRA LOPES,0,fuzzy:1.00 dates:2023-2023~2020-2026
Relator Nome Profissional,FERRREIRA GIRÃO,1,1,0.94,FERREIRA GIRÃO,0,fuzzy:0.94 dates:2003-2003~2000-2006
Relator Nome Profissional,FFERNANDES DA SILVA,1,1,0.95,FERNANDES DA SILVA,0,fuzzy:0.95 dates:2014-2014~2011-2015
Relator Nome Profissional,FIFALGO DE MATOS,1,1,0.94,FIDALGO DE MATOS,0,fuzzy:0.94 dates:1989-1989~1987-1991
Relator Nome Profissional,FIGUEIREDO DA SILVA,1,1,1.00,FIGUEIREDO DA SILVA,0,fuzzy:1.00 dates:1991-1991~1991-1991
Relator Nome Profissional,FIGUEIREDO MARÇAL,1,1,1.00,FIGUEIREDO MARÇAL,0,fuzzy:1.00 dates:1989-1989~1989-1989
Relator Nome Profissional,FIGUEIREDODE SOUSA,1,1,0.95,FIGUEIREDO DE SOUSA,0,fuzzy:0.95 dates:1992-1992~1987-1998
Relator Nome Profissional,FIGUIREDO DE SOUSA,1,1,0.95,FIGUEIREDO DE SOUSA,0,fuzzy:0.95 dates:1992-1992~1987-1998
Relator Nome Profissional,FISHER SÁ NOGUEIRA,1,1,1.00,FISHER SÁ NOGUEIRA,0,fuzzy:1.00 dates:2001-2001~2001-2001
Relator Nome Profissional,FRAGOSO DE ALMEIDA,1,1,1.00,FRAGOSO DE ALMEIDA,0,fuzzy:1.00 dates:1964-1964~1964-1964
Relator Nome Profissional,FRANCISCO CARVALHO,1,1,1.00,FRANCISCO CARVALHO,0,fuzzy:1.00 dates:1983-1983~1983-1983
Relator Nome Profissional,FRANCISCO SOARES,1,1,1.00,FRANCISCO SOARES,0,fuzzy:1.00 dates:1966-1966~1966-1966
Relator Nome Profissional,FRANCO DE SA,1,1,1.00,FRANCO DE SÁ,0,fuzzy:1.00 dates:2002-2002~2000-2003
Relator Nome Profissional,FREDERICO CARVALHÃO.,1,1,1.00,FREDERICO CARVALHÃO,0,fuzzy:1.00 dates:1989-1989~1989-1990
Relator Nome Profissional,FRNANDO BENTO,1,1,0.94,FERNANDO BENTO,0,fuzzy:0.94 dates:2013-2013~2011-2017
Relator Nome Profissional,FURTADOS DOS SANTOS,1,1,0.95,FURTADO DOS SANTOS,0,fuzzy:0.95 dates:1980-1980~1979-1982
Relator Nome Profissional,GAMA VEIRA,1,1,0.92,GAMA VIEIRA,0,fuzzy:0.92 dates:1989-1989~1986-1989 SURNAME? confirmed:ai-review
Relator Nome Profissional,GARCIA CALEGO,1,1,0.92,GARCIA CALEJO,0,fuzzy:0.92 dates:2008-2008~2008-2017 SURNAME? confirmed:ai-review
Relator Nome Profissional,GARCIA GUIMARÃES,1,1,1.00,GARCIA GUIMARÃES,0,fuzzy:1.00 dates:1998-1998~1998-1998
Relator Nome Profissional,GELASTO ROCHA,1,1,0.93,GELASIO ROCHA,0,fuzzy:0.93 dates:1993-1993~1992-1994
Relator Nome Profissional,GELÁSIO ROCHA,1,1,1.00,GELASIO ROCHA,0,fuzzy:1.00 dates:1994-1994~1992-1994
Relator Nome Profissional,GMA PRAZERES,1,1,0.92,GAMA PRAZERES,0,fuzzy:0.92 dates:1989-1989~1986-1990
Relator Nome Profissional,HEBRIQUE ARAÚJO,1,1,0.94,HENRIQUE ARAÚJO,0,fuzzy:0.94 dates:2021-2021~2017-2022
Relator Nome Profissional,HEITOR MARTINS,1,1,1.00,HEITOR MARTINS,0,fuzzy:1.00 dates:1946-1946~1946-1946
Relator Nome Profissional,HEMRIQUE ANTUNES,1,1,0.94,HENRIQUE ANTUNES,0,fuzzy:0.94 dates:2025-2025~2024-2026
Relator Nome Profissional,HENRIQUE ARÁUJO,1,1,1.00,HENRIQUE ARAÚJO,0,fuzzy:1.00 dates:2019-2019~2017-2022
Relator Nome Profissional,HENRIQUE DE SOTTO,1,1,1.00,HENRIQUE DE SOTTO,0,fuzzy:1.00 dates:1994-1994~1994-1994
Relator Nome Profissional,HENRIQUES ANTUNES,1,1,0.94,HENRIQUE ANTUNES,0,fuzzy:0.94 dates:2025-2025~2024-2026
Relator Nome Profissional,HENRIQUES DE MATOS,1,1,1.00,HENRIQUES DE MATOS,0,fuzzy:1.00 dates:1997-1997~1997-1997
Relator Nome Profissional,HORÁCIO CORREIA PINTO,1,1,1.00,HORÁCIO CORREIA PINTO,0,fuzzy:1.00 dates:2024-2024~2024-2024
Relator Nome Profissional,ILÍDIO CASARRÃO MARTINS,1,1,0.92,ILÍDIO SACARRÃO MARTINS,0,fuzzy:0.92 dates:2021-2021~2018-2021
Relator Nome Profissional,ILÍDIO SACRRÃO MARTINS,1,1,0.96,ILÍDIO SACARRÃO MARTINS,0,fuzzy:0.96 dates:2019-2019~2018-2021
Relator Nome Profissional,ILÍDIO SAVCARRÃO MARTINS,1,1,0.96,ILÍDIO SACARRÃO MARTINS,0,fuzzy:0.96 dates:2021-2021~2018-2021
Relator Nome Profissional,J CIPRIANO,1,1,1.00,J. CIPRIANO,0,fuzzy:1.00 dates:1935-1935~1935-1935
Relator Nome Profissional,JAIME DOS SANTOS,1,1,1.00,JAIME DOS SANTOS,0,fuzzy:1.00 dates:1990-1990~1990-1990
Relator Nome Profissional,JOAQUIM DA CARVALHO,1,1,1.00,JOAQUIM DE CARVALHO,0,fuzzy:1.00 dates:1990-1990~1968-1993
Relator Nome Profissional,JORGE MIRANDA JACOB,1,1,1.00,JORGE MIRANDA JACOB,0,fuzzy:1.00 dates:2025-2025~2025-2025
Relator Nome Profissional,JOSE CARRETO,1,1,1.00,JOSÉ CARRETO,0,fuzzy:1.00 dates:2025-2025~2024-2026
Relator Nome Profissional,JOSE CARVALHO,1,1,1.00,JOSÉ CARVALHO,0,fuzzy:1.00 dates:1989-1989~1989-2000
Relator Nome Profissional,JOSE EDUARDO SAPATEIRO,1,1,1.00,JOSÉ EDUARDO SAPATEIRO,0,fuzzy:1.00 dates:2026-2026~2023-2026
Relator Nome Profissional,JOSE MGALHÃES,1,1,0.94,JOSÉ MAGALHÃES,0,fuzzy:0.94 dates:1991-1991~1990-1993
Relator Nome Profissional,JOSE MOURA,1,1,1.00,JOSÉ MOURA,0,fuzzy:1.00 dates:1979-1979~1979-1979
Relator Nome Profissional,JOSE OSORIO,1,1,1.00,JOSÉ OSÓRIO,0,fuzzy:1.00 dates:1962-1962~1962-1962
Relator Nome Profissional,JOSE RODRIGUES,1,1,1.00,JOSÉ RODRIGUES,0,fuzzy:1.00 dates:1989-1989~1989-1989
Relator Nome Profissional,JOSÉ CARETO,1,1,0.93,JOSÉ CARRETO,0,fuzzy:0.93 dates:2026-2026~2024-2026
Relator Nome Profissional,JOSÉ FERREIRA LOPES,1,1,1.00,JOSÉ FERREIRA LOPES,0,fuzzy:1.00 dates:2022-2022~2022-2022
Relator Nome Profissional,JOSÉ MAGALHÃES,1,1,1.00,JOSÉ MAGALHÃES,0,fuzzy:1.00 dates:1992-1992~1990-1993
Relator Nome Profissional,JOSÉ MENESES,1,1,1.00,JOSÉ MENESES,0,fuzzy:1.00 dates:1964-1964~1964-1964
Relator Nome Profissional,JOÃO  CAMILO,1,1,1.00,JOÃO CAMILO,0,fuzzy:1.00 dates:2012-2012~2003-2018
Relator Nome Profissional,JOÃO BERNANDO,1,1,0.94,JOÃO BERNARDO,0,fuzzy:0.94 dates:2007-2007~2005-2020
Relator Nome Profissional,JULIO DE LEMOS,1,1,1.00,JÚLIO DE LEMOS,0,fuzzy:1.00 dates:1954-1954~1954-1954
Relator Nome Profissional,JULIO GOMES,1,1,1.00,JÚLIO GOMES,0,fuzzy:1.00 dates:2024-2024~2015-2026
Relator Nome Profissional,JÚLIO  GOMES,1,1,1.00,JÚLIO GOMES,0,fuzzy:1.00 dates:2021-2021~2015-2026
Relator Nome Profissional,JÚLIO MANUEL VIEIRA GOMES,1,1,1.00,JÚLIO MANUEL VIEIRA GOMES,0,fuzzy:1.00 dates:2024-2024~2024-2024
Relator Nome Profissional,LEMOS TIRUNFANTE,1,1,0.90,LEMOS TRIUNFANTE,0,fuzzy:0.90 dates:1999-1999~1995-2003 SURNAME? confirmed:ai-review
Relator Nome Profissional,LEONOR CRUZ RODRIGES,1,1,0.96,LEONOR CRUZ RODRIGUES,0,fuzzy:0.96 dates:2021-2021~2021-2022
Relator Nome Profissional,LICINO CASEIRO,1,1,0.93,LICÍNIO CASEIRO,0,fuzzy:0.93 dates:1988-1988~1980-1990
Relator Nome Profissional,LIMA GONÇALVES,1,1,1.00,LIMA GONÇALVES,0,fuzzy:1.00 dates:2018-2018~2018-2026
Relator Nome Profissional,LOPES CARVALHO,1,1,1.00,LOPES CARVALHO,0,fuzzy:1.00 dates:1968-1968~1968-1968
Relator Nome Profissional,LOPES DE MELLO,1,1,0.93,LOPES DE MELO,0,fuzzy:0.93 dates:1989-1989~1987-1993 SURNAME? confirmed:ai-review
Relator Nome Profissional,LOPES DE REGO,1,1,1.00,LOPES DO REGO,0,fuzzy:1.00 dates:2014-2014~2009-2017
Relator Nome Profissional,LOPES DO  REGO,1,1,1.00,LOPES DO REGO,0,fuzzy:1.00 dates:2010-2010~2009-2017
Relator Nome Profissional,LORENÇO MARTINS,1,1,0.94,LOURENÇO MARTINS,0,fuzzy:0.94 dates:2002-2002~1995-2003
Relator Nome Profissional,LUIS CORREIA DO MENDONÇA,1,1,1.00,LUÍS CORREIA DE MENDONÇA,0,fuzzy:1.00 dates:2025-2025~2024-2026
Relator Nome Profissional,LUIS VAZ SEQUEIRA,1,1,1.00,LUIS VAZ SEQUEIRA,0,fuzzy:1.00 dates:1991-1991~1991-1991
Relator Nome Profissional,MAGARIDA BLASCO,1,1,0.94,MARGARIDA BLASCO,0,fuzzy:0.94 dates:2021-2021~2019-2021
Relator Nome Profissional,MANUEL  AUGUSTO DE MATOS,1,1,1.00,MANUEL AUGUSTO DE MATOS,0,fuzzy:1.00 dates:2020-2020~2015-2021
Relator Nome Profissional,MANUEL AGUSTO DE MATOS,1,1,0.96,MANUEL AUGUSTO DE MATOS,0,fuzzy:0.96 dates:2020-2020~2015-2021
Relator Nome Profissional,MANUEL AUGISTO DE MATOS,1,1,0.96,MANUEL AUGUSTO DE MATOS,0,fuzzy:0.96 dates:2020-2020~2015-2021
Relator Nome Profissional,MANUEL BRÁZ,1,1,1.00,MANUEL BRAZ,0,fuzzy:1.00 dates:2009-2009~2009-2018
Relator Nome Profissional,MARA DO ROSÁRIO GONÇALVES,1,1,0.96,MARIA DO ROSÁRIO GONÇALVES,0,fuzzy:0.96 dates:2026-2026~2024-2026
Relator Nome Profissional,MARIA AMÉLIA RIBEIRO,1,1,1.00,MARIA AMÉLIA RIBEIRO,0,fuzzy:1.00 dates:2023-2023~2023-2023
Relator Nome Profissional,MARIA DA DEUS CORREIA,1,1,1.00,MARIA DE DEUS CORREIA,0,fuzzy:1.00 dates:2024-2024~2024-2026
Relator Nome Profissional,MARIA DA GRÇA TRIGO,1,1,0.95,MARIA DA GRAÇA TRIGO,0,fuzzy:0.95 dates:2022-2022~2015-2026
Relator Nome Profissional,MARIA DO CAMO SILVA DIAS,1,1,0.95,MARIA DO CARMO DA SILVA DIAS,0,fuzzy:0.95 dates:2023-2023~2021-2024
Relator Nome Profissional,MARIA DOS PRAZERES BELEZA,1,1,1.00,MARIA DOS PRAZERES BELEZA,0,fuzzy:1.00 dates:2022-2022~2007-2026
Relator Nome Profissional,MARIA GRAÇA TRIGO,1,1,1.00,MARIA DA GRAÇA TRIGO,0,fuzzy:1.00 dates:2023-2023~2015-2026
Relator Nome Profissional,MARIA JOIÃO VAZ TOMÉ,1,1,0.95,MARIA JOÃO VAZ TOMÉ,0,fuzzy:0.95 dates:2021-2021~2018-2025
Relator Nome Profissional,MARIA JOÃO  VAZ TOMÉ,1,1,1.00,MARIA JOÃO VAZ TOMÉ,0,fuzzy:1.00 dates:2019-2019~2018-2025
Relator Nome Profissional,MARIO BELO MORGADO,1,1,1.00,MARIO BELO MORGADO,0,fuzzy:1.00 dates:2024-2024~2013-2026
Relator Nome Profissional,MARIO CANÇELA,1,1,1.00,MÁRIO CANCELA,0,fuzzy:1.00 dates:1990-1990~1903-1998
Relator Nome Profissional,MARIO CRUZ,1,1,1.00,MÁRIO CRUZ,0,fuzzy:1.00 dates:2007-2007~2007-2010
Relator Nome Profissional,MARIO MENDES,1,1,1.00,MÁRIO MENDES,0,fuzzy:1.00 dates:2008-2008~2008-2016
Relator Nome Profissional,MARIO PEREIRA,1,1,1.00,MÁRIO PEREIRA,0,fuzzy:1.00 dates:2007-2007~2001-2010
Relator Nome Profissional,MARIO RAPOSO,1,1,1.00,MÁRIO RAPOSO,0,fuzzy:1.00 dates:1988-1988~1988-1988
Relator Nome Profissional,MARIO TORRES,1,1,1.00,MÁRIO TORRES,0,fuzzy:1.00 dates:2001-2001~1993-2002
Relator Nome Profissional,MARTINS DA FONSENCA,1,1,0.95,MARTINS DA FONSECA,0,fuzzy:0.95 dates:1991-1991~1986-1994
Relator Nome Profissional,MARTIS DE SOUSA,1,1,0.94,MARTINS DE SOUSA,0,fuzzy:0.94 dates:2011-2011~2011-2016
Relator Nome Profissional,MAXIMO GUIMARAES,1,1,1.00,MÁXIMO GUIMARÃES,0,fuzzy:1.00 dates:1991-1991~1989-1992
Relator Nome Profissional,MELO FERREIRA,1,1,1.00,MELO FERREIRA,0,fuzzy:1.00 dates:1980-1980~1980-1980
Relator Nome Profissional,MELO FRANGO,1,1,0.92,MELO FRANCO,0,fuzzy:0.92 dates:1988-1988~1978-1988 SURNAME? confirmed:ai-review
Relator Nome Profissional,MENDES ARNAUT,1,1,1.00,MENDES ARNAUT,0,fuzzy:1.00 dates:1935-1935~1935-1935
Relator Nome Profissional,MENERES PIMENTAL,1,1,0.94,MENERES PIMENTEL,0,fuzzy:0.94 dates:1989-1989~1941-1991
Relator Nome Profissional,MENEZES PIMENTEL,1,1,0.94,MENERES PIMENTEL,0,fuzzy:0.94 dates:1988-1988~1941-1991
Relator Nome Profissional,METELLO DE NAPOLE,1,1,0.94,METELLO DE NÁPOLES,0,fuzzy:0.94 dates:1994-1994~1991-1997
Relator Nome Profissional,METELLO DE NÁPOLES,1,1,1.00,METELLO DE NÁPOLES,0,fuzzy:1.00 dates:1997-1997~1991-1997
Relator Nome Profissional,METELO DE NAPOLES,1,1,0.94,METELLO DE NÁPOLES,0,fuzzy:0.94 dates:1994-1994~1991-1997
Relator Nome Profissional,METTELO DE NAPOLES,1,1,0.89,METELLO DE NÁPOLES,0,fuzzy:0.89 dates:1992-1992~1991-1997
Relator Nome Profissional,MIGUEL CAIRO,1,1,0.92,MIGUEL CAEIRO,0,fuzzy:0.92 dates:1984-1984~1976-1986 SURNAME? confirmed:ai-review
Relator Nome Profissional,MORAIS CABRAL,1,1,1.00,MORAIS CABRAL,0,fuzzy:1.00 dates:1961-1961~1961-1961
Relator Nome Profissional,MOREIRA  ALVES,1,1,1.00,MOREIRA ALVES,0,fuzzy:1.00 dates:2009-2009~2002-2015
Relator Nome Profissional,MOREIRA LIMA,1,1,1.00,MOREIRA LIMA,0,fuzzy:1.00 dates:1994-1994~1994-1994
Relator Nome Profissional,MOTA E COSTA,1,1,1.00,MOTA E COSTA,0,fuzzy:1.00 dates:1988-1988~1988-1988
Relator Nome Profissional,MOURISCA,1,1,1.00,MOURISCA,0,fuzzy:1.00 dates:1941-1941~1941-1941
Relator Nome Profissional,Maria do rosário Morgado,1,1,1.00,MARIA DO ROSÁRIO MORGADO,0,fuzzy:1.00 dates:2020-2020~2017-2021
Relator Nome Profissional,MÁRIO MORGADO,1,1,1.00,MÁRIO MORGADO,0,fuzzy:1.00 dates:2015-2015~2015-2015
Relator Nome Profissional,NORONHA DE VASCONCELOS,1,1,1.00,NORONHA DE VASCONCELOS,0,fuzzy:1.00 dates:1997-1997~1997-1997
Relator Nome Profissional,NUNES DE CRUZ,1,1,1.00,NUNES DA CRUZ,0,fuzzy:1.00 dates:1995-1995~1993-1998
Relator Nome Profissional,NUNO ANTÓNIO GONÇALVES,1,1,1.00,NUNO ANTÓNIO GONÇALVES,0,fuzzy:1.00 dates:2024-2024~2019-2024
Relator Nome Profissional,NUNO VASCONCELOS,1,1,1.00,NUNO VASCONCELOS,0,fuzzy:1.00 dates:2002-2002~2002-2002
Relator Nome Profissional,OCTAVIO GARCIA.,1,1,1.00,OCTÁVIO GARCIA,0,fuzzy:1.00 dates:1979-1979~1977-1989
Relator Nome Profissional,OILINDO GERALDES,1,1,0.94,OLINDO GERALDES,0,fuzzy:0.94 dates:2019-2019~2016-2021
Relator Nome Profissional,OLIVEIERA MENDES,1,1,0.94,OLIVEIRA MENDES,0,fuzzy:0.94 dates:2008-2008~2005-2018
Relator Nome Profissional,OLIVEIRA BRANQUINHA,1,1,0.95,OLIVEIRA BRANQUINHO,0,fuzzy:0.95 dates:1993-1993~1977-1996
Relator Nome Profissional,OLIVEIRA DA GRAÇA,1,1,1.00,OLIVEIRA DA GRAÇA,0,fuzzy:1.00 dates:1994-1994~1994-1994
Relator Nome Profissional,OLIVEIRA MANDES,1,1,0.93,OLIVEIRA MENDES,0,fuzzy:0.93 dates:2008-2008~2005-2018 SURNAME? confirmed:ai-review
Relator Nome Profissional,OLIVEIRA VASCONSELOS,1,1,0.95,OLIVEIRA VASCONCELOS,0,fuzzy:0.95 dates:2010-2010~2007-2017
Relator Nome Profissional,ORLANDO DOS SANTOS NASCIMENTO,1,1,1.00,ORLANDO DOS SANTOS NASCIMENTO,0,fuzzy:1.00 dates:2026-2026~2026-2026
Relator Nome Profissional,PAREIRA CARDIGOS,1,1,0.94,PEREIRA CARDIGOS,0,fuzzy:0.94 dates:1993-1993~1922-1994
Relator Nome Profissional,PAULO FERREIRA CUNHA,1,1,1.00,PAULO FERREIRA DA CUNHA,0,fuzzy:1.00 dates:2019-2019~2019-2023
Relator Nome Profissional,PEDRO BARNQUIHO DIAS,1,1,0.90,PEDRO BRANQUINHO DIAS,0,fuzzy:0.90 dates:2022-2022~2022-2024
Relator Nome Profissional,PEDRO DE ALBUQUERQUE,1,1,1.00,PEDRO DE ALBUQUERQUE,0,fuzzy:1.00 dates:1947-1947~1947-1947
Relator Nome Profissional,PEDRO DOMAS BOTTO,1,1,0.94,PEDRO DONAS BOTTO,0,fuzzy:0.94 dates:2026-2026~2025-2026
Relator Nome Profissional,PEDRO DONA BOTTO,1,1,0.94,PEDRO DONAS BOTTO,0,fuzzy:0.94 dates:2026-2026~2025-2026
Relator Nome Profissional,PEDRO MACEDO,1,1,1.00,PEDRO MACEDO,0,fuzzy:1.00 dates:1991-1991~1991-1991
Relator Nome Profissional,PEDTO BRANQUINHO DIAS,1,1,0.95,PEDRO BRANQUINHO DIAS,0,fuzzy:0.95 dates:2023-2023~2022-2024
Relator Nome Profissional,PEREIRA  MADEIRA,1,1,1.00,PEREIRA MADEIRA,0,fuzzy:1.00 dates:2007-2007~1993-2013
Relator Nome Profissional,PEREIRA CARDIGO,1,1,0.94,PEREIRA CARDIGOS,0,fuzzy:0.94 dates:1992-1992~1922-1994
Relator Nome Profissional,PEREIRA DA COSTA,1,1,1.00,COSTA PEREIRA,1,fuzzy:1.00 dates:1994-1994~1991-2000 SURNAME?
Relator Nome Profissional,PERREIRA CARDIGOS,1,1,0.94,PEREIRA CARDIGOS,0,fuzzy:0.94 dates:1992-1992~1922-1994
Relator Nome Profissional,PINO DE ALMEIDA,1,1,0.94,PINTO DE ALMEIDA,0,fuzzy:0.94 dates:2021-2021~2014-2022
Relator Nome Profissional,PINTO BASTO,1,1,0.92,PINTO BASTOS,0,fuzzy:0.92 dates:1992-1992~1988-1993 SURNAME? confirmed:ai-review
Relator Nome Profissional,PINTO MAGALHÃES,1,1,1.00,PINTO MAGALHÃES,0,fuzzy:1.00 dates:1998-1998~1998-1998
Relator Nome Profissional,PIRES DA GRAGA,1,1,0.93,PIRES DA GRAÇA,0,fuzzy:0.93 dates:2007-2007~2007-2020 SURNAME? confirmed:ai-review
Relator Nome Profissional,PIRES DA ÇRAÇA,1,1,0.93,PIRES DA GRAÇA,0,fuzzy:0.93 dates:2016-2016~2007-2020 SURNAME? confirmed:ai-review
Relator Nome Profissional,RAUL MARTINS,1,1,1.00,RAÚL MARTINS,0,fuzzy:1.00 dates:1994-1994~1994-1994
Relator Nome Profissional,RAÚL MATEUS,1,1,1.00,RAÚL MATEUS,0,fuzzy:1.00 dates:1994-1994~1982-1995
Relator Nome Profissional,REMALHO PINTO,1,1,0.93,RAMALHO PINTO,0,fuzzy:0.93 dates:2023-2023~2022-2024
Relator Nome Profissional,REMIRO VIDIGAL,1,1,0.93,RAMIRO VIDIGAL,0,fuzzy:0.93 dates:1995-1995~1987-1997
Relator Nome Profissional,RICARDO LOPES,1,1,1.00,RICARDO LOPES,0,fuzzy:1.00 dates:1962-1962~1962-1962
Relator Nome Profissional,RIICARDO COSTA,1,1,0.94,RICARDO COSTA,0,fuzzy:0.94 dates:2024-2024~2019-2026
Relator Nome Profissional,ROBERTO VALENTO,1,1,0.93,ROBERTO VALENTE,0,fuzzy:0.93 dates:1991-1991~1988-1992
Relator Nome Profissional,RUI BENTO,1,1,1.00,RUI BENTO,0,fuzzy:1.00 dates:1991-1991~1991-1991
Relator Nome Profissional,RUI MAURICIO,1,1,1.00,RUI MAURÍCIO,0,fuzzy:1.00 dates:2007-2007~2007-2008
Relator Nome Profissional,Raul Borges,1,1,1.00,RAUL BORGES,0,fuzzy:1.00 dates:2020-2020~2007-2020
Relator Nome Profissional,SA COUTO.,1,1,1.00,SÁ COUTO,0,fuzzy:1.00 dates:1992-1992~1989-1997
Relator Nome Profissional,SALAZAR CAZANOVA,1,1,0.94,SALAZAR CASANOVA,0,fuzzy:0.94 dates:2010-2010~2008-2018
Relator Nome Profissional,SALVADOR DE COSTA,1,1,1.00,SALVADOR DA COSTA,0,fuzzy:1.00 dates:2003-2003~1997-2009
Relator Nome Profissional,SALVIANO SE SOUSA,1,1,0.94,SALVIANO DE SOUSA,0,fuzzy:0.94 dates:1987-1987~1987-1990
Relator Nome Profissional,SAMPAIO DA NÓVOA,1,1,1.00,SAMPAIO DA NÓVOA,0,fuzzy:1.00 dates:1997-1997~1992-1997
Relator Nome Profissional,SAMPAIO DUARTE,1,1,1.00,SAMPAIO DUARTE,0,fuzzy:1.00 dates:1939-1939~1939-1939
Relator Nome Profissional,SAMPAIO E MELO,1,1,1.00,SAMPAIO E MELO,0,fuzzy:1.00 dates:1947-1947~1947-1947
Relator Nome Profissional,SANTOS BRANDÃO,1,1,1.00,SANTOS BRANDÃO,0,fuzzy:1.00 dates:1998-1998~1998-1998
Relator Nome Profissional,SEBASTIÃO POVOAS,1,1,1.00,SEBASTIÃO PÓVOAS,0,fuzzy:1.00 dates:2012-2012~2006-2017
Relator Nome Profissional,SEBASTIÃO PÒVOAS,1,1,1.00,SEBASTIÃO PÓVOAS,0,fuzzy:1.00 dates:2007-2007~2006-2017
Relator Nome Profissional,SEBASTÃO PÓVOAS,1,1,0.94,SEBASTIÃO PÓVOAS,0,fuzzy:0.94 dates:2006-2006~2006-2017
Relator Nome Profissional,SERGIO POÇAS,1,1,1.00,SÉRGIO POÇAS,0,fuzzy:1.00 dates:2011-2011~2011-2014
Relator Nome Profissional,SILVA E SOUSA,1,1,1.00,SILVA E SOUSA,0,fuzzy:1.00 dates:1959-1959~1959-1959
Relator Nome Profissional,SILVA FOR,1,1,0.90,SILVA FLOR,0,fuzzy:0.90 dates:2006-2006~2002-2007 SURNAME? confirmed:ai-review
Relator Nome Profissional,SILVA GASPAR,1,1,1.00,SILVA GASPAR,0,fuzzy:1.00 dates:2003-2003~2003-2003
Relator Nome Profissional,SIMOES VENTURA,1,1,1.00,SIMÕES VENTURA,0,fuzzy:1.00 dates:1990-1990~1983-1990
Relator Nome Profissional,SIVA PAIXÃO,1,1,0.92,SILVA PAIXÃO,0,fuzzy:0.92 dates:1996-1996~1993-2003
Relator Nome Profissional,SORETO DE  BARROS,1,1,1.00,SORETO DE BARROS,0,fuzzy:1.00 dates:2007-2007~2004-2024
Relator Nome Profissional,SOUSA DINIZ,1,1,0.91,SOUSA DINIS,0,fuzzy:0.91 dates:1996-1996~1996-2000 SURNAME? confirmed:ai-review
Relator Nome Profissional,SOUSA GRANDÂO,1,1,1.00,SOUSA GRANDÃO,0,fuzzy:1.00 dates:2007-2007~2005-2010
Relator Nome Profissional,SOUSA LAMEIDA,1,1,0.93,SOUSA LAMEIRA,0,fuzzy:0.93 dates:2023-2023~2017-2024
Relator Nome Profissional,SOUSA MECEDO,1,1,0.92,SOUSA MACEDO,0,fuzzy:0.92 dates:1988-1988~1984-1995 SURNAME? confirmed:ai-review
Relator Nome Profissional,SOUSA MONTEIRO,1,1,1.00,SOUSA MONTEIRO,0,fuzzy:1.00 dates:1961-1961~1961-1961
Relator Nome Profissional,SOUSA PEXOTO,1,1,0.93,SOUSA PEIXOTO,0,fuzzy:0.93 dates:2008-2008~2003-2010
Relator Nome Profissional,Santos Cabral,1,1,1.00,SANTOS CABRAL,0,fuzzy:1.00 dates:2020-2020~2006-2020
Relator Nome Profissional,SÁ FERREIRA,1,1,1.00,SÁ FERREIRA,0,fuzzy:1.00 dates:1994-1994~1989-1996
Relator Nome Profissional,TAVARES DA COSTA,1,1,1.00,TAVARES DA COSTA,0,fuzzy:1.00 dates:1948-1948~1948-1948
Relator Nome Profissional,TEIXEIRA DUARTE,1,1,1.00,TEIXEIRA DUARTE,0,fuzzy:1.00 dates:1947-1947~1947-1947
Relator Nome Profissional,TINICO DE ALMEIDA,1,1,0.94,TINOCO DE ALMEIDA,0,fuzzy:0.94 dates:1989-1989~1984-1989
Relator Nome Profissional,TOMÉ  GOMES,1,1,1.00,TOMÉ GOMES,0,fuzzy:1.00 dates:2016-2016~2015-2022
Relator Nome Profissional,TOMÉ DE CARVAHO,1,1,0.94,TOMÉ DE CARVALHO,0,fuzzy:0.94 dates:2001-2001~1994-2002
Relator Nome Profissional,TÁVORA VITOR,1,1,0.92,TÁVORA VICTOR,0,fuzzy:0.92 dates:2015-2015~2011-2018 SURNAME? confirmed:ai-review
Relator Nome Profissional,TÍBÉRIO NUNES DA SILVA,1,1,1.00,TIBÉRIO NUNES DA SILVA,0,fuzzy:1.00 dates:2021-2021~2020-2023
Relator Nome Profissional,VIEIRA RIBEIRO,1,1,1.00,VIEIRA RIBEIRO,0,fuzzy:1.00 dates:1933-1933~1933-1933
Relator Nome Profissional,VIRGÍLIO FONSECA GUIMARÃES,1,1,1.00,VIRGÍLIO FONSECA GUIMARÃES,0,fuzzy:1.00 dates:2002-2002~2002-2002
Relator Nome Profissional,VITOR COELHO,1,1,0.92,VICTOR COELHO,0,fuzzy:0.92 dates:1981-1981~1981-1990
Relator Nome Profissional,VITOR ROCHA,1,1,0.92,VICTOR ROCHA,0,fuzzy:0.92 dates:1996-1996~1995-1996
Relator Nome Profissional,VÍRGILIO OLIVEIRA,1,1,1.00,VIRGÍLIO OLIVEIRA,0,fuzzy:1.00 dates:2003-2003~1985-2003
Relator Nome Profissional,ÉMERICO SOARES,1,1,1.00,EMÉRICO SOARES,0,fuzzy:1.00 dates:2001-2001~200-2003
Votação,Unanimidade,67193,1,1.00,Unanimidade,0,rule
Votação,MAIORIA COM 1 VOT VENC,1174,1,1.00,Maioria com votos vencidos,0,rule
Votação,MAIORIA COM * VOT VENC,492,1,1.00,Maioria com votos vencidos,0,rule
Votação,MAIORIA COM 1 DEC VOT E 1 VOT VENC,273,1,1.00,Maioria com votos vencidos e declarações de voto,0,rule
Votação,MAIORIA COM 2 VOT VENC,233,1,1.00,Maioria com votos vencidos,0,rule
Votação,MAIORIA COM * DEC VOT E * VOT VENC,116,1,1.00,Maioria com votos vencidos e declarações de voto,0,rule
Votação,MAIORIA COM 1 DEC VOT E 2 VOT VENC,62,1,1.00,Maioria com votos vencidos e declarações de voto,0,rule
Votação,MAIORIA COM 1 DEC VOT,49,1,1.00,Maioria com declarações de voto,0,rule
Votação,MAIORIA COM 2 VOTOS DE VENCIDO,33,1,1.00,Maioria com votos vencidos,0,rule
Votação,MAIORIA COM 2 DEC VOT E 2 VOT VENC,28,1,1.00,Maioria com votos vencidos e declarações de voto,0,rule
Votação,MAIORIA COM 3 VOT VENC,27,1,1.00,Maioria com votos vencidos,0,rule
Votação,MAIORIA COM 4 VOT VENC,21,1,1.00,Maioria com votos vencidos,0,rule
Votação,MAIORIA COM 5 VOT VENC,20,1,1.00,Maioria com votos vencidos,0,rule
Votação,MAIORIA COM 6 VOT VENC,16,1,1.00,Maioria com votos vencidos,0,rule
Votação,Decisão por unanimidade,14,1,1.00,Unanimidade,0,rule
Votação,MAIORIA COM 2 DEC VOT E 1 VOT VENC,12,1,1.00,Maioria com votos vencidos e declarações de voto,0,rule
Votação,MAIORIA COM 1 DEC VOT E 3 VOT VENC,11,1,1.00,Maioria com votos vencidos e declarações de voto,0,rule
Votação,MAIORIA COM 2 DEC VOT,10,1,1.00,Maioria com declarações de voto,0,rule
Votação,UNANIMIDADE,9,1,1.00,Unanimidade,0,rule
Votação,MAIORIA,8,1,1.00,Maioria simples,0,rule
Votação,MAIORIA COM 1 VOT VENC E 1 DEC VOT,6,1,1.00,Maioria com votos vencidos e declarações de voto,0,rule
Votação,MAIORIA COM UM VOT VENC,6,1,1.00,Maioria com votos vencidos,0,rule
Votação,MAIORIA COM 7 VOT VENC,5,1,1.00,Maioria com votos vencidos,0,rule
Votação,MAIORIA COM 9 VOT VENC,5,1,1.00,Maioria com votos vencidos,0,rule
Votação,MAIORIA COM VOTO DE VENCIDO E VOTO DE DESEMPATE,5,1,1.00,Desempate,1,rule
Votação,MAIORIA COM 1 DEC VOT 1 VOT VENC,4,1,1.00,Maioria com votos vencidos e declarações de voto,0,rule
Votação,MAIORIA COM 3 DEC VOT E 2 VOT VENC,4,1,1.00,Maioria com votos vencidos e declarações de voto,0,rule
Votação,MAIORIA COM 1 DEC VOT E 4 VOT VENC,3,1,1.00,Maioria com votos vencidos e declarações de voto,0,rule
Votação,MAIORIA COM 1 DEC VOT E 6 VOT VENC,3,1,1.00,Maioria com votos vencidos e declarações de voto,0,rule
Votação,MAIORIA COM 1 DEC VOT E 7 VOT VENC,3,1,1.00,Maioria com votos vencidos e declarações de voto,0,rule
Votação,MAIORIA COM 2 DEC VOT E 5 VOT VENC,3,1,1.00,Maioria com votos vencidos e declarações de voto,0,rule
Votação,MAIORIA COM 2 DEC VOT E 6 VOT VENC,3,1,1.00,Maioria com votos vencidos e declarações de voto,0,rule
Votação,MAIORIA COM 2 VOT VENC E 1 DEC VOT,3,1,1.00,Maioria com votos vencidos e declarações de voto,0,rule
Votação,Maioria com Voto Vencido,3,1,1.00,Maioria com votos vencidos,0,rule
Votação,Maioria com declaração de voto,3,1,1.00,Maioria com declarações de voto,0,rule
Votação,MAIORIA COM 1 VOT,2,1,1.00,Maioria simples,0,rule
Votação,MAIORIA COM 3 DEC VOT,2,1,1.00,Maioria com declarações de voto,0,rule
Votação,MAIORIA COM 3 DEC VOT E 1 VOT VENC,2,1,1.00,Maioria com votos vencidos e declarações de voto,0,rule
Votação,MAIORIA COM 3 DEC VOT E 5 VOT VENC,2,1,1.00,Maioria com votos vencidos e declarações de voto,0,rule
Votação,MAIORIA COM 3 DEC VOT E 8 VOT VENC,2,1,1.00,Maioria com votos vencidos e declarações de voto,0,rule
Votação,MAIORIA COM 3 VOT VENC E 1 DEC VOT,2,1,1.00,Maioria com votos vencidos e declarações de voto,0,rule
Votação,MAIORIA COM 3 VOTOS DE VENCIDO,2,1,1.00,Maioria com votos vencidos,0,rule
Votação,MAIORIA COM 4 DEC VOT E 6 VOT VENC,2,1,1.00,Maioria com votos vencidos e declarações de voto,0,rule
Votação,MAIORIA COM DEC VOT E VOT VENC,2,1,1.00,Maioria com votos vencidos e declarações de voto,0,rule
Votação,Maioria,2,1,1.00,Maioria simples,0,rule
Votação,Maioria com Declaração de Voto,2,1,1.00,Maioria com declarações de voto,0,rule
Votação,Maioria com Voto de Vencido,2,1,1.00,Maioria com votos vencidos,0,rule
Votação,Maioria com voto vencido,2,1,1.00,Maioria com votos vencidos,0,rule
Votação,MAIORIA 1 DEC VOT E 1 VOT VENC,1,1,1.00,Maioria com votos vencidos e declarações de voto,0,rule
Votação,MAIORIA COM  VOTO VENC. E VOTO DESEMPATE,1,1,1.00,Desempate,1,rule
Votação,MAIORIA COM * 2 VOT VENC,1,1,1.00,Maioria com votos vencidos,0,rule
Votação,MAIORIA COM * VOTOS DE VENCIDO,1,1,1.00,Maioria com votos vencidos,0,rule
Votação,MAIORIA COM 1  VOT VENC,1,1,1.00,Maioria com votos vencidos,0,rule
Votação,MAIORIA COM 1 DEC E 1 VOT VENC,1,1,1.00,Maioria com votos vencidos,0,rule
Votação,MAIORIA COM 1 DEC VOT 1 UM VOT VENC,1,1,1.00,Maioria com votos vencidos e declarações de voto,0,rule
Votação,MAIORIA COM 1 DEC VOT 2 VOT VENC,1,1,1.00,Maioria com votos vencidos e declarações de voto,0,rule
Votação,MAIORIA COM 1 DEC VOT E 10 VOT VENC,1,1,1.00,Maioria com votos vencidos e declarações de voto,0,rule
Votação,MAIORIA COM 1 DEC VOT E 5 VOT VENC,1,1,1.00,Maioria com votos vencidos e declarações de voto,0,rule
Votação,MAIORIA COM 1 DEC VOT E 8 VOT VENC,1,1,1.00,Maioria com votos vencidos e declarações de voto,0,rule
Votação,MAIORIA COM 1 DEC VOT E 9 VOT VENC,1,1,1.00,Maioria com votos vencidos e declarações de voto,0,rule
Votação,MAIORIA COM 1 DEC VOT.,1,1,1.00,Maioria com declarações de voto,0,rule
Votação,MAIORIA COM 1 VOT VEN,1,1,1.00,Maioria com votos vencidos,0,rule
Votação,MAIORIA COM 1 VOT VENC E 9 DEC VOT,1,1,1.00,Maioria com votos vencidos e declarações de voto,0,rule
Votação,MAIORIA COM 1 VOT VENC.,1,1,1.00,Maioria com votos vencidos,0,rule
Votação,MAIORIA COM 1 VOTO VENC,1,1,1.00,Maioria com votos vencidos,0,rule
Votação,MAIORIA COM 1 VOTO VENCIDO,1,1,1.00,Maioria com votos vencidos,0,rule
Votação,MAIORIA COM 10 DEC VOT E 11 VOT VEN,1,1,1.00,Maioria com votos vencidos e declarações de voto,0,rule
Votação,MAIORIA COM 10 VOT VENC,1,1,1.00,Maioria com votos vencidos,0,rule
Votação,MAIORIA COM 12 VOT VENC E 2 DEC VOT.,1,1,1.00,Maioria com votos vencidos e declarações de voto,0,rule
Votação,MAIORIA COM 14 VOT VENC,1,1,1.00,Maioria com votos vencidos,0,rule
Votação,MAIORIA COM 2 DEC VOT E 11 VOT VENC,1,1,1.00,Maioria com votos vencidos e declarações de voto,0,rule
Votação,MAIORIA COM 2 DEC VOT E 2 VENC VOT,1,1,1.00,Maioria com votos vencidos e declarações de voto,0,rule
Votação,MAIORIA COM 2 DEC VOT E 3 VOT VENC,1,1,1.00,Maioria com votos vencidos e declarações de voto,0,rule
Votação,MAIORIA COM 2 DEC VOT E 4 VOT VENC,1,1,1.00,Maioria com votos vencidos e declarações de voto,0,rule
Votação,MAIORIA COM 2 DEC VOT E 8 VOT VENC,1,1,1.00,Maioria com votos vencidos e declarações de voto,0,rule
Votação,MAIORIA COM 2 VOT VENC E 6 DEC VOT,1,1,1.00,Maioria com votos vencidos e declarações de voto,0,rule
Votação,MAIORIA COM 2 VOTOS DE VENCIDO E DECLARAÇÃO DE VOTO,1,1,1.00,Maioria com votos vencidos e declarações de voto,0,rule
Votação,MAIORIA COM 2 VOTOS VENC,1,1,1.00,Maioria com votos vencidos,0,rule
Votação,MAIORIA COM 3 DEC VOT E 4 VOT VENC,1,1,1.00,Maioria com votos vencidos e declarações de voto,0,rule
Votação,MAIORIA COM 4  VOT VENC,1,1,1.00,Maioria com votos vencidos,0,rule
Votação,MAIORIA COM 4 DEC VOT E 1 VOT VENC,1,1,1.00,Maioria com votos vencidos e declarações de voto,0,rule
Votação,MAIORIA COM 7 DEC VOT 4 VOT VENC,1,1,1.00,Maioria com votos vencidos e declarações de voto,0,rule
Votação,MAIORIA COM 7 DEC VOT E 16 VOT VENC,1,1,1.00,Maioria com votos vencidos e declarações de voto,0,rule
Votação,MAIORIA COM 8 VOT VENC,1,1,1.00,Maioria com votos vencidos,0,rule
Votação,MAIORIA COM 9 DEC VOT E 20 VOT VENC,1,1,1.00,Maioria com votos vencidos e declarações de voto,0,rule
Votação,MAIORIA COM DEC VOT E 1 VOT VENC,1,1,1.00,Maioria com votos vencidos e declarações de voto,0,rule
Votação,MAIORIA COM DOIS VOT VENC,1,1,1.00,Maioria com votos vencidos,0,rule
Votação,MAIORIA COM VOT VENC,1,1,1.00,Maioria com votos vencidos,0,rule
Votação,MAIORIA COM VOTO DE  VENCIDO E VOTO DE DESEMPATE,1,1,1.00,Desempate,1,rule
Votação,MAIORIA COM VOTO DE QUALIDADE DO PRESIDENTE,1,1,1.00,Desempate,1,rule
Votação,MAIORIA COM VOTO VENC E VOTO DESEMPATE,1,1,1.00,Desempate,1,rule
Votação,MAIORIA CON 1 VOT VENC,1,1,1.00,Maioria com votos vencidos,0,rule
Votação,MAIORIA POR 1 VOT VENC,1,1,1.00,Maioria com votos vencidos,0,rule
Votação,Maioria com declaração de voto e voto vencido,1,1,1.00,Maioria com votos vencidos e declarações de voto,0,rule
Votação,Maioria com voto de vencida da segunda Adjunta,1,1,1.00,Maioria com votos vencidos,0,rule
Votação,"Maioria, com Declaração de Voto do primeiro Adjunto",1,1,1.00,Maioria com declarações de voto,0,rule
Votação,"Maioria, com voto de vencido do primitivo Relator",1,1,1.00,Maioria com votos vencidos,0,rule
Votação,POR MAIORIA,1,1,1.00,Maioria simples,0,rule
Votação,UNANIMIDADE COM * DEC VOT,1,1,1.00,Unanimidade,1,rule
Votação,VOTO DE VENCIDO E VOTO DE DESEMPATE,1,1,1.00,Desempate,1,rule
Votação,VOTO VENCIDO COM VOTO DE DESEMPATE,1,1,1.00,Desempate,1,rule